type,category,subject,topic,input,output,difficulty,language,source,dataset_tag
qna,science,physics,electromagnetism,What is the Hall effect?,"The Hall effect is the appearance of a voltage across a current-carrying conductor when it is placed in a magnetic field perpendicular to the current. The magnetic force pushes moving charge carriers to one side, and the resulting Hall voltage is used in sensors to measure magnetic fields and to identify carrier type in semiconductors.",intermediate,en,facts_yaml,facts
qna,science,physics,kinematics,Why does a hammer fall faster than a feather on Earth but at the same rate on the Moon?,"On Earth, air resistance slows the light, broad feather much more than the hammer. The Moon has almost no atmosphere, so both objects experience only gravity and accelerate at the same rate regardless of their mass.",beginner,en,facts_yaml,facts
qna,science,physics,mechanics,What is terminal velocity?,"Terminal velocity is the constant speed reached by a falling object when the upward drag force from the air equals the downward force of gravity. At that point the net force is zero, so the object stops accelerating.",intermediate,en,facts_yaml,facts
qna,science,physics,fluids,What is Archimedes' principle?,Archimedes' principle states that an object immersed in a fluid experiences an upward buoyant force equal to the weight of the fluid it displaces. An object floats when it can displace a weight of fluid equal to its own weight.,beginner,en,facts_yaml,facts
qna,science,physics,fluids,What is Bernoulli's principle?,"Bernoulli's principle states that in a smoothly flowing fluid, an increase in speed is accompanied by a decrease in pressure. It follows from conservation of energy and helps explain effects such as lift on wings and the operation of carburetors and atomizers.",intermediate,en,facts_yaml,facts
qna,science,physics,fluids,What is Pascal's principle?,Pascal's principle states that a pressure change applied to an enclosed fluid is transmitted undiminished to every part of the fluid and the walls of its container. Hydraulic lifts and brakes use it to multiply force.,intermediate,en,facts_yaml,facts
qna,science,physics,fluids,What is viscosity?,"Viscosity is a fluid's resistance to flow, caused by internal friction between its layers. Honey has a high viscosity, while water has a low viscosity.",beginner,en,facts_yaml,facts
qna,science,physics,fluids,What causes surface tension in liquids?,"Surface tension arises because molecules at a liquid's surface are pulled inward by cohesive forces from neighboring molecules but have no molecules above them. This makes the surface behave like a stretched elastic film, allowing small insects to walk on water.",intermediate,en,facts_yaml,facts
qna,science,physics,mechanics,What does Hooke's law state?,"Hooke's law states that the force needed to stretch or compress a spring is proportional to the distance it is deformed, written F = kx, where k is the spring constant. It holds only up to the elastic limit of the material.",beginner,en,facts_yaml,facts
qna,science,physics,momentum,What is the difference between an elastic and an inelastic collision?,"In an elastic collision, both momentum and total kinetic energy are conserved. In an inelastic collision, momentum is conserved but some kinetic energy is converted into other forms such as heat, sound, or deformation.",intermediate,en,facts_yaml,facts
qna,science,physics,kinematics,Why can the horizontal and vertical motions of a projectile be treated separately?,"Gravity acts only vertically, so it changes the vertical velocity but not the horizontal velocity (ignoring air resistance). The two components are therefore independent, and the path they combine to produce is a parabola.",intermediate,en,facts_yaml,facts
qna,science,physics,gravitation,What does Kepler's third law state?,Kepler's third law states that the square of a planet's orbital period is proportional to the cube of the semi-major axis of its orbit. Planets farther from the Sun therefore take much longer to complete an orbit.,intermediate,en,facts_yaml,facts
qna,science,physics,gravitation,What is Newton's law of universal gravitation?,Newton's law of universal gravitation states that every two masses attract each other with a force proportional to the product of their masses and inversely proportional to the square of the distance between them: F = Gm1m2/r².,beginner,en,facts_yaml,facts
qna,science,physics,thermodynamics,What are the three main ways heat is transferred?,"Heat is transferred by conduction, convection, and radiation. Conduction passes energy through direct contact, convection carries it through the bulk movement of fluids, and radiation transmits it as electromagnetic waves that need no medium.",beginner,en,facts_yaml,facts
qna,science,physics,thermodynamics,Why does a metal object feel colder than a wooden object at the same room temperature?,"Metal is a much better thermal conductor than wood, so it draws heat away from your skin more quickly. Your skin senses this rate of heat loss, not the object's actual temperature.",beginner,en,facts_yaml,facts
qna,science,physics,thermodynamics,What does the first law of thermodynamics state?,The first law of thermodynamics states that energy cannot be created or destroyed: the change in a system's internal energy equals the heat added to it minus the work it does on its surroundings.,intermediate,en,facts_yaml,facts
qna,science,physics,thermodynamics,What does the second law of thermodynamics state?,"The second law of thermodynamics states that the total entropy of an isolated system never decreases over time. One consequence is that heat flows spontaneously from hotter bodies to colder ones, never the reverse without external work.",intermediate,en,facts_yaml,facts
qna,science,physics,thermodynamics,What does the zeroth law of thermodynamics state?,"The zeroth law states that if two systems are each in thermal equilibrium with a third system, they are in thermal equilibrium with each other. It provides the logical basis for measuring temperature with a thermometer.",intermediate,en,facts_yaml,facts
qna,science,physics,thermodynamics,Why can no heat engine be 100 percent efficient?,"A heat engine must reject some heat to a colder reservoir to operate, as required by the second law of thermodynamics. The maximum possible efficiency is the Carnot efficiency, 1 − Tc/Th, which is always less than 1 for any real cold-reservoir temperature above absolute zero.",advanced,en,facts_yaml,facts
qna,science,physics,thermodynamics,Why does water boil at a lower temperature at high altitude?,"Atmospheric pressure is lower at high altitude, and water boils when its vapor pressure equals the surrounding pressure. Less pressure means this point is reached at a lower temperature, so water on a high mountain boils below 100 °C.",beginner,en,facts_yaml,facts
qna,science,physics,thermodynamics,Why do bridges and railway tracks have expansion gaps?,Most materials expand when heated and contract when cooled. Expansion gaps give bridges and rails room to change length with temperature without buckling or cracking.,beginner,en,facts_yaml,facts
qna,science,physics,waves,What is a standing wave?,"A standing wave is a wave pattern that appears to stay in place, formed when two identical waves travel in opposite directions and interfere. It has fixed points of zero amplitude called nodes and points of maximum amplitude called antinodes, as seen on a vibrating guitar string.",intermediate,en,facts_yaml,facts
qna,science,physics,sound,Why do we see lightning before we hear thunder?,"Light travels at about 300,000 kilometers per second, while sound travels at only about 343 meters per second in air. The flash therefore reaches us almost instantly, while the thunder arrives later.",beginner,en,facts_yaml,facts
qna,science,physics,sound,Why does sound travel faster in solids than in air?,"Sound speed depends on how stiff a medium is relative to its density. Particles in solids are tightly bound, so vibrations are passed along much more quickly than in air, where molecules are far apart and weakly coupled.",intermediate,en,facts_yaml,facts
qna,science,physics,optics,What is the speed of light in a vacuum?,"The speed of light in a vacuum is exactly 299,792,458 meters per second, often rounded to 3.0 × 10⁸ m/s. It is the same for all observers and is the maximum speed at which information can travel.",beginner,en,facts_yaml,facts
qna,science,physics,optics,What is total internal reflection?,"Total internal reflection occurs when light traveling in a denser medium strikes the boundary with a less dense medium at an angle greater than the critical angle. Instead of refracting out, all the light is reflected back, which is the principle behind optical fibers.",intermediate,en,facts_yaml,facts
qna,science,physics,optics,Why is the sky blue?,"Sunlight is scattered by gas molecules in the atmosphere, and shorter wavelengths such as blue are scattered much more strongly than longer red wavelengths. This process, called Rayleigh scattering, sends blue light across the whole sky.",beginner,en,facts_yaml,facts
qna,science,physics,optics,How does a prism split white light into colors?,"White light contains many wavelengths, and glass refracts each wavelength by a slightly different amount, bending violet the most and red the least. This spreading of light by wavelength is called dispersion.",beginner,en,facts_yaml,facts
qna,science,physics,optics,What is the focal length of a lens?,"The focal length is the distance from the center of a lens to its focal point, where parallel rays of light converge or appear to diverge from. A shorter focal length means a more strongly curved, more powerful lens.",beginner,en,facts_yaml,facts
qna,science,physics,optics,What is the difference between a converging lens and a diverging lens?,A converging (convex) lens is thicker in the middle and bends parallel light rays toward a focal point. A diverging (concave) lens is thinner in the middle and spreads parallel rays apart as if they came from a point behind the lens.,beginner,en,facts_yaml,facts
qna,science,physics,optics,What does Snell's law describe?,"Snell's law describes how light bends at the boundary between two media: n1 sin θ1 = n2 sin θ2, where n is the refractive index and θ is the angle from the normal. It allows the angle of a refracted ray to be calculated.",intermediate,en,facts_yaml,facts
qna,science,physics,electricity,What does Coulomb's law describe?,Coulomb's law describes the electrostatic force between two charges: it is proportional to the product of the charges and inversely proportional to the square of the distance between them. Like charges repel and opposite charges attract.,beginner,en,facts_yaml,facts
qna,science,physics,electricity,What is an electric dipole?,"An electric dipole is a pair of equal and opposite charges separated by a small distance. Many molecules, such as water, behave as dipoles because their electrons are unevenly distributed.",intermediate,en,facts_yaml,facts
qna,science,physics,electricity,Why can birds sit on a high-voltage power line without being electrocuted?,"Current flows only when there is a potential difference across a path. Both of the bird's feet are on the same wire at essentially the same voltage, so almost no current passes through its body.",beginner,en,facts_yaml,facts
qna,science,physics,circuits,Why are household appliances connected in parallel rather than in series?,"In a parallel circuit, each appliance receives the full supply voltage and can be switched on or off independently. In a series circuit, the voltage would be shared and one appliance failing or switching off would break the circuit for all of them.",beginner,en,facts_yaml,facts
qna,science,physics,circuits,What happens to the total resistance when more resistors are added in parallel?,"The total resistance decreases, because each new branch provides an additional path for current. The equivalent resistance of parallel resistors is always smaller than the smallest individual resistance.",intermediate,en,facts_yaml,facts
qna,science,physics,electricity,What is Joule heating?,"Joule heating is the production of heat when electric current flows through a resistor. The power converted to heat equals I²R, which is how toasters, electric heaters, and incandescent bulbs work.",intermediate,en,facts_yaml,facts
qna,science,physics,electricity,What is superconductivity?,"Superconductivity is a state in which certain materials, when cooled below a critical temperature, conduct electricity with zero electrical resistance. Superconductors also expel magnetic fields, and they are used in MRI magnets and particle accelerators.",advanced,en,facts_yaml,facts
qna,science,physics,electricity,Why does the resistance of a metal increase with temperature?,"As a metal heats up, its atoms vibrate more strongly. These vibrations scatter the moving electrons more often, obstructing their flow and increasing resistance.",intermediate,en,facts_yaml,facts
qna,science,physics,magnetism,How does an electromagnet work?,"An electromagnet is made by passing electric current through a coil of wire, usually wound around an iron core. The current creates a magnetic field that the core concentrates, and the magnetism can be switched off by stopping the current.",intermediate,en,facts_yaml,facts
qna,science,physics,magnetism,What is the right-hand rule in electromagnetism?,"The right-hand rule is a way to find directions in electromagnetism. For a current-carrying wire, if the right thumb points along the current, the curled fingers show the direction of the magnetic field circling the wire.",intermediate,en,facts_yaml,facts
qna,science,physics,magnetism,What is ferromagnetism?,"Ferromagnetism is the property of materials such as iron, nickel, and cobalt that allows them to become strongly magnetized. Their atomic magnetic moments align in regions called domains, and these can line up to produce a strong overall magnetic field.",intermediate,en,facts_yaml,facts
qna,science,physics,magnetism,What is the Curie temperature?,The Curie temperature is the temperature above which a ferromagnetic material loses its permanent magnetism. Thermal agitation becomes strong enough to destroy the alignment of its magnetic domains.,advanced,en,facts_yaml,facts
qna,science,physics,magnetism,Why does a compass needle point north?,A compass needle is a small magnet that aligns with Earth's magnetic field. Its north-seeking pole is attracted toward Earth's magnetic pole located near the geographic North Pole.,beginner,en,facts_yaml,facts
qna,science,physics,electromagnetism,What principle makes an electric motor turn?,"An electric motor works because a current-carrying conductor in a magnetic field experiences a force. In a motor, this force acts on a coil in opposite directions on its two sides, producing a torque that makes it rotate.",intermediate,en,facts_yaml,facts
qna,science,physics,electromagnetism,How does an electric generator produce electricity?,"A generator rotates a coil within a magnetic field, or a magnet within a coil. The changing magnetic flux through the coil induces a voltage, converting mechanical energy into electrical energy.",intermediate,en,facts_yaml,facts
qna,science,physics,electromagnetism,What is the order of the electromagnetic spectrum from longest to shortest wavelength?,"From longest to shortest wavelength, the electromagnetic spectrum is radio waves, microwaves, infrared, visible light, ultraviolet, X-rays, and gamma rays. Shorter wavelengths carry more energy per photon.",beginner,en,facts_yaml,facts
qna,science,physics,electromagnetism,Why do X-rays pass through soft tissue but not through bone?,"Bone contains heavier elements such as calcium, which absorb X-rays much more strongly than the lighter elements in soft tissue. This difference in absorption creates the contrast seen in an X-ray image.",beginner,en,facts_yaml,facts
qna,science,physics,quantum_physics,What is the photoelectric effect?,"The photoelectric effect is the emission of electrons from a material when light shines on it. Electrons are released only if the light's frequency is above a threshold, which Einstein explained by treating light as particles called photons.",intermediate,en,facts_yaml,facts
qna,science,physics,quantum_physics,What is wave-particle duality?,"Wave-particle duality is the idea that light and matter show both wave-like and particle-like properties. Electrons, for example, can produce interference patterns like waves but are detected as individual particles.",intermediate,en,facts_yaml,facts
qna,science,physics,quantum_physics,What is the de Broglie wavelength?,"The de Broglie wavelength is the wavelength associated with a moving particle, given by λ = h/p, where h is Planck's constant and p is momentum. It is significant only for very small particles such as electrons.",advanced,en,facts_yaml,facts
qna,science,physics,quantum_physics,What does Heisenberg's uncertainty principle state?,"Heisenberg's uncertainty principle states that certain pairs of properties, such as position and momentum, cannot both be known with unlimited precision at the same time. The more precisely one is measured, the less precisely the other can be known.",advanced,en,facts_yaml,facts
qna,science,physics,quantum_physics,What is quantum tunneling?,"Quantum tunneling is the phenomenon in which a particle passes through an energy barrier that it could not cross according to classical physics. It occurs because a particle's wavefunction extends into and beyond the barrier, and it is essential to nuclear fusion in stars and to some electronic devices.",advanced,en,facts_yaml,facts
qna,science,physics,quantum_physics,What does the Pauli exclusion principle state?,The Pauli exclusion principle states that no two electrons (or other fermions) in the same system can occupy the same quantum state. It explains why electrons fill successive shells in atoms and underlies the structure of the periodic table.,advanced,en,facts_yaml,facts
qna,science,physics,atomic_physics,What is the Bohr model of the atom?,"The Bohr model describes electrons moving in fixed circular orbits, or energy levels, around the nucleus. Electrons absorb or emit light only when they jump between these levels, which explained the spectral lines of hydrogen.",intermediate,en,facts_yaml,facts
qna,science,physics,atomic_physics,Why does each element produce its own unique emission spectrum?,"Each element has a unique set of electron energy levels. When excited electrons fall to lower levels, they emit photons with energies equal to the level differences, producing a characteristic pattern of wavelengths.",intermediate,en,facts_yaml,facts
qna,science,physics,atomic_physics,How does a laser produce its light?,"A laser produces light by stimulated emission, in which an incoming photon causes an excited atom to emit an identical photon. Mirrors amplify this process, creating an intense beam of light that is coherent, has a single wavelength, and is highly directional.",intermediate,en,facts_yaml,facts
qna,science,physics,nuclear_physics,What is the half-life of a radioactive substance?,The half-life is the time it takes for half of the radioactive nuclei in a sample to decay. It is constant for a given isotope and ranges from fractions of a second to billions of years.,beginner,en,facts_yaml,facts
qna,science,physics,nuclear_physics,"What is the difference between alpha, beta, and gamma radiation?",Alpha particles are helium nuclei that are stopped by paper; beta particles are fast electrons or positrons that are stopped by thin aluminum; gamma rays are high-energy electromagnetic waves that need thick lead or concrete to reduce them.,intermediate,en,facts_yaml,facts
qna,science,physics,nuclear_physics,What is nuclear fission?,"Nuclear fission is the splitting of a heavy nucleus, such as uranium-235, into smaller nuclei, releasing a large amount of energy and several neutrons. These neutrons can trigger further fissions in a chain reaction, which is used in nuclear power plants.",beginner,en,facts_yaml,facts
qna,science,physics,nuclear_physics,What is nuclear fusion?,"Nuclear fusion is the joining of light nuclei, such as hydrogen isotopes, to form a heavier nucleus, releasing energy. Fusion powers the Sun and other stars but requires extremely high temperatures and pressures.",beginner,en,facts_yaml,facts
qna,science,physics,relativity,What does the equation E = mc² mean?,"E = mc² expresses mass-energy equivalence: a mass m corresponds to an energy equal to m multiplied by the speed of light squared. Because c² is so large, a small amount of mass converts into an enormous amount of energy, as in nuclear reactions.",intermediate,en,facts_yaml,facts
qna,science,physics,relativity,What is time dilation?,"Time dilation is the effect in relativity where time passes more slowly for a clock that is moving fast relative to an observer, or that is deeper in a gravitational field. GPS satellites must correct for it to give accurate positions.",advanced,en,facts_yaml,facts
qna,science,physics,relativity,What is length contraction in special relativity?,"Length contraction is the shortening of an object along its direction of motion, as measured by an observer relative to whom it moves at a speed close to the speed of light. At everyday speeds, the effect is far too small to notice.",advanced,en,facts_yaml,facts
qna,science,physics,relativity,Why can no object with mass reach the speed of light?,"According to special relativity, the energy required to accelerate a massive object grows without limit as its speed approaches the speed of light. Reaching it would require infinite energy, so only massless particles such as photons travel at light speed.",advanced,en,facts_yaml,facts
qna,science,physics,nuclear_physics,What is nuclear binding energy?,"Nuclear binding energy is the energy needed to separate a nucleus into its individual protons and neutrons. It corresponds to the mass defect, the fact that a nucleus weighs slightly less than its separate nucleons.",advanced,en,facts_yaml,facts
qna,science,physics,nuclear_physics,What is a neutrino?,"A neutrino is an electrically neutral, extremely light elementary particle that interacts only through the weak force and gravity. Trillions pass through your body every second, mostly from the Sun, without interacting.",advanced,en,facts_yaml,facts
qna,science,physics,nuclear_physics,What is the Standard Model of particle physics?,"The Standard Model is the theory describing the known elementary particles, namely quarks, leptons, gauge bosons, and the Higgs boson, and three of the four fundamental forces: electromagnetic, weak, and strong. It does not include gravity.",advanced,en,facts_yaml,facts
qna,science,physics,nuclear_physics,What is a quark?,"A quark is an elementary particle that combines with other quarks to form protons, neutrons, and other hadrons. There are six types, called flavors, and a proton, for example, contains two up quarks and one down quark.",intermediate,en,facts_yaml,facts
qna,science,physics,nuclear_physics,What are the four fundamental forces of nature?,"The four fundamental forces are gravity, electromagnetism, the strong nuclear force, and the weak nuclear force. All physical interactions between particles can be traced to one of these forces.",beginner,en,facts_yaml,facts
qna,science,physics,nuclear_physics,What does the strong nuclear force do?,"The strong nuclear force holds quarks together inside protons and neutrons and binds protons and neutrons together in the nucleus. It is the strongest fundamental force but acts only over very short distances, about the size of a nucleus.",intermediate,en,facts_yaml,facts
qna,science,physics,nuclear_physics,What role does the weak nuclear force play?,"The weak nuclear force is responsible for certain kinds of radioactive decay, such as beta decay, in which a neutron changes into a proton. It also plays a key role in the fusion reactions that power the Sun.",advanced,en,facts_yaml,facts
qna,science,physics,nuclear_physics,What is antimatter?,"Antimatter consists of particles with the same mass as ordinary particles but opposite charge and other quantum properties, such as the positron (anti-electron). When a particle meets its antiparticle, they annihilate and convert their mass into energy.",intermediate,en,facts_yaml,facts
qna,science,physics,kinematics,What is free fall?,"Free fall is motion in which gravity is the only force acting on an object. Near Earth's surface, all objects in free fall accelerate downward at about 9.8 m/s², regardless of their mass.",beginner,en,facts_yaml,facts
qna,science,physics,gravitation,What is the value of the acceleration due to gravity at Earth's surface?,"The acceleration due to gravity at Earth's surface is about 9.8 meters per second squared, usually written g. It varies slightly with latitude and altitude.",beginner,en,facts_yaml,facts
qna,science,physics,units,What is a newton?,The newton is the SI unit of force. One newton is the force needed to give a 1-kilogram mass an acceleration of 1 meter per second squared.,beginner,en,facts_yaml,facts
qna,science,physics,units,What is a joule?,The joule is the SI unit of energy and work. One joule is the work done when a force of one newton moves an object one meter in the direction of the force.,beginner,en,facts_yaml,facts
qna,science,physics,units,What is a watt?,"The watt is the SI unit of power, equal to one joule of energy transferred per second. A 100-watt bulb uses 100 joules of electrical energy every second.",beginner,en,facts_yaml,facts
qna,science,physics,units,What are the seven SI base units?,"The seven SI base units are the meter (length), kilogram (mass), second (time), ampere (electric current), kelvin (temperature), mole (amount of substance), and candela (luminous intensity). All other SI units are derived from them.",intermediate,en,facts_yaml,facts
qna,science,physics,measurements,What is dimensional analysis?,"Dimensional analysis checks equations and converts units by tracking the physical dimensions, such as length, mass, and time, of each quantity. A valid physical equation must have the same dimensions on both sides.",intermediate,en,facts_yaml,facts
qna,science,physics,mechanics,What is the coefficient of friction?,The coefficient of friction is a number that describes how strongly two surfaces resist sliding against each other. It is the ratio of the friction force to the normal force pressing the surfaces together.,intermediate,en,facts_yaml,facts
qna,science,physics,mechanics,Why is it harder to start pushing a heavy box than to keep it moving?,"Static friction, which resists the start of motion, is usually greater than kinetic friction, which acts once the surfaces are sliding. More force is therefore needed to overcome the initial grip than to maintain motion.",intermediate,en,facts_yaml,facts
qna,science,physics,rotational_motion,Why does a spinning ice skater speed up when pulling in their arms?,"Angular momentum is conserved when no external torque acts. Pulling the arms in reduces the skater's moment of inertia, so the rotation rate must increase to keep the angular momentum constant.",intermediate,en,facts_yaml,facts
qna,science,physics,mechanics,What is mechanical advantage?,"Mechanical advantage is the ratio of the output force produced by a machine to the input force applied to it. A lever or pulley with a mechanical advantage of 4 lets you lift a load four times heavier than the force you exert, at the cost of moving a greater distance.",beginner,en,facts_yaml,facts
qna,science,physics,mechanics,What are the three classes of levers?,"In a first-class lever, the fulcrum is between the effort and the load, as in a seesaw. In a second-class lever, the load is between the fulcrum and the effort, as in a wheelbarrow. In a third-class lever, the effort is between the fulcrum and the load, as in tweezers.",intermediate,en,facts_yaml,facts
qna,science,physics,mechanics,How does a system of pulleys make lifting easier?,"A system of pulleys divides the load among several rope segments, so the pulling force needed is reduced roughly in proportion to the number of supporting segments. The trade-off is that the rope must be pulled through a correspondingly longer distance.",intermediate,en,facts_yaml,facts
qna,science,physics,mechanics,How does an inclined plane make it easier to raise a load?,"An inclined plane lets a load be raised gradually over a longer distance, so a smaller force is needed than lifting it straight up. The total work done is about the same, apart from losses to friction.",beginner,en,facts_yaml,facts
qna,science,physics,mechanics,What is the efficiency of a machine?,"Efficiency is the ratio of useful output energy to total input energy, usually expressed as a percentage. No real machine is 100% efficient because some energy is always lost, mostly as heat from friction.",beginner,en,facts_yaml,facts
qna,science,physics,mechanics,What determines the period of a simple pendulum?,"For small swings, the period of a simple pendulum depends only on its length and the acceleration due to gravity: T = 2π√(L/g). It does not depend on the mass of the bob or, to a good approximation, on the size of the swing.",intermediate,en,facts_yaml,facts
qna,science,physics,sound,What is ultrasound?,"Ultrasound is sound with frequencies above about 20,000 hertz, beyond the range of human hearing. It is used in medical imaging, cleaning, and sonar because its short wavelengths reflect from small structures.",beginner,en,facts_yaml,facts
qna,science,physics,sound,What is infrasound?,"Infrasound is sound with frequencies below about 20 hertz, too low for humans to hear. It is produced by earthquakes, volcanoes, and large animals such as elephants, and can travel very long distances.",intermediate,en,facts_yaml,facts
qna,science,physics,sound,What causes a sonic boom?,"A sonic boom is produced when an object travels faster than the speed of sound. The pressure waves it creates cannot move ahead of it, so they pile up into a shock wave that is heard as a loud boom when it passes an observer.",intermediate,en,facts_yaml,facts
qna,science,physics,sound,What is a Mach number?,"A Mach number is the ratio of an object's speed to the local speed of sound. Mach 1 is the speed of sound, and speeds above Mach 1 are supersonic.",intermediate,en,facts_yaml,facts
qna,science,physics,sound,How fast does sound travel in air at room temperature?,Sound travels at about 343 meters per second in dry air at 20 °C. Its speed increases with air temperature.,beginner,en,facts_yaml,facts
qna,science,physics,sound,What is the difference between an echo and reverberation?,"An echo is a distinct reflected sound heard separately from the original, which requires the reflecting surface to be far enough away. Reverberation is the blending of many close reflections that makes a sound persist and fade gradually, as in a large hall.",intermediate,en,facts_yaml,facts
qna,science,physics,waves,What is the inverse-square law?,The inverse-square law states that the intensity of radiation or the strength of a field spreading from a point source is inversely proportional to the square of the distance from the source. Doubling the distance reduces the intensity to one quarter.,intermediate,en,facts_yaml,facts
qna,science,physics,thermodynamics,What is black-body radiation?,"Black-body radiation is the electromagnetic radiation emitted by an idealized object that absorbs all incoming radiation. Its spectrum depends only on temperature, and explaining it led Max Planck to propose that energy is quantized.",advanced,en,facts_yaml,facts
qna,science,physics,thermodynamics,What does Wien's displacement law state?,"Wien's displacement law states that the peak wavelength of black-body radiation is inversely proportional to temperature. Hotter objects emit most strongly at shorter wavelengths, which is why a heated metal glows red and then white as it gets hotter.",advanced,en,facts_yaml,facts
qna,science,physics,thermodynamics,What does the Stefan-Boltzmann law state?,The Stefan-Boltzmann law states that the total power radiated per unit area of a black body is proportional to the fourth power of its absolute temperature. Doubling the temperature increases the radiated power sixteen times.,advanced,en,facts_yaml,facts
qna,science,physics,optics,Why does a red apple look red?,"The apple's surface absorbs most wavelengths of visible light and reflects mainly red wavelengths. Our eyes detect the reflected light, so we perceive the apple as red.",beginner,en,facts_yaml,facts
qna,science,physics,optics,"Why does combining red, green, and blue light produce white light?","Human eyes have three types of color-sensing cones that respond most strongly to red, green, and blue wavelengths. When all three are stimulated in balanced amounts, the brain perceives white; this additive mixing is how screens create colors.",intermediate,en,facts_yaml,facts
qna,science,physics,matter,What is plasma as a state of matter?,"Plasma is a state of matter in which a gas is so energized that many atoms lose electrons, producing a mixture of free electrons and ions. It conducts electricity and is found in stars, lightning, and neon signs.",beginner,en,facts_yaml,facts
qna,science,physics,matter,What is a Bose-Einstein condensate?,A Bose-Einstein condensate is a state of matter formed when certain atoms are cooled to within a tiny fraction of a degree above absolute zero. The atoms fall into the same lowest quantum state and behave as a single quantum entity.,advanced,en,facts_yaml,facts
qna,science,physics,kinetic_theory,What is Brownian motion?,"Brownian motion is the random, jittery movement of small particles suspended in a fluid. It is caused by uneven collisions with the fluid's fast-moving molecules and provided early evidence that atoms and molecules exist.",intermediate,en,facts_yaml,facts
qna,science,physics,kinetic_theory,What causes gas pressure according to kinetic theory?,"Gas pressure results from countless gas molecules colliding with the walls of their container. Each collision exerts a tiny force, and the combined effect per unit area is the pressure.",intermediate,en,facts_yaml,facts
qna,science,physics,kinetic_theory,What does Boyle's law state?,"Boyle's law states that, at constant temperature, the pressure of a fixed amount of gas is inversely proportional to its volume. Halving the volume doubles the pressure.",beginner,en,facts_yaml,facts
qna,science,physics,kinetic_theory,What does Charles's law state?,"Charles's law states that, at constant pressure, the volume of a fixed amount of gas is directly proportional to its absolute temperature. A gas expands when heated and contracts when cooled.",beginner,en,facts_yaml,facts
qna,science,physics,thermodynamics,Why does a pressure cooker cook food faster?,"A pressure cooker traps steam, raising the pressure inside. Higher pressure raises the boiling point of water to around 120 °C, so food is cooked at a higher temperature and therefore faster.",beginner,en,facts_yaml,facts
qna,science,physics,thermodynamics,Why does sweating cool the body?,"When sweat evaporates, the fastest-moving water molecules escape as vapor, carrying away heat energy from the skin. The energy needed for evaporation, the latent heat, is drawn from the body, which lowers skin temperature.",beginner,en,facts_yaml,facts
qna,science,physics,thermodynamics,What is the triple point of a substance?,"The triple point is the unique combination of temperature and pressure at which a substance's solid, liquid, and gas phases coexist in equilibrium. For water, it occurs at 0.01 °C and about 611 pascals.",advanced,en,facts_yaml,facts
qna,science,physics,thermodynamics,How does a vacuum flask keep drinks hot or cold?,"A vacuum flask has a double wall with a vacuum between the layers, which blocks heat transfer by conduction and convection. Silvered surfaces reflect radiation, and a stopper reduces heat loss through the top.",beginner,en,facts_yaml,facts
qna,science,physics,thermodynamics,Why do dark-colored clothes feel warmer in sunlight than light-colored clothes?,"Dark surfaces absorb most of the visible light that falls on them and convert it to heat, while light-colored surfaces reflect more of it. Dark clothing therefore warms up more in the sun.",beginner,en,facts_yaml,facts
qna,science,physics,electricity,Why does a Faraday cage block external electric fields?,"A Faraday cage is a conducting enclosure. External electric fields cause charges in the conductor to redistribute so that their fields cancel the external field inside, protecting the interior. This is why a car's metal body offers some protection from lightning.",intermediate,en,facts_yaml,facts
qna,science,physics,electricity,What is the Meissner effect?,The Meissner effect is the expulsion of a magnetic field from a material when it becomes superconducting. It allows a magnet to levitate above a superconductor.,advanced,en,facts_yaml,facts
qna,science,physics,electromagnetism,How can electromagnetic waves travel through a vacuum?,"Electromagnetic waves consist of oscillating electric and magnetic fields that regenerate each other as they propagate. Because the fields themselves carry the wave, no material medium is needed.",intermediate,en,facts_yaml,facts
qna,science,physics,optics,What did Young's double-slit experiment demonstrate?,Thomas Young's double-slit experiment showed that light passing through two narrow slits forms a pattern of bright and dark bands on a screen. This interference pattern demonstrated that light behaves as a wave.,intermediate,en,facts_yaml,facts
qna,science,physics,nuclear_physics,What does a Geiger counter detect?,"A Geiger counter detects ionizing radiation such as alpha particles, beta particles, and gamma rays. Radiation ionizes the gas inside its tube, producing a pulse of current that is counted, often as an audible click.",intermediate,en,facts_yaml,facts
qna,science,physics,nuclear_physics,What is critical mass in nuclear physics?,"Critical mass is the minimum amount of fissile material needed to sustain a nuclear chain reaction. Below it, too many neutrons escape without causing further fissions.",advanced,en,facts_yaml,facts
qna,science,physics,nuclear_physics,What is the role of a moderator in a nuclear reactor?,"A moderator, such as water or graphite, slows down the fast neutrons released by fission. Slow neutrons are much more likely to cause further fission in uranium-235, keeping the chain reaction going.",advanced,en,facts_yaml,facts
qna,science,physics,mechanics,What is the center of mass of an object?,"The center of mass is the point where the entire mass of an object can be considered to be concentrated for describing its motion. For a uniform symmetric object, it is at the geometric center.",beginner,en,facts_yaml,facts
qna,science,physics,mechanics,Why is an object with a lower center of gravity more stable?,"An object topples when its center of gravity moves outside its base of support. A low center of gravity must be tilted through a larger angle before this happens, so the object is harder to tip over.",beginner,en,facts_yaml,facts
qna,science,physics,energy,What is the work-energy theorem?,"The work-energy theorem states that the net work done on an object equals the change in its kinetic energy. If positive net work is done, the object speeds up; if negative, it slows down.",intermediate,en,facts_yaml,facts
qna,science,physics,momentum,What is the law of conservation of momentum?,The law of conservation of momentum states that the total momentum of a system remains constant if no external force acts on it. It explains why a gun recoils backward when a bullet is fired forward.,beginner,en,facts_yaml,facts
qna,science,physics,gravitation,What is the gravitational constant G?,"The gravitational constant G is the proportionality constant in Newton's law of gravitation, approximately 6.674 × 10⁻¹¹ N·m²/kg². Its small value shows that gravity is extremely weak between everyday objects.",intermediate,en,facts_yaml,facts
qna,science,physics,waves,"How are wave speed, frequency, and wavelength related?","Wave speed equals frequency multiplied by wavelength (v = fλ). For waves traveling at a fixed speed, a higher frequency means a shorter wavelength.",beginner,en,facts_yaml,facts
qna,science,physics,optics,What is the refractive index of a material?,The refractive index is the ratio of the speed of light in a vacuum to its speed in the material. Water has a refractive index of about 1.33 and diamond about 2.42; higher values mean light is slowed and bent more.,intermediate,en,facts_yaml,facts
qna,science,physics,optics,What is the difference between a real image and a virtual image?,"A real image forms where light rays actually converge and can be projected onto a screen, as in a camera. A virtual image forms where rays only appear to come from, such as the image behind a plane mirror, and cannot be projected.",intermediate,en,facts_yaml,facts
qna,science,physics,waves,What is the Compton effect?,The Compton effect is the increase in wavelength of X-rays or gamma rays when they scatter off electrons. It showed that photons carry momentum like particles.,advanced,en,facts_yaml,facts
qna,science,physics,matter,What is the difference between an intensive and an extensive property?,"An intensive property, such as temperature or density, does not depend on the amount of material. An extensive property, such as mass or volume, scales with the amount of material present.",beginner,en,facts_yaml,facts
qna,science,physics,electromagnetism,What are Maxwell's equations?,"Maxwell's equations are four equations that describe how electric and magnetic fields are generated by charges and currents and how they change over time. They unify electricity, magnetism, and light, and predict electromagnetic waves traveling at the speed of light.",advanced,en,facts_yaml,facts
qna,science,physics,electricity,What is electric potential energy?,Electric potential energy is the energy a charge has because of its position in an electric field. It is analogous to gravitational potential energy and changes when a charge moves against or with the field.,intermediate,en,facts_yaml,facts
qna,science,physics,mechanics,What is the normal force?,"The normal force is the support force a surface exerts on an object in contact with it, acting perpendicular to the surface. On a flat surface with no other vertical forces, it balances the object's weight.",intermediate,en,facts_yaml,facts
qna,science,physics,mechanics,What is tension in physics?,"Tension is the pulling force transmitted through a rope, cable, or string when it is pulled tight from opposite ends. It acts along the length of the rope and pulls equally on the objects at each end.",intermediate,en,facts_yaml,facts
qna,science,physics,kinematics,What does the slope of a velocity-time graph represent?,The slope of a velocity-time graph represents acceleration. The area under the graph represents the displacement over that time interval.,intermediate,en,facts_yaml,facts
qna,science,physics,kinematics,What does the slope of a distance-time graph represent?,"The slope of a distance-time graph represents speed. A steeper line means a faster speed, and a horizontal line means the object is at rest.",beginner,en,facts_yaml,facts
qna,science,physics,rotational_motion,Why does a spinning gyroscope resist changes to its orientation?,"A spinning gyroscope has a large angular momentum along its spin axis. Changing the direction of this angular momentum requires a torque, and an applied torque causes the axis to precess slowly rather than tip over.",advanced,en,facts_yaml,facts
qna,science,physics,fluids,What is the difference between laminar flow and turbulent flow?,"In laminar flow, a fluid moves in smooth parallel layers with little mixing. In turbulent flow, the motion is chaotic with swirling eddies; flow becomes turbulent at high speeds or low viscosity.",intermediate,en,facts_yaml,facts
qna,science,physics,fluids,Why do airplane wings generate lift?,"A wing is shaped and angled so that it deflects air downward and makes air flow faster over its upper surface, creating lower pressure above the wing than below it. The resulting pressure difference and downward deflection of air produce an upward lift force.",intermediate,en,facts_yaml,facts
qna,science,physics,thermodynamics,What is a heat engine?,"A heat engine is a device that converts heat into mechanical work by taking energy from a hot source, doing work, and rejecting leftover heat to a cold sink. Car engines and steam turbines are examples.",intermediate,en,facts_yaml,facts
qna,science,physics,thermodynamics,What is adiabatic expansion?,"Adiabatic expansion is expansion of a gas without any heat exchange with its surroundings. The gas does work as it expands, so its internal energy and temperature fall, which is why rising air cools.",intermediate,en,facts_yaml,facts
qna,science,physics,electricity,What is an electric circuit?,"An electric circuit is a closed path through which electric current can flow. It typically includes a power source, conductors, and components such as resistors, lamps, or switches.",beginner,en,facts_yaml,facts
qna,science,physics,electricity,What is the difference between a conductor and an insulator?,"A conductor, such as copper, has many free charge carriers, so it allows electric current to flow easily. An insulator, such as rubber or glass, has very few free charges and strongly resists current flow.",beginner,en,facts_yaml,facts
qna,science,physics,electricity,What is static electricity?,"Static electricity is an imbalance of electric charge on the surface of an object, often produced by rubbing two materials together so electrons transfer from one to the other. It is discharged as a spark when the charge finds a path to flow.",intermediate,en,facts_yaml,facts
qna,science,physics,optics,How does a convex mirror differ from a concave mirror?,"A concave mirror curves inward and can focus light to form real, magnified, or reduced images, as in shaving mirrors and telescopes. A convex mirror curves outward, always forms smaller upright virtual images, and gives a wide field of view, as in vehicle side mirrors.",intermediate,en,facts_yaml,facts
qna,science,physics,optics,What is a lux?,"The lux is the SI unit of illuminance, measuring how much visible light falls on a surface. One lux equals one lumen per square meter.",beginner,en,facts_yaml,facts
qna,science,physics,atomic_physics,What is ionization energy in physics terms?,Ionization energy is the minimum energy needed to remove an electron from an atom or ion in its ground state. It is often measured in electronvolts.,intermediate,en,facts_yaml,facts
qna,science,physics,quantum_physics,What is quantum entanglement?,"Quantum entanglement is a phenomenon in which two or more particles share a single quantum state, so measuring one immediately determines the correlated property of the other, no matter how far apart they are. It cannot be used to send information faster than light.",advanced,en,facts_yaml,facts
qna,science,physics,quantum_physics,What is Schrödinger's cat thought experiment meant to illustrate?,"Schrödinger's cat illustrates the apparent absurdity of applying quantum superposition to everyday objects. In the thought experiment, a cat in a sealed box linked to a random quantum event would seem to be both alive and dead until observed.",advanced,en,facts_yaml,facts
qna,science,physics,quantum_physics,What is quantum superposition?,"Quantum superposition is the principle that a quantum system can exist in a combination of several possible states at once until it is measured. Measurement yields one definite outcome, with probabilities given by the system's wavefunction.",advanced,en,facts_yaml,facts
qna,science,physics,relativity,What is the principle of equivalence in general relativity?,"The equivalence principle states that the effects of gravity are locally indistinguishable from the effects of acceleration. A person in a closed, accelerating elevator could not tell whether they were feeling acceleration or gravity.",advanced,en,facts_yaml,facts
qna,science,physics,astrophysics,What is gravitational lensing?,"Gravitational lensing is the bending of light from a distant source by the gravity of a massive object, such as a galaxy cluster, lying between the source and the observer. It can magnify, distort, or duplicate images of the background object.",advanced,en,facts_yaml,facts
qna,science,physics,astrophysics,What are gravitational waves?,"Gravitational waves are ripples in spacetime produced by accelerating massive objects, such as merging black holes or neutron stars. They were predicted by Einstein and first directly detected by the LIGO observatories in 2015.",advanced,en,facts_yaml,facts
qna,science,physics,measurements,What is the difference between accuracy and precision in measurement?,Accuracy describes how close a measurement is to the true value. Precision describes how close repeated measurements are to each other; measurements can be precise but not accurate if there is a systematic error.,beginner,en,facts_yaml,facts
qna,science,physics,measurements,What is the difference between systematic error and random error?,"A systematic error shifts all measurements in the same direction, for example because of a poorly calibrated instrument, and is not reduced by averaging. Random errors vary unpredictably from one measurement to the next and can be reduced by taking many readings.",intermediate,en,facts_yaml,facts
qna,science,physics,vectors,What is the resultant of two vectors?,"The resultant is the single vector that has the same effect as two or more vectors combined. It is found by adding the vectors head to tail, taking both magnitude and direction into account.",beginner,en,facts_yaml,facts
qna,science,physics,energy,What energy transformations take place in a coal-fired power plant?,"Every power plant transforms one form of energy into electrical energy. A coal plant converts chemical energy into heat, then into mechanical energy in a turbine, and finally into electrical energy in a generator.",beginner,en,facts_yaml,facts
qna,science,chemistry,chemical_bonding,Why does ice float on water?,"When water freezes, hydrogen bonds lock the molecules into an open hexagonal lattice that takes up more space than liquid water. Ice is therefore about 9% less dense than liquid water, so it floats.",beginner,en,facts_yaml,facts
qna,science,chemistry,chemical_bonding,What is a hydrogen bond?,"A hydrogen bond is a relatively strong attraction between a hydrogen atom bonded to a highly electronegative atom, such as oxygen, nitrogen, or fluorine, and a lone pair on another electronegative atom. Hydrogen bonds give water its high boiling point and help hold DNA strands together.",intermediate,en,facts_yaml,facts
qna,science,chemistry,chemical_bonding,What are van der Waals forces?,Van der Waals forces are weak attractions between molecules caused by temporary or permanent uneven distributions of electrons. They are much weaker than chemical bonds but affect properties such as boiling point and help geckos cling to walls.,intermediate,en,facts_yaml,facts
qna,science,chemistry,chemical_bonding,What is the difference between a polar and a nonpolar molecule?,"A polar molecule has an uneven distribution of charge, with one end slightly positive and the other slightly negative, as in water. A nonpolar molecule has charge spread evenly, either because its bonds are nonpolar or because its symmetry cancels the bond polarities.",intermediate,en,facts_yaml,facts
qna,science,chemistry,solutions,"What does the rule ""like dissolves like"" mean in chemistry?","The rule means that polar solvents tend to dissolve polar or ionic substances, while nonpolar solvents dissolve nonpolar substances. That is why salt dissolves in water but oil does not.",beginner,en,facts_yaml,facts
qna,science,chemistry,solutions,Why does table salt dissolve in water?,"Water molecules are polar, so their partially negative oxygen ends attract sodium ions and their partially positive hydrogen ends attract chloride ions. These attractions pull the ions out of the crystal and surround them, dissolving the salt.",beginner,en,facts_yaml,facts
qna,science,chemistry,atoms,What is an electron configuration?,"An electron configuration describes how an atom's electrons are distributed among its shells and subshells. For example, sodium's configuration is 1s² 2s² 2p⁶ 3s¹, which shows it has one outer electron.",intermediate,en,facts_yaml,facts
qna,science,chemistry,periodic_table,How does atomic radius change across a period of the periodic table?,"Atomic radius generally decreases from left to right across a period. The nuclear charge increases while electrons are added to the same shell, so the electrons are pulled closer to the nucleus.",intermediate,en,facts_yaml,facts
qna,science,chemistry,periodic_table,Why are noble gases so unreactive?,"Noble gases have completely filled outer electron shells, which is a very stable arrangement. They have little tendency to gain, lose, or share electrons, so they rarely form compounds.",beginner,en,facts_yaml,facts
qna,science,chemistry,periodic_table,What is the difference between a group and a period in the periodic table?,"A group is a vertical column of elements that share similar chemical properties because they have the same number of outer electrons. A period is a horizontal row, and elements in the same period have the same number of electron shells.",beginner,en,facts_yaml,facts
qna,science,chemistry,periodic_table,Why do alkali metals become more reactive down the group?,"Going down the group, the single outer electron is farther from the nucleus and more shielded by inner electrons. It is held less tightly, so it is lost more easily in reactions, making cesium far more reactive than lithium.",intermediate,en,facts_yaml,facts
qna,science,chemistry,periodic_table,What are halogens?,"Halogens are the elements in group 17 of the periodic table: fluorine, chlorine, bromine, iodine, and astatine. They have seven outer electrons, are highly reactive nonmetals, and readily form salts with metals.",beginner,en,facts_yaml,facts
qna,science,chemistry,periodic_table,What are transition metals?,"Transition metals are the elements in the central block of the periodic table, such as iron, copper, and nickel. They typically have high melting points, form colored compounds, show several oxidation states, and often act as catalysts.",intermediate,en,facts_yaml,facts
qna,science,chemistry,periodic_table,What are metalloids?,"Metalloids are elements with properties intermediate between metals and nonmetals, such as silicon, germanium, and arsenic. Several of them are semiconductors, which makes them important in electronics.",beginner,en,facts_yaml,facts
qna,science,chemistry,elements,What are allotropes?,"Allotropes are different structural forms of the same element in the same physical state. Diamond, graphite, and graphene are all allotropes of carbon, and oxygen gas (O₂) and ozone (O₃) are allotropes of oxygen.",beginner,en,facts_yaml,facts
qna,science,chemistry,chemical_bonding,Why is diamond extremely hard while graphite is soft?,"In diamond, each carbon atom is covalently bonded to four others in a rigid three-dimensional network. In graphite, each carbon bonds to three others in flat layers held together only by weak forces, so the layers slide over each other easily.",intermediate,en,facts_yaml,facts
qna,science,chemistry,matter,What is the difference between a mixture and a compound?,"A compound consists of elements chemically bonded in a fixed ratio and can be separated only by chemical reactions. A mixture contains substances physically combined in any proportion, which can be separated by physical methods such as filtering or evaporation.",beginner,en,facts_yaml,facts
qna,science,chemistry,matter,What is the difference between a homogeneous and a heterogeneous mixture?,"A homogeneous mixture has a uniform composition throughout, such as salt water or air. A heterogeneous mixture has visibly different parts, such as sand in water or a salad.",beginner,en,facts_yaml,facts
qna,science,chemistry,physical_chemistry,What is chromatography?,"Chromatography is a technique for separating the components of a mixture based on how they move through a stationary phase carried by a mobile phase. Components travel at different rates, as when ink colors spread apart on wet filter paper.",beginner,en,facts_yaml,facts
qna,science,chemistry,matter,What is filtration used for?,"Filtration separates an insoluble solid from a liquid by passing the mixture through a filter, such as filter paper. The liquid (filtrate) passes through while the solid (residue) is trapped.",beginner,en,facts_yaml,facts
qna,science,chemistry,organic_chemistry,How is crude oil separated by fractional distillation?,"Crude oil is heated and its vapors rise through a tall column that is hotter at the bottom and cooler at the top. Hydrocarbons condense at different heights according to their boiling points, separating into fractions such as gasoline, kerosene, and diesel.",intermediate,en,facts_yaml,facts
qna,science,chemistry,solutions,Why does adding salt to water lower its freezing point?,"Dissolved salt particles interfere with water molecules arranging into an ice crystal, so a lower temperature is needed for freezing. This freezing-point depression is why salt is spread on icy roads.",intermediate,en,facts_yaml,facts
qna,science,chemistry,solutions,What are colligative properties?,"Colligative properties are properties of solutions that depend on the number of dissolved particles rather than their identity. They include freezing-point depression, boiling-point elevation, vapor-pressure lowering, and osmotic pressure.",advanced,en,facts_yaml,facts
qna,science,chemistry,acids_bases,What is the Arrhenius definition of acids and bases?,"According to Arrhenius, an acid is a substance that produces hydrogen ions (H⁺) in water, and a base is a substance that produces hydroxide ions (OH⁻) in water.",intermediate,en,facts_yaml,facts
qna,science,chemistry,acids_bases,What is the Brønsted-Lowry definition of an acid and a base?,"In the Brønsted-Lowry theory, an acid is a proton (H⁺) donor and a base is a proton acceptor. This definition is broader than Arrhenius's because it does not require water.",intermediate,en,facts_yaml,facts
qna,science,chemistry,acids_bases,What is the difference between a strong acid and a weak acid?,"A strong acid, such as hydrochloric acid, ionizes almost completely in water. A weak acid, such as acetic acid, ionizes only partially, so most of its molecules remain intact in solution.",intermediate,en,facts_yaml,facts
qna,science,chemistry,acids_bases,What is a neutralization reaction?,"A neutralization reaction is a reaction between an acid and a base that produces a salt and water. For example, hydrochloric acid and sodium hydroxide react to form sodium chloride and water.",beginner,en,facts_yaml,facts
qna,science,chemistry,salts,What is a salt in chemistry?,"In chemistry, a salt is an ionic compound formed from the positive ion of a base and the negative ion of an acid. Sodium chloride, calcium carbonate, and copper sulfate are all salts.",beginner,en,facts_yaml,facts
qna,science,chemistry,acids_bases,What is a titration?,A titration is a laboratory technique for finding the concentration of a solution by gradually adding a solution of known concentration until the reaction is complete. The endpoint is usually shown by a color change of an indicator.,intermediate,en,facts_yaml,facts
qna,science,chemistry,acids_bases,Why is the pH of pure water 7 at 25 °C?,"Pure water ionizes slightly into equal amounts of hydrogen and hydroxide ions, each at a concentration of 1 × 10⁻⁷ mol/L at 25 °C. Since pH is the negative logarithm of the hydrogen ion concentration, the pH is 7, which is neutral.",beginner,en,facts_yaml,facts
qna,science,chemistry,chemical_reactions,What is the law of conservation of mass?,"The law of conservation of mass states that mass is neither created nor destroyed in a chemical reaction. The total mass of the reactants equals the total mass of the products, because atoms are only rearranged.",beginner,en,facts_yaml,facts
qna,science,chemistry,chemical_reactions,Why must chemical equations be balanced?,"Chemical equations must be balanced because atoms are not created or destroyed in a reaction. Balancing ensures the same number of atoms of each element appears on both sides, consistent with conservation of mass.",beginner,en,facts_yaml,facts
qna,science,chemistry,stoichiometry,What is a limiting reactant?,"A limiting reactant is the reactant that is completely used up first in a chemical reaction. It determines the maximum amount of product that can form, while the other reactants are left in excess.",intermediate,en,facts_yaml,facts
qna,science,chemistry,stoichiometry,What is percent yield?,"Percent yield is the actual amount of product obtained in a reaction divided by the theoretical maximum amount, multiplied by 100. It is usually below 100% because of incomplete reactions, side reactions, and losses during handling.",intermediate,en,facts_yaml,facts
qna,science,chemistry,stoichiometry,What is the difference between an empirical formula and a molecular formula?,"An empirical formula gives the simplest whole-number ratio of atoms in a compound, while a molecular formula gives the actual number of each atom in one molecule. Glucose has the molecular formula C₆H₁₂O₆ but the empirical formula CH₂O.",intermediate,en,facts_yaml,facts
qna,science,chemistry,stoichiometry,What is stoichiometry?,Stoichiometry is the calculation of the quantities of reactants and products in chemical reactions using the ratios given by a balanced equation. It lets chemists predict how much product a given amount of reactant will form.,intermediate,en,facts_yaml,facts
qna,science,chemistry,chemical_reactions,What is a combustion reaction?,A combustion reaction is a rapid reaction between a fuel and oxygen that releases heat and usually light. Complete combustion of a hydrocarbon produces carbon dioxide and water.,beginner,en,facts_yaml,facts
qna,science,chemistry,chemical_reactions,What are the main types of chemical reactions?,"Common types of chemical reactions include synthesis (combination), decomposition, single displacement, double displacement, and combustion. Classifying reactions helps predict their products.",beginner,en,facts_yaml,facts
qna,science,chemistry,kinetics,What factors affect the rate of a chemical reaction?,"Reaction rate depends on temperature, the concentration of reactants (or pressure for gases), the surface area of solids, and the presence of a catalyst. Each of these changes how often or how effectively particles collide.",beginner,en,facts_yaml,facts
qna,science,chemistry,kinetics,Why does raising the temperature usually speed up a chemical reaction?,"At higher temperatures, particles move faster, collide more often, and a much larger fraction of the collisions have energy equal to or greater than the activation energy. More successful collisions per second means a faster reaction.",intermediate,en,facts_yaml,facts
qna,science,chemistry,kinetics,What is collision theory?,"Collision theory states that for a reaction to occur, reactant particles must collide with enough energy (at least the activation energy) and with the correct orientation. It explains how temperature, concentration, and surface area affect reaction rates.",intermediate,en,facts_yaml,facts
qna,science,chemistry,inorganic_chemistry,What is the Haber process?,The Haber process is the industrial method of making ammonia by reacting nitrogen and hydrogen gases over an iron catalyst at high pressure and moderate temperature. The ammonia is mainly used to make fertilizers.,intermediate,en,facts_yaml,facts
qna,science,chemistry,inorganic_chemistry,What is the Contact process?,"The Contact process is the industrial method for producing sulfuric acid. Sulfur dioxide is oxidized to sulfur trioxide over a vanadium(V) oxide catalyst, and the sulfur trioxide is then absorbed to form sulfuric acid.",advanced,en,facts_yaml,facts
qna,science,chemistry,electrochemistry,What conditions are needed for iron to rust?,"Iron rusts when it is exposed to both oxygen and water. Salt and acids speed up rusting, which is why cars corrode faster where roads are salted.",beginner,en,facts_yaml,facts
qna,science,chemistry,electrochemistry,What is galvanization?,"Galvanization is coating iron or steel with a layer of zinc to protect it from rusting. The zinc acts as a barrier and also corrodes preferentially, protecting the iron even if the coating is scratched.",intermediate,en,facts_yaml,facts
qna,science,chemistry,electrochemistry,How does a sacrificial anode protect a steel structure?,"A sacrificial anode is a block of a more reactive metal, such as zinc or magnesium, electrically connected to the steel. The more reactive metal oxidizes instead of the steel, so it corrodes away while the structure is protected.",advanced,en,facts_yaml,facts
qna,science,chemistry,electrochemistry,What is electroplating?,"Electroplating uses electrolysis to coat an object with a thin layer of metal. The object is made the cathode in a solution of the plating metal's ions, which are reduced and deposited onto its surface.",intermediate,en,facts_yaml,facts
qna,science,chemistry,electrochemistry,What is a galvanic cell?,"A galvanic (voltaic) cell converts chemical energy into electrical energy through a spontaneous redox reaction. Oxidation occurs at the anode, reduction at the cathode, and electrons flow through an external circuit between them.",intermediate,en,facts_yaml,facts
qna,science,chemistry,electrochemistry,How does a lithium-ion battery store and release energy?,"During charging, lithium ions move from the cathode through an electrolyte and are stored in the graphite anode. During discharge, they move back to the cathode while electrons flow through the external circuit, powering the device.",advanced,en,facts_yaml,facts
qna,science,chemistry,electrochemistry,What is the reactivity series of metals?,"The reactivity series ranks metals from most to least reactive, for example potassium, sodium, calcium, magnesium, aluminium, zinc, iron, lead, copper, silver, and gold. A more reactive metal can displace a less reactive one from its compounds.",beginner,en,facts_yaml,facts
qna,science,chemistry,electrochemistry,What is an oxidation number?,An oxidation number is a value assigned to an atom that shows how many electrons it has effectively lost or gained in a compound. Changes in oxidation number identify which atoms are oxidized and which are reduced in a reaction.,intermediate,en,facts_yaml,facts
qna,science,chemistry,electrochemistry,What is the difference between an oxidizing agent and a reducing agent?,"An oxidizing agent accepts electrons and is itself reduced, while a reducing agent donates electrons and is itself oxidized. In the reaction between zinc and copper ions, zinc is the reducing agent and copper ions are the oxidizing agent.",intermediate,en,facts_yaml,facts
qna,science,chemistry,organic_chemistry,What are isomers?,"Isomers are compounds that have the same molecular formula but a different arrangement of atoms. Butane and isobutane, for example, both have the formula C₄H₁₀ but different structures and properties.",intermediate,en,facts_yaml,facts
qna,science,chemistry,organic_chemistry,What is chirality in chemistry?,"Chirality is the property of a molecule that cannot be superimposed on its mirror image, like a left and right hand. The two mirror-image forms, called enantiomers, can have very different biological effects.",advanced,en,facts_yaml,facts
qna,science,chemistry,organic_chemistry,What is the difference between saturated and unsaturated hydrocarbons?,"Saturated hydrocarbons, such as alkanes, contain only single carbon-carbon bonds. Unsaturated hydrocarbons, such as alkenes and alkynes, contain at least one double or triple carbon-carbon bond.",beginner,en,facts_yaml,facts
qna,science,chemistry,organic_chemistry,How can bromine water be used to test for an alkene?,"Orange bromine water becomes colorless when shaken with an alkene, because bromine adds across the carbon-carbon double bond. An alkane leaves the solution orange because it has no double bond.",intermediate,en,facts_yaml,facts
qna,science,chemistry,organic_chemistry,What is the difference between addition and condensation polymerization?,"In addition polymerization, unsaturated monomers join without losing any atoms, as when ethene forms polyethylene. In condensation polymerization, monomers join while releasing a small molecule such as water, as in the formation of nylon or polyester.",intermediate,en,facts_yaml,facts
qna,science,chemistry,organic_chemistry,What is saponification?,"Saponification is the reaction of a fat or oil with a strong base, such as sodium hydroxide, to produce soap and glycerol. It is the traditional chemical process for making soap.",intermediate,en,facts_yaml,facts
qna,science,chemistry,organic_chemistry,How does soap remove grease?,"Soap molecules have a water-attracting head and a long oil-attracting tail. The tails dissolve into grease while the heads face the water, forming tiny droplets called micelles that can be rinsed away.",beginner,en,facts_yaml,facts
qna,science,chemistry,inorganic_chemistry,What is the difference between hard water and soft water?,"Hard water contains high levels of dissolved calcium and magnesium ions, which make it hard to form a lather with soap and cause limescale deposits. Soft water contains few of these ions.",beginner,en,facts_yaml,facts
qna,science,chemistry,nuclear_chemistry,How does radiocarbon dating work?,"Living organisms take in carbon, including a small fixed proportion of radioactive carbon-14. After death, carbon-14 decays with a half-life of about 5,730 years, so measuring how much remains reveals how long ago the organism died, up to around 50,000 years.",intermediate,en,facts_yaml,facts
qna,science,chemistry,gases,"Which equation relates the pressure, volume, temperature, and amount of an ideal gas?","The ideal gas law is PV = nRT, which relates the pressure, volume, amount in moles, and absolute temperature of a gas through the gas constant R. It describes most gases well at moderate temperatures and pressures.",intermediate,en,facts_yaml,facts
qna,science,chemistry,gases,What is the molar volume of a gas at standard temperature and pressure?,"At standard temperature and pressure (0 °C and 1 atmosphere), one mole of an ideal gas occupies about 22.4 liters. This volume is the same for any gas, regardless of its identity.",intermediate,en,facts_yaml,facts
qna,science,chemistry,gases,What does Avogadro's law state?,"Avogadro's law states that equal volumes of gases at the same temperature and pressure contain equal numbers of molecules. Therefore, the volume of a gas is proportional to the number of moles present.",intermediate,en,facts_yaml,facts
qna,science,chemistry,gases,What is Dalton's law of partial pressures?,"Dalton's law states that the total pressure of a mixture of gases equals the sum of the partial pressures each gas would exert if it were alone in the container. Air pressure, for example, is the sum of the partial pressures of nitrogen, oxygen, and other gases.",advanced,en,facts_yaml,facts
qna,science,chemistry,gases,What does Graham's law of effusion state?,"Graham's law states that the rate at which a gas effuses through a small hole is inversely proportional to the square root of its molar mass. Lighter gases, such as helium, escape faster than heavier ones.",advanced,en,facts_yaml,facts
qna,science,chemistry,matter,What is sublimation?,Sublimation is the change of a substance directly from a solid to a gas without passing through the liquid state. Dry ice (solid carbon dioxide) and naphthalene mothballs sublime at ordinary pressures.,beginner,en,facts_yaml,facts
qna,science,chemistry,physical_chemistry,What does a phase diagram show?,"A phase diagram shows which state of a substance, solid, liquid, or gas, is stable at each combination of temperature and pressure. Its lines mark the conditions where two phases coexist, and they meet at the triple point.",intermediate,en,facts_yaml,facts
qna,science,chemistry,matter,What is the difference between a crystalline solid and an amorphous solid?,"A crystalline solid, such as salt or quartz, has particles arranged in a regular repeating lattice and a sharp melting point. An amorphous solid, such as glass or many plastics, has a disordered structure and softens over a range of temperatures.",intermediate,en,facts_yaml,facts
qna,science,chemistry,chemical_bonding,Why do ionic compounds conduct electricity when molten or dissolved but not when solid?,"Electric current requires mobile charged particles. In a solid ionic crystal, the ions are locked in place, but when the compound melts or dissolves, the ions become free to move and carry current.",intermediate,en,facts_yaml,facts
qna,science,chemistry,chemical_bonding,Why do metals conduct electricity well?,"In a metal, the outer electrons are delocalized and free to move throughout a lattice of positive ions. When a voltage is applied, these mobile electrons drift through the metal, carrying an electric current.",intermediate,en,facts_yaml,facts
qna,science,chemistry,chemical_bonding,Why do ionic compounds have high melting points?,"Ionic compounds are held together by strong electrostatic attractions between oppositely charged ions throughout a giant lattice. A large amount of energy is needed to overcome these forces, so they melt at high temperatures.",intermediate,en,facts_yaml,facts
qna,science,chemistry,thermochemistry,What is bond energy?,"Bond energy is the energy required to break one mole of a particular type of bond in gaseous molecules. Breaking bonds absorbs energy and forming bonds releases energy, and the balance determines whether a reaction is exothermic or endothermic.",intermediate,en,facts_yaml,facts
qna,science,chemistry,thermochemistry,What does Hess's law state?,Hess's law states that the total enthalpy change of a reaction is the same regardless of the route taken from reactants to products. It allows enthalpy changes that are hard to measure directly to be calculated from other known reactions.,advanced,en,facts_yaml,facts
qna,science,chemistry,thermochemistry,What is calorimetry?,Calorimetry is the measurement of heat released or absorbed in a chemical reaction or physical change. It typically uses the temperature change of water in an insulated container to calculate the energy involved.,intermediate,en,facts_yaml,facts
qna,science,chemistry,electrochemistry,What is a half-reaction?,"A half-reaction shows either the oxidation or the reduction part of a redox reaction separately, including the electrons lost or gained. Combining the two half-reactions gives the balanced overall equation.",intermediate,en,facts_yaml,facts
qna,science,chemistry,organic_chemistry,Why can carbon form such a huge variety of compounds?,"Carbon forms four stable covalent bonds and can bond strongly to other carbon atoms, building long chains, branches, and rings. It also forms single, double, and triple bonds and bonds readily with hydrogen, oxygen, nitrogen, and other elements.",intermediate,en,facts_yaml,facts
qna,science,chemistry,chemical_bonding,What is VSEPR theory?,"VSEPR (valence shell electron pair repulsion) theory predicts molecular shapes by assuming that electron pairs around a central atom arrange themselves to be as far apart as possible. It explains, for example, why methane is tetrahedral and water is bent.",advanced,en,facts_yaml,facts
qna,science,chemistry,chemical_bonding,Why is a water molecule bent rather than straight?,"The oxygen atom in water has two bonding pairs and two lone pairs of electrons. The lone pairs repel the bonding pairs strongly, pushing the hydrogen atoms into a bent shape with a bond angle of about 104.5°.",intermediate,en,facts_yaml,facts
qna,science,chemistry,chemical_bonding,Why is carbon dioxide a nonpolar molecule even though its bonds are polar?,"Carbon dioxide is linear, with the two polar carbon-oxygen bonds pointing in exactly opposite directions. Their dipoles cancel each other out, so the molecule as a whole has no net dipole.",advanced,en,facts_yaml,facts
qna,science,chemistry,chemical_bonding,What is a Lewis structure?,"A Lewis structure is a diagram that shows how the valence electrons are arranged in a molecule, using lines for bonding pairs and dots for lone pairs. It helps predict bonding, charge, and molecular shape.",intermediate,en,facts_yaml,facts
qna,science,chemistry,chemical_bonding,What is the octet rule?,"The octet rule states that atoms tend to gain, lose, or share electrons so that they have eight electrons in their outer shell, like a noble gas. Hydrogen and helium are exceptions, being stable with two.",beginner,en,facts_yaml,facts
qna,science,chemistry,atoms,How many electrons can the first and second electron shells hold?,"The first electron shell can hold up to 2 electrons, and the second shell can hold up to 8. In general, a shell with number n can hold up to 2n² electrons.",beginner,en,facts_yaml,facts
qna,science,chemistry,atoms,What is the Aufbau principle?,"The Aufbau principle states that electrons fill atomic orbitals in order of increasing energy, starting with the lowest available orbital. It is used to predict electron configurations, such as 4s filling before 3d.",advanced,en,facts_yaml,facts
qna,science,chemistry,atoms,What is Hund's rule?,"Hund's rule states that electrons fill orbitals of equal energy singly, with parallel spins, before any orbital gets a second electron. This arrangement minimizes electron repulsion.",advanced,en,facts_yaml,facts
qna,science,chemistry,periodic_table,What are the lanthanides and actinides?,"The lanthanides and actinides are two series of elements usually shown below the main periodic table. The lanthanides are the rare-earth metals from lanthanum to lutetium, and the actinides run from actinium to lawrencium and are all radioactive.",advanced,en,facts_yaml,facts
qna,science,chemistry,periodic_table,How does first ionization energy change across a period and down a group?,"First ionization energy generally increases across a period, because the nuclear charge increases and electrons are held more tightly. It decreases down a group because the outer electron is farther from the nucleus and more shielded.",intermediate,en,facts_yaml,facts
qna,science,chemistry,periodic_table,What did Dmitri Mendeleev contribute to chemistry?,Dmitri Mendeleev created an early periodic table in 1869 by arranging elements by atomic mass and grouping those with similar properties. He left gaps for undiscovered elements and correctly predicted their properties.,beginner,en,facts_yaml,facts
qna,science,chemistry,molecules,What is the chemical formula of table salt?,"The chemical formula of table salt is NaCl, meaning sodium chloride. It consists of sodium and chloride ions in a one-to-one ratio.",beginner,en,facts_yaml,facts
qna,science,chemistry,molecules,What is the chemical formula of water?,The chemical formula of water is H₂O. Each molecule contains two hydrogen atoms covalently bonded to one oxygen atom.,beginner,en,facts_yaml,facts
qna,science,chemistry,molecules,What is the chemical formula of ammonia?,"The chemical formula of ammonia is NH₃. It is a colorless gas with a pungent smell, made industrially by the Haber process.",beginner,en,facts_yaml,facts
qna,science,chemistry,molecules,What is the chemical formula of glucose?,The chemical formula of glucose is C₆H₁₂O₆. It is a simple sugar produced by photosynthesis and used by cells as a major energy source.,intermediate,en,facts_yaml,facts
qna,science,chemistry,molecules,What is the chemical formula of sulfuric acid?,"The chemical formula of sulfuric acid is H₂SO₄. It is a strong, highly corrosive acid used widely in industry, including in car batteries and fertilizer production.",intermediate,en,facts_yaml,facts
qna,science,chemistry,chemical_reactions,Why does baking soda make cakes rise?,"Baking soda (sodium bicarbonate) reacts with acidic ingredients, or decomposes when heated, to release carbon dioxide gas. The gas bubbles expand in the batter, making the cake rise and become light.",beginner,en,facts_yaml,facts
qna,science,chemistry,solutions,What does parts per million (ppm) measure?,"Parts per million measures the concentration of a very dilute substance, as the number of units of solute per million units of the total mixture. It is often used for pollutants in water or air.",intermediate,en,facts_yaml,facts
qna,science,chemistry,solutions,How do you calculate the concentration after diluting a solution?,"Use the dilution equation C₁V₁ = C₂V₂, where C and V are the concentration and volume before and after dilution. The amount of solute stays the same, so adding solvent lowers the concentration proportionally.",intermediate,en,facts_yaml,facts
qna,science,chemistry,solutions,What is a saturated solution?,A saturated solution contains the maximum amount of solute that can dissolve in the solvent at a given temperature. Any extra solute added will remain undissolved.,beginner,en,facts_yaml,facts
qna,science,chemistry,solutions,Why do fizzy drinks go flat faster when warm?,"Gases are less soluble in liquids at higher temperatures. As a carbonated drink warms, dissolved carbon dioxide escapes more quickly, so the drink loses its fizz.",beginner,en,facts_yaml,facts
qna,science,chemistry,solutions,What is a supersaturated solution?,"A supersaturated solution contains more dissolved solute than it normally could at that temperature, usually made by cooling a saturated solution carefully. It is unstable, and adding a seed crystal causes the excess solute to crystallize rapidly.",advanced,en,facts_yaml,facts
qna,science,chemistry,solutions,What is a colloid?,"A colloid is a mixture in which tiny particles of one substance are dispersed evenly through another but are not dissolved, such as milk, fog, or gelatin. Its particles are large enough to scatter light, an effect called the Tyndall effect.",intermediate,en,facts_yaml,facts
qna,science,chemistry,solutions,What is a suspension in chemistry?,"A suspension is a heterogeneous mixture containing solid particles large enough to settle out over time, such as muddy water. Its particles can be separated by filtration.",beginner,en,facts_yaml,facts
qna,science,chemistry,solutions,What is an emulsion?,"An emulsion is a mixture of two liquids that normally do not mix, such as oil and water, with droplets of one dispersed through the other. Mayonnaise is an emulsion stabilized by egg yolk acting as an emulsifier.",beginner,en,facts_yaml,facts
qna,science,chemistry,chemical_reactions,What is the difference between a physical change and a chemical change?,"A physical change alters the form or state of a substance without changing its chemical identity, such as melting ice. A chemical change produces new substances with different properties, such as burning wood.",beginner,en,facts_yaml,facts
qna,science,chemistry,chemical_reactions,What are common signs that a chemical reaction has occurred?,"Signs of a chemical reaction include a color change, production of gas bubbles, formation of a precipitate, a change in temperature, or the emission of light. These indicate new substances have formed.",beginner,en,facts_yaml,facts
qna,science,chemistry,inorganic_chemistry,What is a flame test used for?,"A flame test identifies certain metal ions by the color they give to a flame. For example, sodium produces a bright yellow-orange flame, potassium lilac, and copper blue-green.",intermediate,en,facts_yaml,facts
qna,science,chemistry,physical_chemistry,What is mass spectrometry used for?,"Mass spectrometry identifies substances by ionizing their molecules and separating the ions by their mass-to-charge ratio. It is used to determine molecular masses, identify unknown compounds, and measure isotope ratios.",advanced,en,facts_yaml,facts
qna,science,chemistry,acids_bases,What does a low pKa value indicate about an acid?,A low pKa value indicates a strong acid that readily donates its proton. Each decrease of one pKa unit corresponds to a tenfold increase in the acid's dissociation constant.,advanced,en,facts_yaml,facts
qna,science,chemistry,acids_bases,What is an amphoteric substance?,"An amphoteric substance can act as either an acid or a base, depending on what it reacts with. Water and aluminium oxide are common examples.",advanced,en,facts_yaml,facts
qna,science,chemistry,electrochemistry,What products form at each electrode when water is electrolyzed?,"During the electrolysis of water, hydrogen gas forms at the cathode (negative electrode) and oxygen gas forms at the anode (positive electrode). Twice as much hydrogen as oxygen is produced by volume.",intermediate,en,facts_yaml,facts
qna,science,chemistry,biochemistry,What are amino acids?,"Amino acids are organic molecules containing an amino group and a carboxyl group, and they are the building blocks of proteins. Twenty standard amino acids are used by living organisms to build proteins.",intermediate,en,facts_yaml,facts
qna,science,chemistry,biochemistry,What is a peptide bond?,"A peptide bond is the covalent bond that links two amino acids, formed between the carboxyl group of one and the amino group of the next, with the loss of a water molecule. Chains of amino acids joined this way form polypeptides and proteins.",intermediate,en,facts_yaml,facts
qna,science,chemistry,organic_chemistry,What is a hydrocarbon?,"A hydrocarbon is an organic compound made only of carbon and hydrogen atoms. Methane, propane, and benzene are examples, and hydrocarbons are the main components of fossil fuels.",intermediate,en,facts_yaml,facts
qna,science,chemistry,chemical_reactions,What is a precipitation reaction?,"A precipitation reaction occurs when two solutions are mixed and an insoluble solid forms. For example, mixing silver nitrate and sodium chloride solutions produces a white precipitate of silver chloride.",intermediate,en,facts_yaml,facts
qna,science,chemistry,kinetics,What is the rate-determining step in a reaction mechanism?,"The rate-determining step is the slowest step in a multi-step reaction mechanism. It limits the overall rate of the reaction, much like the narrowest point of a funnel.",advanced,en,facts_yaml,facts
qna,science,biology,cells,What is the difference between prokaryotic and eukaryotic cells?,"Prokaryotic cells, such as bacteria, lack a nucleus and membrane-bound organelles, and their DNA lies free in the cytoplasm. Eukaryotic cells, found in plants, animals, and fungi, have a nucleus enclosing their DNA and many membrane-bound organelles.",beginner,en,facts_yaml,facts
qna,science,biology,cells,How do plant cells differ from animal cells?,"Plant cells have a rigid cellulose cell wall, chloroplasts for photosynthesis, and usually one large central vacuole. Animal cells lack a cell wall and chloroplasts and have small, temporary vacuoles.",beginner,en,facts_yaml,facts
qna,science,biology,cells,What is the cytoskeleton?,"The cytoskeleton is a network of protein fibers, including microtubules, microfilaments, and intermediate filaments, that runs through the cytoplasm. It gives the cell its shape, anchors organelles, and enables movement and cell division.",intermediate,en,facts_yaml,facts
qna,science,biology,cells,What does cell theory state?,"Cell theory states that all living things are made of one or more cells, that the cell is the basic unit of life, and that all cells arise from pre-existing cells.",beginner,en,facts_yaml,facts
qna,science,biology,cells,What is osmosis?,Osmosis is the movement of water molecules across a partially permeable membrane from a region of lower solute concentration to a region of higher solute concentration. It is how plant roots absorb water and why cells swell or shrink in different solutions.,beginner,en,facts_yaml,facts
qna,science,biology,cells,What is diffusion in biology?,"Diffusion is the net movement of particles from a region of higher concentration to a region of lower concentration, driven by their random motion. Oxygen enters cells and carbon dioxide leaves them by diffusion.",beginner,en,facts_yaml,facts
qna,science,biology,cells,What is active transport?,"Active transport is the movement of substances across a cell membrane against their concentration gradient, using energy from ATP and carrier proteins. Root cells use it to absorb mineral ions from dilute soil water.",intermediate,en,facts_yaml,facts
qna,science,biology,cells,What is facilitated diffusion?,"Facilitated diffusion is the passive movement of molecules across a membrane through specific channel or carrier proteins, down their concentration gradient. It lets substances such as glucose and ions cross membranes they could not pass through on their own.",intermediate,en,facts_yaml,facts
qna,science,biology,cells,What is endocytosis?,"Endocytosis is the process by which a cell takes in materials by folding its membrane around them to form a vesicle. Phagocytosis, in which white blood cells engulf bacteria, is one type.",intermediate,en,facts_yaml,facts
qna,science,biology,cells,Why are most cells so small?,"As a cell grows, its volume increases faster than its surface area. A small cell has a large surface-area-to-volume ratio, allowing nutrients, oxygen, and wastes to diffuse in and out quickly enough to meet its needs.",intermediate,en,facts_yaml,facts
qna,science,biology,cells,What are stem cells?,"Stem cells are unspecialized cells that can divide to make more stem cells and can develop into specialized cell types. Embryonic stem cells can become almost any cell type, while adult stem cells are more limited.",beginner,en,facts_yaml,facts
qna,science,biology,cells,What is apoptosis?,"Apoptosis is programmed cell death, a controlled process in which a cell dismantles itself in an orderly way. It removes damaged or unneeded cells, such as the tissue between developing fingers.",advanced,en,facts_yaml,facts
qna,science,biology,cells,What are the main stages of the cell cycle?,"The cell cycle consists of interphase, when the cell grows and copies its DNA (G1, S, and G2 phases), followed by mitosis and cytokinesis, when the nucleus and then the cytoplasm divide to form two daughter cells.",intermediate,en,facts_yaml,facts
qna,science,biology,cells,How is cancer related to cell division?,"Cancer occurs when mutations disrupt the genes that control the cell cycle, causing cells to divide uncontrollably. The abnormal cells can form tumors and may invade other tissues.",intermediate,en,facts_yaml,facts
qna,science,biology,cells,What is the difference between cilia and flagella?,"Both are whip-like projections that move cells or fluids. Cilia are short and numerous and beat in coordinated waves, as in the airways, while flagella are longer, usually fewer, and propel cells such as sperm.",intermediate,en,facts_yaml,facts
qna,science,biology,cells,What is the function of the nucleolus?,The nucleolus is a dense region inside the nucleus where ribosomal RNA is made and ribosome subunits are assembled.,intermediate,en,facts_yaml,facts
qna,science,biology,cells,What is a plasmid?,"A plasmid is a small, circular piece of DNA found in bacteria, separate from the main chromosome. Plasmids often carry useful genes, such as those for antibiotic resistance, and are used as vectors in genetic engineering.",intermediate,en,facts_yaml,facts
qna,science,biology,genetics,What is the difference between a dominant and a recessive allele?,"A dominant allele shows its effect even when only one copy is present. A recessive allele is expressed only when an organism has two copies of it, with no dominant allele present.",beginner,en,facts_yaml,facts
qna,science,biology,genetics,What is the difference between homozygous and heterozygous?,"An organism is homozygous for a gene when it has two identical alleles, such as AA or aa. It is heterozygous when it has two different alleles, such as Aa.",beginner,en,facts_yaml,facts
qna,science,biology,genetics,What is a Punnett square used for?,A Punnett square is a grid used to predict the possible genotypes of offspring from a genetic cross and their probabilities. It combines each possible gamete from one parent with each from the other.,beginner,en,facts_yaml,facts
qna,science,biology,genetics,What is Mendel's law of segregation?,"Mendel's law of segregation states that the two alleles for a trait separate during gamete formation, so each gamete carries only one allele for each gene.",intermediate,en,facts_yaml,facts
qna,science,biology,genetics,What is Mendel's law of independent assortment?,The law of independent assortment states that alleles of different genes are distributed to gametes independently of one another. It holds for genes on different chromosomes but not for genes linked closely on the same chromosome.,intermediate,en,facts_yaml,facts
qna,science,biology,genetics,Why are males more likely than females to have red-green color blindness?,"The gene for red-green color vision is on the X chromosome. Males have only one X chromosome, so a single recessive allele causes color blindness, whereas females need the allele on both X chromosomes.",intermediate,en,facts_yaml,facts
qna,science,biology,genetics,What is the difference between codominance and incomplete dominance?,"In codominance, both alleles are fully expressed together, as in AB blood type. In incomplete dominance, the heterozygote shows an intermediate blend, such as pink flowers from red and white parents.",intermediate,en,facts_yaml,facts
qna,science,biology,genetics,What is a polygenic trait?,"A polygenic trait is controlled by many genes, each contributing a small effect. Human height and skin color are examples, and such traits show continuous variation.",intermediate,en,facts_yaml,facts
qna,science,biology,genetics,What is crossing over in meiosis?,"Crossing over is the exchange of DNA segments between homologous chromosomes during the first division of meiosis. It creates new combinations of alleles, increasing genetic variation among gametes.",advanced,en,facts_yaml,facts
qna,science,biology,genetics,What is nondisjunction?,Nondisjunction is the failure of chromosomes or chromatids to separate properly during cell division. It produces gametes with an abnormal number of chromosomes and can cause conditions such as Down syndrome (trisomy 21).,advanced,en,facts_yaml,facts
qna,science,biology,genetics,What is a karyotype?,"A karyotype is an organized picture of all the chromosomes in a cell, arranged in pairs by size and shape. It is used to detect chromosomal abnormalities.",intermediate,en,facts_yaml,facts
qna,science,biology,genetics,What is genetic drift?,"Genetic drift is a random change in allele frequencies in a population from one generation to the next. It has the strongest effect in small populations, where chance can cause alleles to be lost or fixed.",intermediate,en,facts_yaml,facts
qna,science,biology,genetics,What is gene flow?,Gene flow is the transfer of alleles between populations when individuals migrate and interbreed. It tends to make populations more genetically similar.,intermediate,en,facts_yaml,facts
qna,science,biology,genetics,What is the founder effect?,The founder effect is the reduced genetic diversity that occurs when a new population is started by a small number of individuals. The new population may have allele frequencies very different from the original one.,advanced,en,facts_yaml,facts
qna,science,biology,genetics,What is epigenetics?,Epigenetics is the study of heritable changes in gene activity that do not involve changes to the DNA sequence. Chemical tags such as DNA methylation can switch genes on or off in response to development or the environment.,advanced,en,facts_yaml,facts
qna,science,biology,dna_rna,Why is DNA replication described as semi-conservative?,"During replication, the two strands of the DNA double helix separate and each serves as a template for a new strand. Each resulting DNA molecule therefore contains one original strand and one newly made strand.",intermediate,en,facts_yaml,facts
qna,science,biology,dna_rna,What are the base-pairing rules in DNA?,"In DNA, adenine pairs with thymine and cytosine pairs with guanine. In RNA, uracil replaces thymine and pairs with adenine.",beginner,en,facts_yaml,facts
qna,science,biology,dna_rna,Who discovered the double-helix structure of DNA?,James Watson and Francis Crick proposed the double-helix model of DNA in 1953. Their work relied heavily on X-ray diffraction images produced by Rosalind Franklin and Maurice Wilkins.,intermediate,en,facts_yaml,facts
qna,science,biology,dna_rna,"What are the roles of mRNA, tRNA, and rRNA?","Messenger RNA (mRNA) carries the genetic code from DNA to the ribosome. Transfer RNA (tRNA) brings the matching amino acids to the ribosome, and ribosomal RNA (rRNA) forms the core of the ribosome and links amino acids together.",intermediate,en,facts_yaml,facts
qna,science,biology,dna_rna,Why is the genetic code described as redundant?,"There are 64 possible codons but only 20 amino acids, so most amino acids are specified by more than one codon. This redundancy means some point mutations do not change the resulting protein.",advanced,en,facts_yaml,facts
qna,science,biology,dna_rna,What is a promoter in genetics?,A promoter is a DNA sequence located near the start of a gene where RNA polymerase binds to begin transcription. Promoters help control when and how strongly a gene is expressed.,advanced,en,facts_yaml,facts
qna,science,biology,dna_rna,What are introns and exons?,Exons are the parts of a gene that code for protein and remain in the mature mRNA. Introns are non-coding sequences that are removed from the RNA transcript by splicing before translation.,advanced,en,facts_yaml,facts
qna,science,biology,dna_rna,What is the central dogma of molecular biology?,"The central dogma describes the flow of genetic information: DNA is transcribed into RNA, and RNA is translated into protein. DNA can also be copied by replication.",intermediate,en,facts_yaml,facts
qna,science,biology,evolution,What is an adaptation in biology?,An adaptation is an inherited trait that improves an organism's ability to survive and reproduce in its environment. The thick fur of polar bears and the long neck of giraffes are examples.,beginner,en,facts_yaml,facts
qna,science,biology,evolution,What is the difference between homologous and analogous structures?,"Homologous structures have a similar underlying anatomy because they were inherited from a common ancestor, such as a human arm and a bat's wing. Analogous structures do the same job but evolved independently, such as the wings of birds and insects.",intermediate,en,facts_yaml,facts
qna,science,biology,evolution,What are vestigial structures?,Vestigial structures are body parts that have lost most or all of their original function through evolution. Examples include the human tailbone and the tiny hind-limb bones in some whales.,intermediate,en,facts_yaml,facts
qna,science,biology,evolution,What is speciation?,"Speciation is the evolutionary process by which one species splits into two or more distinct species. It often happens when populations become reproductively isolated, for example by a geographic barrier, and then diverge genetically.",intermediate,en,facts_yaml,facts
qna,science,biology,evolution,What is convergent evolution?,"Convergent evolution is the independent evolution of similar features in unrelated species that face similar environmental pressures. Sharks and dolphins, for example, both have streamlined bodies and fins.",intermediate,en,facts_yaml,facts
qna,science,biology,evolution,What is coevolution?,"Coevolution is the process in which two or more species influence each other's evolution through close interaction. Flowering plants and their pollinators, or predators and prey, often coevolve.",advanced,en,facts_yaml,facts
qna,science,biology,evolution,How does the fossil record support evolution?,"Fossils show that life forms have changed over time, with simpler organisms in older rock layers and more complex ones appearing later. Transitional fossils, such as Tiktaalik and Archaeopteryx, show intermediate features between groups.",intermediate,en,facts_yaml,facts
qna,science,biology,evolution,How do bacteria become resistant to antibiotics?,"When antibiotics are used, bacteria that happen to carry resistance mutations survive and reproduce, while susceptible bacteria die. Over time, the resistant strain becomes common, which is natural selection in action.",intermediate,en,facts_yaml,facts
qna,science,biology,evolution,What is artificial selection?,"Artificial selection, or selective breeding, is the process by which humans choose which plants or animals reproduce in order to encourage desirable traits. Dog breeds and modern crop varieties are products of artificial selection.",beginner,en,facts_yaml,facts
qna,science,biology,evolution,What is sexual selection?,Sexual selection is a form of natural selection in which individuals with certain traits are more successful at attracting mates or competing for them. It explains features such as the peacock's elaborate tail.,intermediate,en,facts_yaml,facts
qna,science,biology,evolution,What did Darwin's finches show about evolution?,The finches of the Galápagos Islands have beaks of different shapes suited to different foods on different islands. They illustrated how populations descended from a common ancestor can adapt to different environments and diverge into separate species.,intermediate,en,facts_yaml,facts
qna,science,biology,anatomy,How many chambers does the human heart have?,The human heart has four chambers: two upper atria that receive blood and two lower ventricles that pump blood out of the heart.,beginner,en,facts_yaml,facts
qna,science,biology,physiology,What is double circulation in humans?,"In double circulation, blood passes through the heart twice per complete circuit. The pulmonary circuit carries blood to the lungs to collect oxygen, and the systemic circuit carries oxygenated blood to the rest of the body.",intermediate,en,facts_yaml,facts
qna,science,biology,anatomy,What is the difference between arteries and veins?,"Arteries carry blood away from the heart under high pressure and have thick, muscular, elastic walls. Veins carry blood back toward the heart under low pressure, have thinner walls, and contain valves to prevent backflow.",beginner,en,facts_yaml,facts
qna,science,biology,anatomy,What is the function of capillaries?,"Capillaries are the tiniest blood vessels, with walls only one cell thick. They connect arteries to veins and allow oxygen, nutrients, and wastes to be exchanged between the blood and body tissues.",beginner,en,facts_yaml,facts
qna,science,biology,physiology,What is the main function of red blood cells?,"Red blood cells carry oxygen from the lungs to the body's tissues. They contain hemoglobin, an iron-containing protein that binds oxygen, and they help carry carbon dioxide back to the lungs.",beginner,en,facts_yaml,facts
qna,science,biology,physiology,What is the main role of white blood cells?,"White blood cells defend the body against infection. Different types engulf pathogens, produce antibodies, or destroy infected cells.",beginner,en,facts_yaml,facts
qna,science,biology,physiology,What do platelets do?,Platelets are small cell fragments in the blood that help it clot. They stick to damaged blood vessel walls and trigger the formation of a clot that stops bleeding.,beginner,en,facts_yaml,facts
qna,science,biology,physiology,What determines a person's ABO blood type?,"ABO blood type is determined by the presence or absence of A and B antigens on the surface of red blood cells. People with type A have A antigens, type B have B antigens, type AB have both, and type O have neither.",intermediate,en,facts_yaml,facts
qna,science,biology,physiology,Why is O-negative blood called the universal donor?,"O-negative red blood cells lack A, B, and Rh(D) antigens, so the recipient's immune system is unlikely to attack them. They can therefore be given in emergencies to patients of any blood type.",intermediate,en,facts_yaml,facts
qna,science,biology,physiology,How does gas exchange occur in the lungs?,"Gas exchange occurs in the alveoli, tiny air sacs with very thin walls surrounded by capillaries. Oxygen diffuses from the air into the blood, and carbon dioxide diffuses from the blood into the air to be exhaled.",intermediate,en,facts_yaml,facts
qna,science,biology,physiology,What role does the diaphragm play in breathing?,"The diaphragm is a dome-shaped muscle below the lungs. When it contracts and flattens, the chest cavity enlarges and air is drawn into the lungs; when it relaxes, the cavity shrinks and air is pushed out.",beginner,en,facts_yaml,facts
qna,science,biology,anatomy,Why is the inner surface of the small intestine covered with villi?,"Villi are tiny finger-like projections that greatly increase the surface area of the small intestine. This, along with their rich blood supply and thin walls, allows digested nutrients to be absorbed efficiently.",intermediate,en,facts_yaml,facts
qna,science,biology,physiology,What is the role of acid in the stomach?,"Stomach acid, mainly hydrochloric acid, kills many microbes in food and provides the acidic conditions needed for the enzyme pepsin to begin digesting proteins.",beginner,en,facts_yaml,facts
qna,science,biology,anatomy,What are the main functions of the liver?,"The liver processes nutrients absorbed from the intestine, stores glycogen, detoxifies drugs and alcohol, makes bile to help digest fats, and produces important blood proteins. It is the largest internal organ.",intermediate,en,facts_yaml,facts
qna,science,biology,physiology,How does insulin control blood sugar?,"Insulin is a hormone released by the pancreas when blood glucose rises. It causes cells to take up glucose and prompts the liver and muscles to store it as glycogen, lowering blood sugar levels.",intermediate,en,facts_yaml,facts
qna,science,biology,anatomy,What is a nephron?,"A nephron is the functional unit of the kidney, and each kidney contains about a million of them. Nephrons filter blood, reabsorb useful substances such as glucose and water, and produce urine from the remaining wastes.",intermediate,en,facts_yaml,facts
qna,science,biology,anatomy,What are the main functions of human skin?,"Skin protects the body from pathogens and injury, helps regulate temperature through sweating and blood flow, prevents water loss, senses touch, heat, and pain, and makes vitamin D in sunlight.",beginner,en,facts_yaml,facts
qna,science,biology,anatomy,What are the main functions of the skeleton?,"The skeleton supports the body, protects internal organs, allows movement by providing attachment points for muscles, stores minerals such as calcium, and produces blood cells in the bone marrow.",beginner,en,facts_yaml,facts
qna,science,biology,anatomy,What is the difference between a ball-and-socket joint and a hinge joint?,"A ball-and-socket joint, such as the shoulder or hip, allows movement in many directions and rotation. A hinge joint, such as the elbow or knee, allows movement mainly in one plane, like a door hinge.",intermediate,en,facts_yaml,facts
qna,science,biology,anatomy,What are the three types of muscle tissue?,"The three types of muscle are skeletal muscle, which moves bones and is under voluntary control; smooth muscle, found in organs such as the intestines; and cardiac muscle, found only in the heart. Smooth and cardiac muscle work involuntarily.",beginner,en,facts_yaml,facts
qna,science,biology,anatomy,What is the difference between a tendon and a ligament?,"A tendon connects a muscle to a bone, transmitting the pull of the muscle. A ligament connects one bone to another at a joint, providing stability.",beginner,en,facts_yaml,facts
qna,science,biology,anatomy,What is the difference between the central and peripheral nervous systems?,The central nervous system consists of the brain and spinal cord and processes information. The peripheral nervous system is made of the nerves that connect the central nervous system to the rest of the body.,beginner,en,facts_yaml,facts
qna,science,biology,physiology,What is a reflex arc?,"A reflex arc is the nerve pathway of a rapid, automatic response. A stimulus activates a sensory neuron, which passes the signal through a relay neuron in the spinal cord to a motor neuron, bypassing conscious thought, as when you pull your hand from a hot object.",intermediate,en,facts_yaml,facts
qna,science,biology,anatomy,What does the cerebellum do?,"The cerebellum, located at the back of the brain below the cerebrum, coordinates voluntary movement, balance, and posture. It helps make movements smooth and precise.",intermediate,en,facts_yaml,facts
qna,science,biology,physiology,What is a neurotransmitter?,"A neurotransmitter is a chemical messenger released by a neuron at a synapse to transmit a signal to another neuron, muscle, or gland. Examples include dopamine, serotonin, and acetylcholine.",intermediate,en,facts_yaml,facts
qna,science,biology,physiology,What is an action potential?,"An action potential is a rapid, temporary reversal of the voltage across a neuron's membrane that travels along the axon as a nerve impulse. It is produced by sodium ions flowing into the cell followed by potassium ions flowing out.",advanced,en,facts_yaml,facts
qna,science,biology,physiology,What is the difference between endocrine and exocrine glands?,"Endocrine glands, such as the thyroid, release hormones directly into the bloodstream. Exocrine glands, such as sweat and salivary glands, release their secretions through ducts onto a surface or into a cavity.",intermediate,en,facts_yaml,facts
qna,science,biology,physiology,What does the thyroid gland do?,"The thyroid gland in the neck produces hormones, mainly thyroxine, that regulate the body's metabolic rate, growth, and development. It needs iodine to make these hormones.",intermediate,en,facts_yaml,facts
qna,science,biology,physiology,What is the fight-or-flight response?,"The fight-or-flight response is the body's reaction to a perceived threat, triggered by adrenaline released from the adrenal glands. Heart rate, breathing, and blood sugar rise, preparing the body to confront or escape the danger.",beginner,en,facts_yaml,facts
qna,science,biology,anatomy,What is the difference between rods and cones in the eye?,"Rods are retinal cells that are very sensitive to dim light but do not detect color. Cones work best in bright light, detect color, and provide sharp detail, and they are concentrated in the fovea.",intermediate,en,facts_yaml,facts
qna,science,biology,anatomy,What is the function of the cochlea?,"The cochlea is a spiral, fluid-filled structure in the inner ear. Sound vibrations move the fluid, and hair cells inside convert these movements into nerve signals that the brain interprets as sound.",intermediate,en,facts_yaml,facts
qna,science,biology,anatomy,How does the inner ear help maintain balance?,"The inner ear contains the vestibular system, including semicircular canals filled with fluid. When the head moves, the fluid shifts and bends sensory hair cells, which tell the brain about head rotation and position.",intermediate,en,facts_yaml,facts
qna,science,biology,anatomy,What is the lymphatic system?,"The lymphatic system is a network of vessels, lymph nodes, and organs that returns excess tissue fluid to the blood and helps fight infection. Lymph nodes filter the fluid and contain white blood cells.",intermediate,en,facts_yaml,facts
qna,science,biology,anatomy,How is nearsightedness corrected?,"In nearsightedness (myopia), the eye focuses light in front of the retina, so distant objects look blurry. It is corrected with diverging (concave) lenses, which spread light rays so they focus on the retina.",beginner,en,facts_yaml,facts
qna,science,biology,immunology,What is the difference between innate and adaptive immunity?,"Innate immunity is the body's fast, general defense against any pathogen, including skin, inflammation, and phagocytes. Adaptive immunity is slower at first but targets specific pathogens using lymphocytes and antibodies, and it remembers them for future encounters.",intermediate,en,facts_yaml,facts
qna,science,biology,immunology,How does a vaccine protect against disease?,"A vaccine exposes the immune system to a harmless form or part of a pathogen, such as an inactivated virus or a protein. The body makes antibodies and memory cells, so if the real pathogen appears later, the immune system can respond quickly.",beginner,en,facts_yaml,facts
qna,science,biology,immunology,What is herd immunity?,Herd immunity occurs when a large enough proportion of a population is immune to an infectious disease that it cannot spread easily. This indirectly protects people who cannot be vaccinated or are not immune.,intermediate,en,facts_yaml,facts
qna,science,biology,immunology,What is the difference between B cells and T cells?,B cells are lymphocytes that produce antibodies to neutralize pathogens. T cells mature in the thymus and either directly kill infected cells (cytotoxic T cells) or coordinate the immune response (helper T cells).,intermediate,en,facts_yaml,facts
qna,science,biology,immunology,What are memory cells in the immune system?,"Memory cells are long-lived B and T lymphocytes that remain after an infection or vaccination. They recognize the same pathogen quickly if it returns, producing a faster and stronger response.",intermediate,en,facts_yaml,facts
qna,science,biology,immunology,What is inflammation?,"Inflammation is the body's protective response to injury or infection, causing redness, heat, swelling, and pain. Blood vessels widen and become leaky so immune cells and proteins can reach the affected area.",beginner,en,facts_yaml,facts
qna,science,biology,immunology,Why does the body develop a fever during infection?,A fever raises body temperature in response to chemicals released during infection. The higher temperature can slow the growth of some pathogens and speed up certain immune responses.,intermediate,en,facts_yaml,facts
qna,science,biology,immunology,What is an allergy?,"An allergy is an overreaction of the immune system to a normally harmless substance, such as pollen or peanuts. The body releases histamine and other chemicals, causing symptoms such as sneezing, itching, or swelling.",intermediate,en,facts_yaml,facts
qna,science,biology,immunology,What is an autoimmune disease?,"An autoimmune disease is a condition in which the immune system mistakenly attacks the body's own cells and tissues. Type 1 diabetes, rheumatoid arthritis, and multiple sclerosis are examples.",intermediate,en,facts_yaml,facts
qna,science,biology,microbiology,Why don't antibiotics work against viruses?,"Antibiotics target structures and processes found in bacteria, such as bacterial cell walls and ribosomes. Viruses lack these structures and reproduce inside host cells, so antibiotics have no effect on them.",beginner,en,facts_yaml,facts
qna,science,biology,microbiology,What is the difference between a virus and a bacterium?,"A bacterium is a single-celled living organism that can grow and reproduce on its own. A virus is much smaller, is not a cell, and can reproduce only by infecting a host cell and using its machinery.",beginner,en,facts_yaml,facts
qna,science,biology,microbiology,What is a bacteriophage?,A bacteriophage is a virus that infects and replicates within bacteria. Phages are being studied as an alternative treatment for antibiotic-resistant infections.,intermediate,en,facts_yaml,facts
qna,science,biology,microbiology,What are fungi?,"Fungi are eukaryotic organisms, including mushrooms, molds, and yeasts, that absorb nutrients from their surroundings. They have cell walls made of chitin and play a key role as decomposers.",beginner,en,facts_yaml,facts
qna,science,biology,microbiology,What are protists?,"Protists are a diverse group of mostly single-celled eukaryotes that are not plants, animals, or fungi. Amoebas, algae, and the parasite that causes malaria are examples.",intermediate,en,facts_yaml,facts
qna,science,biology,microbiology,What is a prion?,A prion is a misfolded protein that can cause normal proteins of the same type to misfold as well. Prions cause fatal brain diseases such as Creutzfeldt-Jakob disease and mad cow disease.,advanced,en,facts_yaml,facts
qna,science,biology,microbiology,What does the Gram stain distinguish between?,"The Gram stain distinguishes bacteria with thick peptidoglycan cell walls, which stay purple (Gram-positive), from those with thin walls and an outer membrane, which stain pink (Gram-negative). The result helps guide antibiotic choice.",advanced,en,facts_yaml,facts
qna,science,biology,microbiology,How do bacteria reproduce?,"Bacteria reproduce asexually by binary fission, in which a cell copies its DNA and then divides into two identical daughter cells. Under ideal conditions, some bacteria can divide every 20 minutes.",intermediate,en,facts_yaml,facts
qna,science,biology,microbiology,What is a pathogen?,"A pathogen is a microorganism or agent that causes disease, such as a bacterium, virus, fungus, or parasite.",beginner,en,facts_yaml,facts
qna,science,biology,microbiology,What are probiotics?,"Probiotics are live beneficial microorganisms, usually bacteria or yeasts, that may support health when consumed, particularly of the digestive system. They are found in foods such as yogurt and fermented products.",beginner,en,facts_yaml,facts
qna,science,biology,microbiology,What are archaea?,"Archaea are single-celled prokaryotes that form a domain of life separate from bacteria. Many live in extreme environments such as hot springs and salt lakes, and their membranes and genetics differ from those of bacteria.",advanced,en,facts_yaml,facts
qna,science,biology,microbiology,What is a lichen?,"A lichen is a symbiotic partnership between a fungus and a photosynthetic partner, usually an alga or cyanobacterium. The partner provides food by photosynthesis while the fungus provides structure and protection.",intermediate,en,facts_yaml,facts
qna,science,biology,microbiology,What is a biofilm?,"A biofilm is a community of microorganisms that stick to a surface and to each other within a protective slimy matrix. Dental plaque is a biofilm, and biofilms can make infections harder to treat.",advanced,en,facts_yaml,facts
qna,science,biology,botany,What is the difference between xylem and phloem?,Xylem carries water and dissolved minerals upward from the roots to the leaves. Phloem carries sugars made in photosynthesis from the leaves to other parts of the plant.,beginner,en,facts_yaml,facts
qna,science,biology,botany,What is transpiration in plants?,"Transpiration is the loss of water vapor from a plant, mostly through the stomata in its leaves. It pulls water up through the xylem from the roots and helps cool the plant.",intermediate,en,facts_yaml,facts
qna,science,biology,botany,What are stomata?,"Stomata are tiny pores, mainly on the underside of leaves, that let carbon dioxide in and oxygen and water vapor out. Each is surrounded by two guard cells that open and close it.",beginner,en,facts_yaml,facts
qna,science,biology,botany,What is phototropism?,Phototropism is the growth of a plant toward or away from light. Shoots grow toward light because the hormone auxin collects on the shaded side and makes those cells elongate more.,intermediate,en,facts_yaml,facts
qna,science,biology,botany,What is auxin?,Auxin is a plant hormone that promotes cell elongation and controls growth responses such as phototropism and gravitropism. It also influences root formation and the dominance of the main shoot.,advanced,en,facts_yaml,facts
qna,science,biology,botany,What is the difference between monocots and dicots?,"Monocots, such as grasses, have one seed leaf, parallel leaf veins, and flower parts in multiples of three. Dicots, such as beans and roses, have two seed leaves, branching veins, and flower parts usually in multiples of four or five.",intermediate,en,facts_yaml,facts
qna,science,biology,botany,Why are most leaves green?,"Leaves contain chlorophyll, a pigment that absorbs red and blue light strongly for photosynthesis but reflects green light. The reflected green light is what we see.",beginner,en,facts_yaml,facts
qna,science,biology,botany,What is a C4 plant?,"A C4 plant, such as maize or sugarcane, first fixes carbon dioxide into a four-carbon compound before passing it to the Calvin cycle. This adaptation reduces photorespiration and makes photosynthesis more efficient in hot, bright conditions.",advanced,en,facts_yaml,facts
qna,science,biology,botany,How are seeds dispersed?,"Seeds are dispersed by wind, water, animals, and explosive mechanisms. For example, dandelion seeds float on the wind, burrs cling to animal fur, and coconuts float on water.",beginner,en,facts_yaml,facts
qna,science,biology,botany,What is photoperiodism?,"Photoperiodism is the response of a plant to the relative lengths of day and night. It controls processes such as flowering, which is why some plants bloom only in spring or autumn.",advanced,en,facts_yaml,facts
qna,science,biology,metabolism,What happens in the Calvin cycle?,"The Calvin cycle is the light-independent stage of photosynthesis, occurring in the stroma of chloroplasts. It uses ATP and NADPH from the light-dependent reactions to fix carbon dioxide into sugars, with the help of the enzyme RuBisCO.",advanced,en,facts_yaml,facts
qna,science,biology,metabolism,What happens in the light-dependent reactions of photosynthesis?,"In the light-dependent reactions, which take place in the thylakoid membranes, chlorophyll absorbs light energy to split water, releasing oxygen. The energy is captured as ATP and NADPH for use in the Calvin cycle.",advanced,en,facts_yaml,facts
qna,science,biology,zoology,What is the difference between vertebrates and invertebrates?,"Vertebrates are animals with a backbone, such as fish, amphibians, reptiles, birds, and mammals. Invertebrates lack a backbone and include insects, worms, mollusks, and jellyfish, which make up the vast majority of animal species.",beginner,en,facts_yaml,facts
qna,science,biology,zoology,What characteristics are shared by mammals?,"Mammals are warm-blooded vertebrates that have hair or fur, feed their young with milk from mammary glands, and breathe air with lungs. Most give birth to live young.",beginner,en,facts_yaml,facts
qna,science,biology,zoology,What is an amphibian?,"An amphibian is a cold-blooded vertebrate, such as a frog or salamander, that usually begins life in water breathing with gills and later lives on land breathing with lungs. Amphibians have moist skin that absorbs water and gases.",beginner,en,facts_yaml,facts
qna,science,biology,zoology,What is the difference between an ectotherm and an endotherm?,"An ectotherm, such as a reptile, relies mainly on its surroundings to regulate body temperature. An endotherm, such as a mammal or bird, generates its own body heat through metabolism to keep a stable temperature.",intermediate,en,facts_yaml,facts
qna,science,biology,zoology,What is metamorphosis?,"Metamorphosis is a major change in body form during an animal's development, such as a caterpillar becoming a butterfly or a tadpole becoming a frog.",beginner,en,facts_yaml,facts
qna,science,biology,zoology,What is echolocation?,Echolocation is the use of sound echoes to locate objects. Bats and dolphins emit high-pitched calls and interpret the returning echoes to navigate and find prey.,intermediate,en,facts_yaml,facts
qna,science,biology,zoology,What is hibernation?,"Hibernation is a state of greatly reduced activity, body temperature, and metabolism that some animals enter during winter. It lets them conserve energy when food is scarce.",beginner,en,facts_yaml,facts
qna,science,biology,zoology,Why do animals migrate?,"Animals migrate to move between areas that offer better food, climate, or breeding conditions at different times of year. Many birds, for example, fly to warmer regions for the winter.",beginner,en,facts_yaml,facts
qna,science,biology,zoology,What is camouflage in animals?,"Camouflage is coloring, patterns, or body shape that helps an animal blend into its surroundings. It helps prey avoid being seen and helps predators approach unnoticed.",beginner,en,facts_yaml,facts
qna,science,biology,zoology,What is Batesian mimicry?,"Batesian mimicry occurs when a harmless species evolves to resemble a harmful or bad-tasting species. Predators that have learned to avoid the harmful species also avoid the mimic, such as hoverflies that look like wasps.",advanced,en,facts_yaml,facts
qna,science,biology,zoology,What is an exoskeleton?,"An exoskeleton is a hard external skeleton that supports and protects an animal's body, found in arthropods such as insects and crabs. It is made largely of chitin and must be shed during growth in a process called molting.",intermediate,en,facts_yaml,facts
qna,science,biology,zoology,What is a marsupial?,"A marsupial is a mammal whose young are born at a very early stage and usually continue developing in a pouch on the mother's body. Kangaroos, koalas, and opossums are marsupials.",intermediate,en,facts_yaml,facts
qna,science,biology,zoology,What are monotremes?,Monotremes are mammals that lay eggs instead of giving birth to live young. The only living monotremes are the platypus and the echidnas.,advanced,en,facts_yaml,facts
qna,science,biology,ecology,What are trophic levels?,"Trophic levels are the feeding positions in a food chain. Producers form the first level, followed by primary consumers (herbivores), secondary consumers, and so on up to top predators.",beginner,en,facts_yaml,facts
qna,science,biology,ecology,Why is only about 10% of energy passed from one trophic level to the next?,"Most energy an organism takes in is used for its own life processes, such as respiration and movement, or is lost as heat and in undigested waste. Only about a tenth is stored in body tissue that the next level can eat.",intermediate,en,facts_yaml,facts
qna,science,biology,ecology,What is a keystone species?,"A keystone species has a disproportionately large effect on its ecosystem relative to its abundance. Removing it, as when sea otters disappear and sea urchins overgraze kelp forests, can cause major changes to the whole community.",intermediate,en,facts_yaml,facts
qna,science,biology,ecology,"What are mutualism, commensalism, and parasitism?","They are types of symbiosis. In mutualism, both species benefit; in commensalism, one benefits and the other is unaffected; and in parasitism, one benefits at the other's expense.",beginner,en,facts_yaml,facts
qna,science,biology,ecology,Why do predator and prey populations often rise and fall in cycles?,"When prey is plentiful, predators have more food and their numbers rise. More predators then reduce the prey population, which causes predators to decline from lack of food, allowing the prey to recover and the cycle to repeat.",intermediate,en,facts_yaml,facts
qna,science,biology,ecology,What is an ecological niche?,"An ecological niche is the role a species plays in its ecosystem, including what it eats, where it lives, when it is active, and how it interacts with other species.",intermediate,en,facts_yaml,facts
qna,science,biology,ecology,What is ecological succession?,Ecological succession is the gradual process by which the species in a community change over time. Pioneer species colonize an area first and are gradually replaced until a relatively stable climax community forms.,intermediate,en,facts_yaml,facts
qna,science,biology,ecology,What is the difference between primary and secondary succession?,"Primary succession starts on bare ground with no soil, such as new volcanic rock. Secondary succession occurs where a community has been disturbed but soil remains, such as after a forest fire, and it proceeds faster.",intermediate,en,facts_yaml,facts
qna,science,biology,ecology,What is an apex predator?,"An apex predator is a predator at the top of a food chain with no natural predators of its own. Lions, orcas, and eagles are examples.",beginner,en,facts_yaml,facts
qna,science,biology,ecology,What is the nitrogen cycle?,"The nitrogen cycle is the movement of nitrogen between the atmosphere, soil, and living things. Bacteria convert nitrogen gas into usable compounds, plants absorb them, animals eat plants, and decomposers and denitrifying bacteria return nitrogen to the soil and air.",intermediate,en,facts_yaml,facts
qna,science,biology,ecology,What is biomagnification?,"Biomagnification is the increasing concentration of a persistent toxin, such as mercury or DDT, at each higher level of a food chain. Top predators accumulate the highest concentrations because they eat many contaminated prey.",intermediate,en,facts_yaml,facts
qna,science,biology,ecology,What is the competitive exclusion principle?,The competitive exclusion principle states that two species competing for exactly the same limited resources cannot coexist indefinitely in the same place. One will eventually outcompete the other unless their niches differ.,advanced,en,facts_yaml,facts
qna,science,biology,ecology,What is the difference between r-selected and K-selected species?,"r-selected species, such as insects, produce many offspring with little parental care and thrive in unstable environments. K-selected species, such as elephants, produce few offspring, invest heavily in each, and live near their environment's carrying capacity.",advanced,en,facts_yaml,facts
qna,science,biology,ecology,What is a limiting factor in ecology?,"A limiting factor is an environmental condition, such as food, water, light, or space, that restricts the growth or size of a population when it is in short supply.",intermediate,en,facts_yaml,facts
qna,science,biology,ecology,What is an indicator species?,"An indicator species is an organism whose presence, absence, or condition reveals information about the health of its environment. Lichens, for example, are sensitive to air pollution.",intermediate,en,facts_yaml,facts
qna,science,biology,metabolism,What is glycolysis?,"Glycolysis is the first stage of cellular respiration, taking place in the cytoplasm. It splits one glucose molecule into two molecules of pyruvate, producing a small net gain of two ATP and does not require oxygen.",intermediate,en,facts_yaml,facts
qna,science,biology,metabolism,What is the Krebs cycle?,"The Krebs cycle, or citric acid cycle, is a series of reactions in the mitochondrial matrix that breaks down acetyl groups derived from pyruvate into carbon dioxide. It generates NADH and FADH₂, which carry electrons to the electron transport chain.",advanced,en,facts_yaml,facts
qna,science,biology,metabolism,What is the electron transport chain?,"The electron transport chain is a series of proteins in the inner mitochondrial membrane that pass electrons from NADH and FADH₂ to oxygen. The energy released pumps protons across the membrane, and their flow back through ATP synthase produces most of the cell's ATP.",advanced,en,facts_yaml,facts
qna,science,biology,metabolism,Why do muscles feel a burning sensation during intense exercise?,"When oxygen cannot be delivered fast enough, muscle cells use anaerobic respiration, converting glucose to lactate for quick energy. This is accompanied by a buildup of hydrogen ions and other metabolites that contributes to the burning feeling and fatigue.",intermediate,en,facts_yaml,facts
qna,science,biology,metabolism,How does yeast make bread rise?,"Yeast ferments sugars in the dough, producing carbon dioxide gas and ethanol. The carbon dioxide forms bubbles that make the dough rise, and the ethanol evaporates during baking.",beginner,en,facts_yaml,facts
qna,science,biology,metabolism,What is basal metabolic rate?,"Basal metabolic rate is the amount of energy the body uses at complete rest to maintain vital functions such as breathing, circulation, and cell repair. It accounts for most of the calories a typical person burns each day.",intermediate,en,facts_yaml,facts
qna,science,biology,metabolism,What is the main role of carbohydrates in the diet?,"Carbohydrates, such as starches and sugars, are the body's main source of energy. They are broken down into glucose, which cells use in respiration.",beginner,en,facts_yaml,facts
qna,science,biology,metabolism,What are the main functions of lipids in the body?,"Lipids store energy efficiently, form the main structure of cell membranes, insulate the body, protect organs, and act as signaling molecules such as steroid hormones.",beginner,en,facts_yaml,facts
qna,science,biology,metabolism,What are vitamins?,"Vitamins are organic compounds that the body needs in small amounts for normal growth and metabolism but usually cannot make in sufficient quantities. For example, vitamin C is needed for healthy connective tissue, and a lack of it causes scurvy.",beginner,en,facts_yaml,facts
qna,science,biology,metabolism,What happens when an enzyme is denatured?,"When an enzyme is denatured, for example by high temperature or extreme pH, its three-dimensional shape changes and its active site is altered. The substrate can no longer fit, so the enzyme stops working.",intermediate,en,facts_yaml,facts
qna,science,biology,metabolism,What is the induced-fit model of enzyme action?,"The induced-fit model states that an enzyme's active site changes shape slightly when the substrate binds, forming a closer fit. It refines the older lock-and-key model, in which the active site was seen as a rigid, exact match.",intermediate,en,facts_yaml,facts
qna,science,biology,biotechnology,What is CRISPR-Cas9?,"CRISPR-Cas9 is a gene-editing tool adapted from a bacterial defense system. A guide RNA directs the Cas9 enzyme to a specific DNA sequence, where it cuts the DNA so that genes can be disabled, corrected, or inserted.",advanced,en,facts_yaml,facts
qna,science,biology,biotechnology,What is the polymerase chain reaction (PCR)?,"PCR is a laboratory technique that makes millions of copies of a specific DNA segment. It repeatedly cycles through heating to separate strands, cooling so primers attach, and extension by a heat-stable DNA polymerase.",intermediate,en,facts_yaml,facts
qna,science,biology,biotechnology,What is gel electrophoresis?,"Gel electrophoresis separates DNA fragments, RNA, or proteins by size. An electric current pulls the negatively charged molecules through a gel, and smaller fragments travel farther than larger ones.",intermediate,en,facts_yaml,facts
qna,science,biology,biotechnology,How is human insulin produced using genetic engineering?,"The human insulin gene is inserted into a plasmid, which is placed into bacteria or yeast. The modified microbes are grown in large tanks, where they produce human insulin that is then purified for people with diabetes.",intermediate,en,facts_yaml,facts
qna,science,biology,biotechnology,What was significant about Dolly the sheep?,"Dolly, born in 1996, was the first mammal cloned from an adult body cell, using a technique called somatic cell nuclear transfer. She showed that a specialized adult cell's nucleus could be reprogrammed to produce a whole organism.",intermediate,en,facts_yaml,facts
qna,science,biology,biotechnology,What is DNA fingerprinting?,"DNA fingerprinting, or DNA profiling, analyzes regions of DNA that vary greatly between individuals to produce a pattern unique to each person, except identical twins. It is used in forensics and paternity testing.",intermediate,en,facts_yaml,facts
qna,science,biology,biotechnology,What is gene therapy?,"Gene therapy treats disease by introducing, altering, or replacing genes in a patient's cells, often using modified viruses to deliver a working copy of a faulty gene. It has been used for some inherited disorders and cancers.",advanced,en,facts_yaml,facts
qna,science,biology,biotechnology,What are monoclonal antibodies?,"Monoclonal antibodies are identical antibodies produced by clones of a single immune cell, all targeting the same specific antigen. They are used in pregnancy tests, diagnostics, and treatments for cancers and autoimmune diseases.",advanced,en,facts_yaml,facts
qna,science,biology,reproduction,What is the difference between sexual and asexual reproduction?,"Sexual reproduction combines genetic material from two parents through the fusion of gametes, producing genetically varied offspring. Asexual reproduction involves one parent and produces genetically identical offspring, or clones.",beginner,en,facts_yaml,facts
qna,science,biology,reproduction,What is fertilization?,"Fertilization is the fusion of a male gamete with a female gamete to form a zygote. The zygote contains a full set of chromosomes, half from each parent.",beginner,en,facts_yaml,facts
qna,science,biology,reproduction,What is the function of the placenta?,"The placenta is an organ that connects a developing fetus to the mother's uterine wall. It supplies oxygen and nutrients, removes waste, and produces hormones, while keeping the two blood supplies separate.",intermediate,en,facts_yaml,facts
qna,science,biology,reproduction,Why are gametes haploid?,"Gametes carry only one set of chromosomes (haploid) so that when two fuse at fertilization, the zygote has the normal two sets (diploid). Without this halving, the chromosome number would double every generation.",intermediate,en,facts_yaml,facts
qna,science,biology,reproduction,What is budding in reproduction?,Budding is a form of asexual reproduction in which a new organism grows as an outgrowth from the parent and then detaches. Yeast and hydra reproduce by budding.,intermediate,en,facts_yaml,facts
qna,science,biology,reproduction,What is vegetative propagation?,"Vegetative propagation is asexual reproduction in plants from parts such as stems, roots, or leaves rather than seeds. Potatoes growing from tubers and strawberries spreading by runners are examples.",intermediate,en,facts_yaml,facts
qna,science,biology,taxonomy,What is binomial nomenclature?,"Binomial nomenclature is the two-part naming system for species, introduced by Carl Linnaeus. Each species name consists of a genus name and a species name, such as Homo sapiens for humans.",beginner,en,facts_yaml,facts
qna,science,biology,taxonomy,What are the main taxonomic ranks in order?,"From broadest to most specific, the main taxonomic ranks are domain, kingdom, phylum, class, order, family, genus, and species.",beginner,en,facts_yaml,facts
qna,science,biology,taxonomy,What are the three domains of life?,"The three domains of life are Bacteria, Archaea, and Eukarya. Bacteria and Archaea are prokaryotes, while Eukarya includes all organisms with eukaryotic cells, such as plants, animals, fungi, and protists.",intermediate,en,facts_yaml,facts
qna,science,astronomy,earth_and_moon,What causes the seasons on Earth?,"Seasons are caused by the tilt of Earth's axis, about 23.5°, relative to its orbit around the Sun. As Earth orbits, each hemisphere alternately tilts toward the Sun, receiving more direct sunlight and longer days (summer), and away from it (winter).",beginner,en,facts_yaml,facts
qna,science,astronomy,earth_and_moon,Why does the Moon have phases?,"The Moon's phases occur because we see different portions of its sunlit half as it orbits Earth. At new moon, the lit side faces away from us; at full moon, it faces us fully.",beginner,en,facts_yaml,facts
qna,science,astronomy,earth_and_moon,Why do we always see the same side of the Moon?,"The Moon is tidally locked to Earth: it rotates once on its axis in the same time it takes to orbit Earth, about 27.3 days. As a result, the same hemisphere always faces us.",intermediate,en,facts_yaml,facts
qna,science,astronomy,earth_and_moon,What causes ocean tides?,"Tides are caused mainly by the Moon's gravity pulling on Earth's oceans, creating bulges of water on the side facing the Moon and on the opposite side. As Earth rotates through these bulges, most coastlines experience two high tides and two low tides each day.",beginner,en,facts_yaml,facts
qna,science,astronomy,earth_and_moon,What is the difference between spring tides and neap tides?,"Spring tides, with the largest tidal range, occur at new and full moon when the Sun and Moon are aligned and their pulls combine. Neap tides, with the smallest range, occur at the quarter moons when the Sun and Moon pull at right angles.",intermediate,en,facts_yaml,facts
qna,science,astronomy,earth_and_moon,Why don't eclipses happen every month?,"The Moon's orbit is tilted about 5° relative to Earth's orbit around the Sun. Most months, the Moon passes above or below the line between Earth and the Sun, so eclipses occur only when a new or full moon happens near the points where the orbits cross.",intermediate,en,facts_yaml,facts
qna,science,astronomy,cosmology,What is the Big Bang theory?,"The Big Bang theory states that the universe began about 13.8 billion years ago in an extremely hot, dense state and has been expanding and cooling ever since. It is supported by the expansion of the universe, the cosmic microwave background, and the abundance of light elements.",beginner,en,facts_yaml,facts
qna,science,astronomy,cosmology,What is the cosmic microwave background?,"The cosmic microwave background is faint microwave radiation filling the universe, left over from about 380,000 years after the Big Bang when atoms first formed and light could travel freely. It is strong evidence for the Big Bang.",intermediate,en,facts_yaml,facts
qna,science,astronomy,cosmology,What does Hubble's law state?,Hubble's law states that galaxies are moving away from us at speeds proportional to their distance. It provides evidence that the universe is expanding.,intermediate,en,facts_yaml,facts
qna,science,astronomy,cosmology,What is dark matter?,"Dark matter is an invisible form of matter that does not emit or absorb light but is detected through its gravitational effects on galaxies and galaxy clusters. It appears to make up about 85% of the matter in the universe, but its nature is unknown.",intermediate,en,facts_yaml,facts
qna,science,astronomy,cosmology,What is dark energy?,Dark energy is the name given to the unknown cause of the accelerating expansion of the universe. It is estimated to make up roughly 68% of the total energy content of the universe.,advanced,en,facts_yaml,facts
qna,science,astronomy,galaxies,What are the main types of galaxies?,"The main types of galaxies are spiral galaxies, with rotating disks and arms like the Milky Way; elliptical galaxies, which are smooth and oval-shaped; and irregular galaxies, which have no clear shape.",beginner,en,facts_yaml,facts
qna,science,astronomy,stars,How do stars form?,"Stars form inside cold, dense clouds of gas and dust. Gravity causes regions of the cloud to collapse, heating up as they contract, until the core becomes hot and dense enough for hydrogen fusion to begin.",intermediate,en,facts_yaml,facts
qna,science,astronomy,stars,What determines the color of a star?,"A star's color depends mainly on its surface temperature. The hottest stars appear blue-white, medium stars like the Sun appear yellow-white, and cooler stars appear orange or red.",intermediate,en,facts_yaml,facts
qna,science,astronomy,stars,What determines how a star will end its life?,"A star's mass determines its fate. Low- and medium-mass stars like the Sun swell into red giants and end as white dwarfs, while very massive stars explode as supernovae and leave behind neutron stars or black holes.",intermediate,en,facts_yaml,facts
qna,science,astronomy,stars,What is the Hertzsprung-Russell diagram?,"The Hertzsprung-Russell diagram is a graph that plots stars' luminosity against their surface temperature or color. Most stars lie along a diagonal band called the main sequence, while giants, supergiants, and white dwarfs occupy distinct regions.",advanced,en,facts_yaml,facts
qna,science,astronomy,stars,What is a red dwarf?,"A red dwarf is a small, cool, dim star with much less mass than the Sun. Red dwarfs are the most common type of star in the Milky Way and can shine for trillions of years.",intermediate,en,facts_yaml,facts
qna,science,astronomy,stars,What is a brown dwarf?,"A brown dwarf is an object with a mass between that of the largest planets and the smallest stars. It is too small to sustain hydrogen fusion in its core, so it glows faintly and cools over time.",intermediate,en,facts_yaml,facts
qna,science,astronomy,stars,What is a binary star?,A binary star is a system of two stars that orbit a common center of mass. Many stars in our galaxy are part of binary or multiple-star systems.,beginner,en,facts_yaml,facts
qna,science,astronomy,stars,Why are Cepheid variable stars important in astronomy?,"Cepheid variables pulsate in brightness with a period that is directly related to their true luminosity. By measuring the period and comparing it with their apparent brightness, astronomers can calculate their distance, making them key tools for measuring distances to galaxies.",advanced,en,facts_yaml,facts
qna,science,astronomy,solar_system,What is the Kuiper Belt?,"The Kuiper Belt is a region of icy bodies beyond Neptune's orbit, about 30 to 50 astronomical units from the Sun. It contains dwarf planets such as Pluto and is a source of short-period comets.",intermediate,en,facts_yaml,facts
qna,science,astronomy,solar_system,What is the Oort Cloud?,"The Oort Cloud is a hypothesized vast, spherical shell of icy objects surrounding the Solar System at distances of thousands to perhaps 100,000 astronomical units. It is thought to be the source of long-period comets.",advanced,en,facts_yaml,facts
qna,science,astronomy,solar_system,Where is the main asteroid belt located?,"The main asteroid belt lies between the orbits of Mars and Jupiter. It contains millions of rocky bodies, the largest of which is the dwarf planet Ceres.",beginner,en,facts_yaml,facts
qna,science,astronomy,solar_system,Why was Pluto reclassified as a dwarf planet?,"In 2006, the International Astronomical Union defined a planet as a body that orbits the Sun, is round, and has cleared its orbit of other objects. Pluto orbits among many Kuiper Belt objects and has not cleared its neighborhood, so it was reclassified as a dwarf planet.",beginner,en,facts_yaml,facts
qna,science,astronomy,solar_system,Why is Venus the hottest planet even though Mercury is closer to the Sun?,"Venus has a very thick atmosphere of carbon dioxide that traps heat through an intense greenhouse effect. Its surface reaches about 465 °C, hotter than Mercury, which has almost no atmosphere to retain heat.",beginner,en,facts_yaml,facts
qna,science,astronomy,solar_system,What is Jupiter's Great Red Spot?,"The Great Red Spot is a giant, long-lasting storm in Jupiter's atmosphere, larger than Earth. It has been observed for more than 150 years, possibly much longer.",beginner,en,facts_yaml,facts
qna,science,astronomy,solar_system,What are Saturn's rings made of?,"Saturn's rings are made mostly of countless pieces of water ice, with some rock and dust. The pieces range in size from tiny grains to chunks as large as houses.",beginner,en,facts_yaml,facts
qna,science,astronomy,solar_system,Why is Jupiter's moon Europa of interest in the search for life?,"Europa is believed to have a salty liquid-water ocean beneath its icy crust, kept liquid by tidal heating from Jupiter. Liquid water, chemical energy, and essential elements could make it habitable for microbial life.",intermediate,en,facts_yaml,facts
qna,science,astronomy,solar_system,What is unusual about Saturn's moon Titan?,"Titan is the only moon in the Solar System with a thick atmosphere, made mostly of nitrogen. It also has lakes and rivers of liquid methane and ethane on its surface.",intermediate,en,facts_yaml,facts
qna,science,astronomy,solar_system,What is Olympus Mons?,"Olympus Mons is a giant shield volcano on Mars and the tallest known volcano in the Solar System. It rises about 22 kilometers above the surrounding plains, more than twice the height of Mount Everest.",beginner,en,facts_yaml,facts
qna,science,astronomy,solar_system,Why does Mars look red?,"Mars looks red because its surface dust and rocks contain a lot of iron oxide, commonly known as rust.",beginner,en,facts_yaml,facts
qna,science,astronomy,the_sun,What is the solar wind?,"The solar wind is a continuous stream of charged particles, mainly electrons and protons, flowing outward from the Sun's corona. It shapes planetary magnetospheres and comet tails.",intermediate,en,facts_yaml,facts
qna,science,astronomy,the_sun,What causes the aurora?,"Auroras are caused when charged particles from the Sun are guided by Earth's magnetic field toward the polar regions. The particles collide with oxygen and nitrogen in the upper atmosphere, making them glow green, red, or purple.",beginner,en,facts_yaml,facts
qna,science,astronomy,the_sun,What are sunspots?,"Sunspots are temporary darker, cooler areas on the Sun's surface caused by intense magnetic activity that slows the flow of heat. Their number rises and falls over an approximately 11-year solar cycle.",intermediate,en,facts_yaml,facts
qna,science,astronomy,the_sun,What is a solar flare?,"A solar flare is a sudden, intense burst of radiation from the Sun, caused by the release of magnetic energy near sunspots. Strong flares can disrupt radio communications and satellites on Earth.",intermediate,en,facts_yaml,facts
qna,science,astronomy,the_sun,What is the Sun's corona?,"The corona is the outermost layer of the Sun's atmosphere, extending millions of kilometers into space. It is extremely hot, over a million degrees Celsius, and is visible as a pearly glow during a total solar eclipse.",intermediate,en,facts_yaml,facts
qna,science,astronomy,the_sun,How long does sunlight take to reach Earth?,Sunlight takes about 8 minutes and 20 seconds to travel the roughly 150 million kilometers from the Sun to Earth.,beginner,en,facts_yaml,facts
qna,science,astronomy,cosmology,How old is the universe?,"The universe is estimated to be about 13.8 billion years old, based on measurements of the cosmic microwave background and the rate of cosmic expansion.",beginner,en,facts_yaml,facts
qna,science,astronomy,solar_system,How old is the Solar System?,The Solar System is about 4.6 billion years old. This age comes from radiometric dating of the oldest meteorites.,beginner,en,facts_yaml,facts
qna,science,astronomy,solar_system,What is the nebular hypothesis?,"The nebular hypothesis states that the Solar System formed from a rotating cloud of gas and dust that collapsed under gravity. Most material formed the Sun, while the rest flattened into a disk in which the planets formed.",intermediate,en,facts_yaml,facts
qna,science,astronomy,solar_system,Why are planets round?,"Planets are massive enough that their own gravity pulls their material toward the center from all directions. Over time, this pulls them into a nearly spherical shape, a state called hydrostatic equilibrium.",intermediate,en,facts_yaml,facts
qna,science,astronomy,observation,Why do stars twinkle?,"Stars twinkle because their light passes through turbulent layers of Earth's atmosphere that bend it slightly and unpredictably. Planets twinkle less because they appear as tiny disks rather than points, which averages out the distortion.",beginner,en,facts_yaml,facts
qna,science,astronomy,observation,What is light pollution?,"Light pollution is excessive or misdirected artificial light, such as from streetlights and buildings, that brightens the night sky. It makes faint stars hard to see and can disrupt wildlife.",beginner,en,facts_yaml,facts
qna,science,astronomy,observation,What is the difference between a refracting and a reflecting telescope?,"A refracting telescope uses lenses to gather and focus light, while a reflecting telescope uses curved mirrors. Large research telescopes are reflectors because big mirrors are easier to make and support than big lenses.",intermediate,en,facts_yaml,facts
qna,science,astronomy,observation,Why are some telescopes placed in space?,"Space telescopes avoid the blurring and absorption caused by Earth's atmosphere. They can capture sharper images and observe wavelengths such as ultraviolet, X-rays, and much of the infrared that the atmosphere blocks.",intermediate,en,facts_yaml,facts
qna,science,astronomy,observation,What is the Hubble Space Telescope?,"The Hubble Space Telescope is a large space-based telescope launched in 1990 into low Earth orbit. It observes in visible, ultraviolet, and near-infrared light and has made key discoveries, including measuring the universe's expansion rate.",beginner,en,facts_yaml,facts
qna,science,astronomy,observation,Why does the James Webb Space Telescope observe mainly in infrared?,"Light from the most distant galaxies is redshifted into the infrared by the expansion of the universe. Infrared also passes through dust clouds, letting Webb see forming stars and planets that are hidden in visible light.",intermediate,en,facts_yaml,facts
qna,science,astronomy,observation,What is a radio telescope?,"A radio telescope uses a large dish antenna to collect radio waves from space. It can observe objects such as pulsars, cold gas clouds, and the cosmic microwave background, and can work in daylight and cloudy weather.",intermediate,en,facts_yaml,facts
qna,science,astronomy,observation,How do astronomers detect exoplanets using the transit method?,"In the transit method, astronomers measure a star's brightness over time. When a planet passes in front of the star, it blocks a small fraction of the light, causing a regular dip that reveals the planet's size and orbital period.",intermediate,en,facts_yaml,facts
qna,science,astronomy,observation,What is the Drake equation?,"The Drake equation is a formula proposed by Frank Drake in 1961 to estimate the number of communicating civilizations in our galaxy. It multiplies factors such as the rate of star formation, the fraction of stars with planets, and the lifetime of civilizations.",advanced,en,facts_yaml,facts
qna,science,astronomy,observation,Why does Polaris appear to stay fixed in the night sky?,"Polaris, the North Star, lies almost directly above Earth's North Pole along the line of Earth's rotation axis. As Earth rotates, other stars appear to circle around it while it stays nearly still, making it useful for navigation.",beginner,en,facts_yaml,facts
qna,science,astronomy,earth_and_moon,What is the difference between a sidereal day and a solar day?,"A sidereal day, about 23 hours 56 minutes, is the time Earth takes to rotate once relative to distant stars. A solar day, 24 hours, is slightly longer because Earth must rotate a little extra to bring the Sun back to the same position as it moves along its orbit.",intermediate,en,facts_yaml,facts
qna,science,astronomy,earth_and_moon,Why do we have leap years?,"Earth takes about 365.24 days to orbit the Sun, not exactly 365. Adding an extra day, February 29, almost every four years keeps the calendar aligned with the seasons.",beginner,en,facts_yaml,facts
qna,science,astronomy,galaxies,What is the Local Group?,"The Local Group is the group of more than 50 galaxies that includes the Milky Way. Its largest members are the Andromeda Galaxy, the Milky Way, and the Triangulum Galaxy.",intermediate,en,facts_yaml,facts
qna,science,astronomy,galaxies,What are the Magellanic Clouds?,The Large and Small Magellanic Clouds are two irregular dwarf galaxies that orbit the Milky Way. They are visible to the naked eye from the Southern Hemisphere.,intermediate,en,facts_yaml,facts
qna,science,astronomy,galaxies,What is Sagittarius A*?,"Sagittarius A* is the supermassive black hole at the center of the Milky Way, with a mass of about four million times that of the Sun. Its existence was confirmed by tracking the orbits of stars near it.",advanced,en,facts_yaml,facts
qna,science,astronomy,stars,What is the Chandrasekhar limit?,"The Chandrasekhar limit is the maximum mass, about 1.4 times the Sun's mass, that a white dwarf can have while being supported by electron degeneracy pressure. Above this limit, it collapses or explodes as a supernova.",advanced,en,facts_yaml,facts
qna,science,astronomy,stars,"What do the spectral classes O, B, A, F, G, K, and M represent?","These letters classify stars by surface temperature, from the hottest blue O-type stars to the coolest red M-type stars. The Sun is a G-type star.",advanced,en,facts_yaml,facts
qna,science,astronomy,stars,What is the nearest star to the Solar System?,"The nearest star to the Sun is Proxima Centauri, about 4.24 light-years away. It is a red dwarf in the Alpha Centauri system.",beginner,en,facts_yaml,facts
qna,science,astronomy,solar_system,What causes a meteor shower?,"A meteor shower happens when Earth passes through a stream of debris left behind by a comet. The small particles burn up in the atmosphere, producing many meteors that appear to radiate from one point in the sky.",beginner,en,facts_yaml,facts
qna,science,astronomy,earth_and_moon,How is the Moon thought to have formed?,"The leading explanation is the giant-impact hypothesis: about 4.5 billion years ago, a Mars-sized body collided with the young Earth, and debris from the collision gathered in orbit to form the Moon.",intermediate,en,facts_yaml,facts
qna,science,astronomy,earth_and_moon,Why does the Moon have almost no atmosphere?,"The Moon's gravity is too weak to hold on to gases for long, and it has no global magnetic field to shield it from the solar wind. Any gas released escapes into space.",intermediate,en,facts_yaml,facts
qna,science,astronomy,solar_system,What is the difference between terrestrial planets and gas giants?,"Terrestrial planets, namely Mercury, Venus, Earth, and Mars, are small and rocky with solid surfaces. Gas giants, Jupiter and Saturn, are huge and made mostly of hydrogen and helium, with no solid surface.",beginner,en,facts_yaml,facts
qna,science,astronomy,solar_system,Why are Uranus and Neptune called ice giants?,"Uranus and Neptune are called ice giants because, beneath their hydrogen-helium atmospheres, they contain large amounts of water, ammonia, and methane, which planetary scientists call ices. They are smaller than Jupiter and Saturn and have a different internal composition.",intermediate,en,facts_yaml,facts
qna,science,astronomy,observation,What is the apparent retrograde motion of Mars?,"Apparent retrograde motion is when Mars seems to move backward against the background stars for a few weeks. It happens because Earth, on its faster inner orbit, overtakes Mars, changing our line of sight.",intermediate,en,facts_yaml,facts
qna,science,astronomy,history_of_astronomy,What is the difference between the geocentric and heliocentric models?,"The geocentric model placed Earth at the center of the universe, with the Sun and planets orbiting it. The heliocentric model, proposed by Copernicus, places the Sun at the center with Earth and the other planets orbiting it.",beginner,en,facts_yaml,facts
qna,science,astronomy,history_of_astronomy,What did Galileo observe with his telescope that supported the heliocentric model?,"Galileo observed four moons orbiting Jupiter, showing that not everything orbits Earth, and saw that Venus has a full set of phases, which can only happen if Venus orbits the Sun.",intermediate,en,facts_yaml,facts
qna,science,astronomy,history_of_astronomy,What does Kepler's first law state?,"Kepler's first law states that planets orbit the Sun in ellipses, with the Sun at one focus of the ellipse, rather than in perfect circles.",intermediate,en,facts_yaml,facts
qna,science,astronomy,history_of_astronomy,Who was Nicolaus Copernicus?,"Nicolaus Copernicus was a Polish astronomer who in 1543 published a model placing the Sun, rather than Earth, at the center of the known universe. His work began the Scientific Revolution in astronomy.",beginner,en,facts_yaml,facts
qna,science,earth_science,atmosphere,What are the main layers of Earth's atmosphere?,"From the ground up, the main layers are the troposphere, stratosphere, mesosphere, thermosphere, and exosphere. Weather occurs in the troposphere, and the ozone layer lies in the stratosphere.",beginner,en,facts_yaml,facts
qna,science,earth_science,atmosphere,What gases make up most of Earth's atmosphere?,"Dry air is about 78% nitrogen and 21% oxygen, with roughly 0.9% argon and small amounts of carbon dioxide and other gases. Water vapor varies from almost none to a few percent.",beginner,en,facts_yaml,facts
qna,science,earth_science,weather,What is the difference between weather and climate?,"Weather is the state of the atmosphere at a particular place and time, such as today's rain or temperature. Climate is the average pattern of weather in a region over a long period, usually 30 years or more.",beginner,en,facts_yaml,facts
qna,science,earth_science,weather,How do clouds form?,"Clouds form when moist air rises and cools. Cooler air can hold less water vapor, so the vapor condenses onto tiny particles such as dust to form water droplets or ice crystals.",beginner,en,facts_yaml,facts
qna,science,earth_science,weather,What is a weather front?,"A weather front is the boundary between two air masses with different temperatures and humidity. Fronts often bring changes in weather, such as clouds, rain, and shifts in wind.",intermediate,en,facts_yaml,facts
qna,science,earth_science,weather,What is the difference between a cold front and a warm front?,"At a cold front, cold air pushes under warm air and forces it up quickly, often producing thunderstorms and a sharp temperature drop. At a warm front, warm air gradually rises over cold air, usually bringing steady, lighter rain over a wider area.",intermediate,en,facts_yaml,facts
qna,science,earth_science,weather,What is humidity?,"Humidity is the amount of water vapor in the air. Relative humidity is the amount present compared with the maximum the air could hold at that temperature, expressed as a percentage.",beginner,en,facts_yaml,facts
qna,science,earth_science,weather,What is the dew point?,"The dew point is the temperature to which air must be cooled for its water vapor to condense into liquid. When the temperature falls to the dew point, dew, fog, or clouds form.",intermediate,en,facts_yaml,facts
qna,science,earth_science,weather,What instrument measures air pressure?,"A barometer measures air pressure. Falling pressure often signals approaching storms, while rising pressure usually indicates fair weather.",beginner,en,facts_yaml,facts
qna,science,earth_science,weather,How do high-pressure and low-pressure systems affect weather?,"High-pressure systems have sinking air that suppresses cloud formation, usually bringing clear, calm weather. Low-pressure systems have rising air that cools and forms clouds, often bringing rain and wind.",intermediate,en,facts_yaml,facts
qna,science,earth_science,weather,What causes wind?,"Wind is caused by differences in air pressure, which result mainly from uneven heating of Earth's surface by the Sun. Air moves from areas of high pressure toward areas of low pressure.",beginner,en,facts_yaml,facts
qna,science,earth_science,weather,What causes sea breezes?,"During the day, land heats up faster than the sea, so warm air rises over the land and cooler air from the sea flows in to replace it. At night, the process reverses, producing a land breeze.",intermediate,en,facts_yaml,facts
qna,science,earth_science,weather,What is the Coriolis effect?,"The Coriolis effect is the apparent deflection of moving air or water caused by Earth's rotation. It deflects winds to the right in the Northern Hemisphere and to the left in the Southern Hemisphere, shaping global wind patterns and storm rotation.",intermediate,en,facts_yaml,facts
qna,science,earth_science,weather,How does a hurricane form?,"A hurricane forms over warm tropical ocean water, usually at least 26.5 °C. Warm, moist air rises and condenses, releasing heat that fuels the storm, while the Coriolis effect makes the system spin around a low-pressure center.",intermediate,en,facts_yaml,facts
qna,science,earth_science,weather,What is the eye of a hurricane?,"The eye is the calm, often clear center of a hurricane, surrounded by the eyewall, where the strongest winds and heaviest rain occur.",beginner,en,facts_yaml,facts
qna,science,earth_science,weather,How does a tornado form?,"A tornado usually forms from a severe thunderstorm called a supercell, where changing wind speed and direction with height create a rotating column of air. When the rotation tightens and reaches the ground, it becomes a tornado.",intermediate,en,facts_yaml,facts
qna,science,earth_science,weather,What causes lightning?,"Lightning is caused by the buildup of electric charge in thunderclouds as ice particles and water droplets collide. When the charge difference becomes large enough, a giant spark discharges between parts of the cloud or between the cloud and the ground.",intermediate,en,facts_yaml,facts
qna,science,earth_science,weather,What causes thunder?,"Thunder is caused by lightning rapidly heating the air around it to around 30,000 °C. The air expands explosively, creating a shock wave that we hear as thunder.",beginner,en,facts_yaml,facts
qna,science,earth_science,weather,How does hail form?,"Hail forms in strong thunderstorms when updrafts carry raindrops high into freezing parts of the cloud. The ice pellets grow in layers as they are repeatedly lifted and coated with supercooled water, until they are too heavy and fall.",beginner,en,facts_yaml,facts
qna,science,earth_science,weather,What is fog?,"Fog is a cloud that forms at or near the ground when air cools to its dew point and water vapor condenses into tiny droplets. It often forms on clear, calm nights or when warm moist air moves over a cold surface.",beginner,en,facts_yaml,facts
qna,science,earth_science,weather,What is the jet stream?,"The jet stream is a narrow band of very fast winds in the upper troposphere, blowing generally from west to east. It steers weather systems and influences temperatures in the regions below.",intermediate,en,facts_yaml,facts
qna,science,earth_science,weather,What are trade winds?,"Trade winds are steady winds that blow from the east toward the equator in the tropics, from the northeast in the Northern Hemisphere and the southeast in the Southern Hemisphere. Sailing ships used them for trade routes.",intermediate,en,facts_yaml,facts
qna,science,earth_science,oceanography,Why is seawater salty?,"Seawater is salty because rivers carry dissolved minerals from weathered rocks into the ocean. When seawater evaporates, the water leaves but the salts remain, and they have accumulated over millions of years.",beginner,en,facts_yaml,facts
qna,science,earth_science,oceanography,What are ocean currents?,"Ocean currents are continuous, directed movements of seawater driven by wind, differences in temperature and salinity, and Earth's rotation. They transport heat around the globe and strongly influence climate.",intermediate,en,facts_yaml,facts
qna,science,earth_science,oceanography,What is the Gulf Stream?,The Gulf Stream is a powerful warm ocean current that flows from the Gulf of Mexico along the east coast of North America and across the Atlantic. It helps keep western and northern Europe milder than other places at similar latitudes.,intermediate,en,facts_yaml,facts
qna,science,earth_science,oceanography,What is thermohaline circulation?,"Thermohaline circulation is a global system of deep ocean currents driven by differences in water density, which depends on temperature and salinity. Cold, salty water sinks near the poles and slowly spreads through the world's oceans, forming the global conveyor belt.",advanced,en,facts_yaml,facts
qna,science,earth_science,oceanography,What is upwelling?,"Upwelling is the rising of cold, nutrient-rich water from the deep ocean to the surface, often driven by winds pushing surface water away from a coast. It supports highly productive fisheries, such as those off Peru.",intermediate,en,facts_yaml,facts
qna,science,earth_science,oceanography,What are El Niño and La Niña?,"El Niño and La Niña are opposite phases of a climate pattern in the tropical Pacific Ocean. During El Niño, surface waters in the central and eastern Pacific are unusually warm; during La Niña, they are unusually cool. Both shift rainfall and temperature patterns around the world.",intermediate,en,facts_yaml,facts
qna,science,earth_science,oceanography,What are the main zones of the ocean by depth?,"The ocean is divided by depth into the sunlight zone (to about 200 m), the twilight zone (200 to 1,000 m), the midnight zone (1,000 to 4,000 m), the abyssal zone, and the deep trenches (hadal zone). Sunlight for photosynthesis reaches only the top layer.",beginner,en,facts_yaml,facts
qna,science,earth_science,oceanography,What is a continental shelf?,"A continental shelf is the gently sloping, relatively shallow seabed that extends from a continent's coast before dropping steeply to the deep ocean floor. It is rich in marine life and resources such as oil and gas.",intermediate,en,facts_yaml,facts
qna,science,earth_science,hydrology,What is runoff?,"Runoff is water from rain or melting snow that flows over the land surface instead of soaking into the ground. It eventually drains into streams, rivers, lakes, and oceans.",beginner,en,facts_yaml,facts
qna,science,earth_science,hydrology,What is infiltration in the water cycle?,"Infiltration is the process by which water on the ground surface soaks into the soil. How much water infiltrates depends on soil type, vegetation, and how saturated the ground already is.",intermediate,en,facts_yaml,facts
qna,science,earth_science,landforms,How are waterfalls formed?,"Waterfalls often form where a river flows over a band of hard rock lying above softer rock. The softer rock erodes faster, creating a steep drop, and the waterfall slowly retreats upstream as the overhang collapses.",intermediate,en,facts_yaml,facts
qna,science,earth_science,landforms,How are U-shaped valleys formed?,"U-shaped valleys are formed by glaciers. As a glacier moves through a river valley, it erodes the floor and sides, widening and deepening it into a U shape with a flat floor and steep sides.",intermediate,en,facts_yaml,facts
qna,science,earth_science,landforms,What is a plateau?,"A plateau is a large, flat area of land that is raised well above the surrounding land, often with at least one steep side. The Tibetan Plateau is the highest and largest in the world.",beginner,en,facts_yaml,facts
qna,science,earth_science,landforms,What is an archipelago?,"An archipelago is a group or chain of islands. Indonesia, Japan, and the Philippines are archipelagos.",beginner,en,facts_yaml,facts
qna,science,earth_science,landforms,How do coral atolls form?,"An atoll forms when a coral reef grows around a volcanic island. As the volcano slowly sinks and erodes away, the reef keeps growing upward, leaving a ring-shaped reef around a central lagoon.",intermediate,en,facts_yaml,facts
qna,science,earth_science,natural_hazards,What is the Richter scale?,"The Richter scale was an early logarithmic scale for measuring earthquake magnitude, where each whole-number increase represents about 10 times more ground motion. Today scientists mostly use the moment magnitude scale, which works better for large earthquakes.",intermediate,en,facts_yaml,facts
qna,science,earth_science,natural_hazards,Why are many earthquakes and volcanoes found around the Pacific Ocean?,"The Pacific Ocean is surrounded by tectonic plate boundaries, many of them subduction zones where oceanic plates sink beneath other plates. This zone, called the Ring of Fire, produces frequent earthquakes and volcanic eruptions.",intermediate,en,facts_yaml,facts
qna,science,earth_science,natural_hazards,What is a landslide?,"A landslide is the rapid movement of rock, soil, and debris down a slope under gravity. It can be triggered by heavy rain, earthquakes, volcanic activity, or human activities such as deforestation.",beginner,en,facts_yaml,facts
qna,science,earth_science,natural_hazards,What is an avalanche?,"An avalanche is a mass of snow, sometimes with ice and rock, that slides rapidly down a mountainside. It can be triggered by new snowfall, warming, or disturbance by people.",beginner,en,facts_yaml,facts
qna,science,earth_science,natural_hazards,What is the difference between P-waves and S-waves in an earthquake?,"P-waves (primary waves) are compressional waves that travel fastest and can pass through solids and liquids. S-waves (secondary waves) are slower shear waves that travel only through solids, which is how scientists deduced that Earth's outer core is liquid.",intermediate,en,facts_yaml,facts
qna,science,earth_science,earth_structure,What generates Earth's magnetic field?,"Earth's magnetic field is generated by the movement of molten iron in the outer core. This flow of electrically conducting fluid acts as a dynamo, producing the field that surrounds the planet.",intermediate,en,facts_yaml,facts
qna,science,earth_science,earth_structure,Why is Earth's magnetic field important for life?,Earth's magnetic field deflects most of the charged particles in the solar wind and cosmic rays. This protects the atmosphere from being stripped away and reduces harmful radiation reaching the surface.,intermediate,en,facts_yaml,facts
qna,science,earth_science,earth_structure,What is a geomagnetic reversal?,A geomagnetic reversal is a change in which Earth's magnetic north and south poles swap places. Reversals have happened many times in Earth's history and are recorded in the magnetized rocks of the ocean floor.,advanced,en,facts_yaml,facts
qna,science,earth_science,soil,What are the main components of soil?,"Soil is made of mineral particles such as sand, silt, and clay, organic matter such as humus, water, and air. It also contains countless living organisms, including bacteria, fungi, and earthworms.",beginner,en,facts_yaml,facts
qna,science,earth_science,soil,What is a soil horizon?,"A soil horizon is a distinct layer in the soil profile. Typical horizons are the organic layer at the surface, the topsoil, the subsoil, and the weathered parent rock below.",intermediate,en,facts_yaml,facts
qna,science,climate_science,climate_change,What is the main cause of current global warming?,"The main cause of current global warming is the increase in greenhouse gases, especially carbon dioxide, from burning fossil fuels, deforestation, and other human activities. These gases trap more heat in the atmosphere, raising average global temperatures.",beginner,en,facts_yaml,facts
qna,science,climate_science,climate_change,What is the Keeling Curve?,The Keeling Curve is a graph of atmospheric carbon dioxide concentration measured continuously at the Mauna Loa Observatory in Hawaii since 1958. It shows a steady long-term rise with a yearly seasonal wiggle caused by plant growth in the Northern Hemisphere.,intermediate,en,facts_yaml,facts
qna,science,climate_science,climate_change,Why does carbon dioxide concentration rise and fall each year?,"In the Northern Hemisphere, which has most of Earth's land plants, plants absorb carbon dioxide during spring and summer growth and release it in autumn and winter as leaves decay. This produces an annual cycle on top of the long-term rise.",intermediate,en,facts_yaml,facts
qna,science,climate_science,climate_change,Why do melting sea ice and glaciers speed up warming?,"Ice and snow reflect most sunlight, while the darker ocean and land beneath absorb it. As ice melts, more sunlight is absorbed, causing further warming and more melting, a process called the ice-albedo feedback.",intermediate,en,facts_yaml,facts
qna,science,climate_science,climate_change,What is albedo?,"Albedo is the fraction of incoming sunlight that a surface reflects. Fresh snow has a high albedo, reflecting most sunlight, while dark ocean water and forests have a low albedo.",beginner,en,facts_yaml,facts
qna,science,climate_science,climate_change,What causes sea level to rise as the climate warms?,Sea level rises mainly because ocean water expands as it warms (thermal expansion) and because melting glaciers and ice sheets on land add water to the oceans. Melting floating sea ice contributes very little.,intermediate,en,facts_yaml,facts
qna,science,climate_science,climate_change,What is ocean acidification?,"Ocean acidification is the ongoing decrease in seawater pH caused by the ocean absorbing carbon dioxide from the atmosphere, which forms carbonic acid. It makes it harder for corals, shellfish, and some plankton to build calcium carbonate shells and skeletons.",intermediate,en,facts_yaml,facts
qna,science,climate_science,climate_change,What is a climate feedback loop?,"A climate feedback loop is a process in which an initial change triggers effects that either amplify it (positive feedback) or dampen it (negative feedback). For example, warming increases atmospheric water vapor, a greenhouse gas, which causes further warming.",intermediate,en,facts_yaml,facts
qna,science,climate_science,climate_change,Why is thawing permafrost a climate concern?,"Permafrost contains huge amounts of frozen organic matter. As it thaws, microbes decompose this material and release carbon dioxide and methane, adding greenhouse gases that cause further warming.",advanced,en,facts_yaml,facts
qna,science,climate_science,climate_change,What is a carbon footprint?,"A carbon footprint is the total amount of greenhouse gases, expressed as carbon dioxide equivalent, released directly and indirectly by a person, organization, product, or activity.",intermediate,en,facts_yaml,facts
qna,science,climate_science,climate_change,What is the Paris Agreement?,"The Paris Agreement is an international climate treaty adopted in 2015. Its goal is to limit global warming to well below 2 °C above pre-industrial levels, preferably to 1.5 °C, with countries setting their own emission-reduction targets.",intermediate,en,facts_yaml,facts
qna,science,climate_science,climate_change,What is the Intergovernmental Panel on Climate Change (IPCC)?,"The IPCC is a United Nations body established in 1988 that assesses scientific research on climate change. Its reports summarize the causes, impacts, and options for responding to climate change for policymakers.",intermediate,en,facts_yaml,facts
qna,science,climate_science,climate_change,What is climate sensitivity?,Climate sensitivity is the amount of long-term global warming expected from a doubling of atmospheric carbon dioxide compared with pre-industrial levels. Current estimates place it most likely at about 3 °C.,advanced,en,facts_yaml,facts
qna,science,climate_science,climate_change,What is the difference between climate change mitigation and adaptation?,"Mitigation means reducing the causes of climate change, mainly by cutting greenhouse gas emissions or removing carbon dioxide. Adaptation means adjusting to the effects of climate change, such as building sea walls or growing drought-resistant crops.",beginner,en,facts_yaml,facts
qna,science,climate_science,climate_change,What is net zero emissions?,"Net zero emissions means balancing the greenhouse gases released into the atmosphere with an equal amount removed, so there is no overall increase. It is achieved by cutting emissions as much as possible and offsetting the rest through forests or carbon capture.",intermediate,en,facts_yaml,facts
qna,science,climate_science,climate_change,What is carbon capture and storage?,"Carbon capture and storage is a technology that captures carbon dioxide from power plants or industrial processes and stores it deep underground, usually in depleted oil and gas reservoirs or saline rock formations, to keep it out of the atmosphere.",advanced,en,facts_yaml,facts
qna,science,climate_science,paleoclimate,How do ice cores reveal past climates?,"Ice cores drilled from glaciers and ice sheets contain layers of snow compacted over thousands of years. Air bubbles trapped in the ice preserve samples of ancient atmosphere, and the isotopes in the ice indicate past temperatures.",advanced,en,facts_yaml,facts
qna,science,climate_science,paleoclimate,What are Milankovitch cycles?,"Milankovitch cycles are long-term changes in Earth's orbit and axial tilt, including eccentricity, obliquity, and precession, that change how sunlight is distributed over Earth. They pace the advance and retreat of ice ages over tens of thousands of years.",advanced,en,facts_yaml,facts
qna,science,climate_science,paleoclimate,What can tree rings tell us about past climate?,"Each tree ring represents one year of growth, and its width reflects growing conditions such as rainfall and temperature that year. Studying tree rings, called dendroclimatology, reveals climate patterns stretching back hundreds or thousands of years.",intermediate,en,facts_yaml,facts
qna,science,climate_science,climate_systems,What are the main climate zones of Earth?,"Earth's main climate zones are tropical, dry (arid and semi-arid), temperate, continental, and polar. They are defined mainly by temperature and precipitation patterns.",beginner,en,facts_yaml,facts
qna,science,climate_science,climate_systems,Why are coastal areas usually milder than inland areas?,Water heats up and cools down more slowly than land because of its high specific heat capacity. The nearby ocean keeps coastal areas cooler in summer and warmer in winter than places far inland.,intermediate,en,facts_yaml,facts
qna,science,climate_science,climate_systems,Why are deserts often found around 30 degrees latitude?,"Near 30° north and south, air that rose at the equator sinks back toward the surface as part of the Hadley cell. Sinking air warms and dries, suppressing clouds and rain, which creates large deserts such as the Sahara.",intermediate,en,facts_yaml,facts
qna,science,climate_science,climate_systems,What is an urban heat island?,"An urban heat island is a city area that is significantly warmer than its surrounding rural areas. Buildings and pavement absorb and retain heat, vegetation is scarce, and human activities release additional heat.",intermediate,en,facts_yaml,facts
qna,science,climate_science,climate_systems,What is a Hadley cell?,"A Hadley cell is a large-scale atmospheric circulation in the tropics where warm air rises near the equator, flows toward the poles at high altitude, sinks around 30° latitude, and returns to the equator as the trade winds.",advanced,en,facts_yaml,facts
qna,science,environmental_science,pollution,What is plastic pollution and why is it harmful?,"Plastic pollution is the buildup of plastic waste in the environment. Plastics break down very slowly, can entangle or be swallowed by wildlife, and fragment into microplastics that spread through water, soil, and food chains.",beginner,en,facts_yaml,facts
qna,science,environmental_science,pollution,What are microplastics?,"Microplastics are plastic particles smaller than 5 millimeters, formed when larger plastics break down or made deliberately, such as microbeads. They are found in oceans, soil, air, and even human blood.",intermediate,en,facts_yaml,facts
qna,science,environmental_science,pollution,How do chlorofluorocarbons (CFCs) damage the ozone layer?,"In the stratosphere, ultraviolet light breaks CFC molecules apart, releasing chlorine atoms. Each chlorine atom can destroy thousands of ozone molecules in a chain reaction, thinning the protective ozone layer.",intermediate,en,facts_yaml,facts
qna,science,environmental_science,pollution,What was the Montreal Protocol?,"The Montreal Protocol is an international treaty agreed in 1987 to phase out ozone-depleting substances such as CFCs. It is widely considered one of the most successful environmental agreements, and the ozone layer is gradually recovering.",intermediate,en,facts_yaml,facts
qna,science,environmental_science,pollution,What is water pollution?,"Water pollution is the contamination of water bodies such as rivers, lakes, and oceans by harmful substances, including sewage, industrial chemicals, fertilizer runoff, and plastics. It harms aquatic life and can make water unsafe to drink.",beginner,en,facts_yaml,facts
qna,science,environmental_science,pollution,What is thermal pollution?,"Thermal pollution is the degradation of water quality by a change in temperature, usually when power plants or factories release heated cooling water into rivers. Warmer water holds less dissolved oxygen, which can harm fish and other organisms.",intermediate,en,facts_yaml,facts
qna,science,environmental_science,pollution,What is light pollution's effect on wildlife?,"Artificial light at night can disorient migrating birds, lead newly hatched sea turtles away from the ocean, and disrupt the feeding and breeding cycles of many nocturnal animals.",intermediate,en,facts_yaml,facts
qna,science,environmental_science,pollution,What is e-waste?,"E-waste is discarded electronic equipment such as phones, computers, and televisions. It contains valuable metals but also toxic substances like lead and mercury, so improper disposal can pollute soil and water.",intermediate,en,facts_yaml,facts
qna,science,environmental_science,resources,What is the difference between renewable and nonrenewable resources?,"Renewable resources, such as sunlight, wind, and forests, are naturally replenished on a human timescale. Nonrenewable resources, such as coal, oil, and minerals, exist in limited amounts and form over millions of years.",beginner,en,facts_yaml,facts
qna,science,environmental_science,resources,What is overfishing?,Overfishing is catching fish faster than their populations can reproduce and replace the losses. It can cause fish stocks to collapse and disrupt marine ecosystems.,intermediate,en,facts_yaml,facts
qna,science,environmental_science,resources,What is the tragedy of the commons?,"The tragedy of the commons is a situation where individuals, acting in their own interest, overuse a shared resource such as a fishery or pasture, depleting it even though this harms everyone in the long run.",intermediate,en,facts_yaml,facts
qna,science,environmental_science,resources,What do the three Rs of waste management stand for?,"The three Rs are reduce, reuse, and recycle, listed in order of priority. Reducing waste in the first place saves the most resources, followed by reusing items, and finally recycling materials.",beginner,en,facts_yaml,facts
qna,science,environmental_science,resources,What is a circular economy?,"A circular economy is an economic system that aims to eliminate waste by keeping products and materials in use for as long as possible through reuse, repair, remanufacturing, and recycling, instead of the linear take-make-dispose model.",intermediate,en,facts_yaml,facts
qna,science,environmental_science,resources,What is a landfill?,A landfill is a site where waste is disposed of by burying it in layers of earth. Modern landfills use liners and drainage systems to limit pollution from leachate and collect methane gas.,beginner,en,facts_yaml,facts
qna,science,environmental_science,biodiversity,What is habitat fragmentation?,"Habitat fragmentation is the breaking up of a continuous habitat into smaller, isolated patches, often by roads, farms, or cities. It reduces populations, limits animal movement, and increases the risk of local extinctions.",intermediate,en,facts_yaml,facts
qna,science,environmental_science,biodiversity,What is a wildlife corridor?,"A wildlife corridor is a strip of habitat that connects separated areas of habitat. It allows animals to move between them to find food, mates, and new territory, reducing the effects of fragmentation.",intermediate,en,facts_yaml,facts
qna,science,environmental_science,biodiversity,What is an endangered species?,An endangered species is one at high risk of extinction in the wild because its population has fallen sharply or its habitat is disappearing. The IUCN Red List classifies the conservation status of species.,beginner,en,facts_yaml,facts
qna,science,environmental_science,biodiversity,Why are bees important to ecosystems and agriculture?,"Bees are major pollinators, transferring pollen between flowers so plants can produce seeds and fruit. Many wild plants and a large share of food crops depend on them.",intermediate,en,facts_yaml,facts
qna,science,environmental_science,biodiversity,What is coral bleaching?,"Coral bleaching occurs when corals under stress, usually from high water temperatures, expel the symbiotic algae living in their tissues. The corals turn white and, if the stress continues, may starve and die.",intermediate,en,facts_yaml,facts
qna,science,environmental_science,energy,What is a smart grid?,"A smart grid is an electricity network that uses digital communication and sensors to monitor and manage the flow of electricity. It helps balance supply and demand, integrate renewable energy sources, and detect faults quickly.",intermediate,en,facts_yaml,facts
qna,science,environmental_science,energy,Why is energy storage important for solar and wind power?,"Solar and wind power vary with the weather and time of day, so their output doesn't always match demand. Storage systems such as batteries and pumped hydro store surplus energy and release it when generation is low.",intermediate,en,facts_yaml,facts
qna,science,environmental_science,energy,What is pumped-storage hydroelectricity?,"Pumped-storage hydroelectricity stores energy by pumping water to a higher reservoir when electricity is cheap or plentiful. When demand rises, the water is released downhill through turbines to generate electricity.",intermediate,en,facts_yaml,facts
qna,science,environmental_science,energy,How does a wind turbine generate electricity?,"Wind turns the turbine's blades, which spin a shaft connected, often through a gearbox, to a generator. The generator converts this rotational energy into electricity.",intermediate,en,facts_yaml,facts
qna,science,environmental_science,energy,How do solar panels generate electricity?,"Solar panels are made of photovoltaic cells, usually silicon. When sunlight strikes a cell, it knocks electrons loose, and the cell's internal electric field drives them to flow as a current.",beginner,en,facts_yaml,facts
qna,science,environmental_science,energy,What is tidal energy?,"Tidal energy is power generated from the rise and fall of ocean tides, using barrages or underwater turbines. It is highly predictable but limited to coastlines with large tidal ranges.",intermediate,en,facts_yaml,facts
qna,science,environmental_science,energy,What are biofuels?,"Biofuels are fuels made from biological material, such as ethanol from sugarcane or corn and biodiesel from vegetable oils. They can replace some fossil fuels, but their production can compete with food crops for land.",intermediate,en,facts_yaml,facts
qna,science,environmental_science,energy,Why is hydrogen considered a possible clean fuel?,"When hydrogen is used in a fuel cell or burned, the main product is water, so no carbon dioxide is released at the point of use. However, it is only clean if the hydrogen itself is produced using low-carbon energy.",intermediate,en,facts_yaml,facts
qna,science,geology,rocks_minerals,How are igneous rocks classified as intrusive or extrusive?,"Intrusive igneous rocks, such as granite, form when magma cools slowly underground, producing large crystals. Extrusive igneous rocks, such as basalt, form when lava cools quickly at the surface, producing small crystals or glass.",intermediate,en,facts_yaml,facts
qna,science,geology,rocks_minerals,How are fossils formed?,"Most fossils form when an organism is buried quickly by sediment after death. Over time, its hard parts are replaced by minerals or leave an impression, and the surrounding sediment hardens into rock.",intermediate,en,facts_yaml,facts
qna,science,geology,rocks_minerals,What is the law of superposition?,"The law of superposition states that in undisturbed layers of sedimentary rock, the oldest layers are at the bottom and the youngest are at the top. It lets geologists determine the relative ages of rock layers.",intermediate,en,facts_yaml,facts
qna,science,geology,rocks_minerals,What is radiometric dating?,"Radiometric dating determines the absolute age of rocks and minerals by measuring the amounts of a radioactive isotope and its decay products. Since the isotope decays at a known rate, the ratio reveals how long ago the rock formed.",advanced,en,facts_yaml,facts
qna,science,geology,rocks_minerals,What is obsidian?,Obsidian is a natural volcanic glass formed when lava cools so quickly that crystals cannot grow. It breaks with very sharp edges and was used by ancient peoples to make tools and blades.,beginner,en,facts_yaml,facts
qna,science,geology,rocks_minerals,What is pumice?,"Pumice is a light-colored, very porous volcanic rock formed when gas-rich lava cools rapidly. It is full of trapped gas bubbles and is often light enough to float on water.",beginner,en,facts_yaml,facts
qna,science,geology,rocks_minerals,How do stalactites and stalagmites form?,"They form in limestone caves as water containing dissolved calcium carbonate drips and loses carbon dioxide, depositing tiny amounts of calcite. Stalactites hang from the ceiling, while stalagmites grow up from the floor.",intermediate,en,facts_yaml,facts
qna,science,geology,rocks_minerals,What are gemstones?,"Gemstones are minerals, or occasionally organic materials, that are valued for their beauty, rarity, and durability and are cut and polished for jewelry. Diamond, ruby, sapphire, and emerald are well-known examples.",intermediate,en,facts_yaml,facts
qna,science,geology,tectonics,What is seafloor spreading?,"Seafloor spreading is the process by which new oceanic crust forms at mid-ocean ridges as magma rises and solidifies, pushing older crust away on both sides. It was a key piece of evidence for plate tectonics.",intermediate,en,facts_yaml,facts
qna,science,geology,tectonics,How were the Himalayas formed?,"The Himalayas formed as the Indian plate collided with the Eurasian plate beginning about 50 million years ago. Because both are continental plates, neither could sink easily, so the crust crumpled and was pushed upward into the world's highest mountains.",intermediate,en,facts_yaml,facts
qna,science,geology,tectonics,What evidence did Alfred Wegener use to support continental drift?,"Wegener noted that the coastlines of South America and Africa fit together like puzzle pieces, that identical fossils and rock formations are found on continents now separated by oceans, and that ancient glacial deposits appear in regions that are now tropical.",advanced,en,facts_yaml,facts
qna,science,geology,tectonics,What is a fault in geology?,A fault is a fracture in Earth's crust along which blocks of rock have moved relative to each other. Sudden movement along a fault releases energy as an earthquake.,intermediate,en,facts_yaml,facts
qna,science,geology,tectonics,What is the San Andreas Fault?,The San Andreas Fault is a major transform fault in California where the Pacific plate and the North American plate slide past each other horizontally. It is responsible for many earthquakes in the region.,intermediate,en,facts_yaml,facts
qna,science,geology,tectonics,What are fold mountains?,"Fold mountains form when two tectonic plates push together, causing layers of rock to buckle and fold upward. The Alps, Himalayas, and Andes are examples.",intermediate,en,facts_yaml,facts
qna,science,geology,volcanoes,What is the difference between a shield volcano and a stratovolcano?,"A shield volcano, such as Mauna Loa, has gentle slopes built by runny basaltic lava that flows long distances. A stratovolcano, such as Mount Fuji, is steep and cone-shaped, built from layers of thick lava and ash, and tends to erupt explosively.",intermediate,en,facts_yaml,facts
qna,science,geology,volcanoes,Why are some volcanic eruptions explosive while others are gentle?,"Explosiveness depends mainly on the magma's viscosity and gas content. Thick, silica-rich magma traps gas until pressure builds and it erupts violently, while runny, low-silica magma lets gas escape easily, producing gentle lava flows.",intermediate,en,facts_yaml,facts
qna,science,geology,volcanoes,How can a large volcanic eruption cool the global climate?,"A large eruption can inject sulfur dioxide into the stratosphere, where it forms sulfate aerosols that reflect sunlight back into space. This can lower global temperatures for a year or two, as after Mount Pinatubo in 1991.",intermediate,en,facts_yaml,facts
qna,engineering,electronics,analog_electronics,Why does increasing frequency reduce the reactance of a capacitor?,"Capacitive reactance is Xc = 1/(2πfC), so it is inversely proportional to frequency. At higher frequencies, the capacitor charges and discharges more rapidly and more current flows for a given voltage, so it offers less opposition; at DC (zero frequency), the reactance is effectively infinite.",intermediate,en,facts_yaml,facts
qna,engineering,electronics,analog_electronics,Why does an inductor oppose changes in current?,"A changing current through an inductor changes its magnetic field, which induces a voltage that opposes the change (Lenz's law). This back-EMF slows any rise or fall in current, so inductive reactance increases with frequency.",intermediate,en,facts_yaml,facts
qna,engineering,electronics,analog_electronics,What is the RC time constant?,"The RC time constant, τ = R × C, is the time it takes a capacitor charging through a resistor to reach about 63% of its final voltage. After about five time constants, the capacitor is considered essentially fully charged or discharged.",intermediate,en,facts_yaml,facts
qna,engineering,electronics,analog_electronics,What is a low-pass filter?,"A low-pass filter allows signals below a certain cutoff frequency to pass while attenuating higher frequencies. A simple example is a resistor in series with a capacitor to ground, and such filters are used to remove high-frequency noise.",intermediate,en,facts_yaml,facts
qna,engineering,electronics,analog_electronics,What is a high-pass filter?,"A high-pass filter allows signals above a cutoff frequency to pass while attenuating lower frequencies, including DC. It is used, for example, to block DC offsets or low-frequency hum.",intermediate,en,facts_yaml,facts
qna,engineering,electronics,analog_electronics,What is a band-pass filter?,A band-pass filter passes signals within a specific range of frequencies and attenuates those above and below it. Radio receivers use band-pass filters to select a particular station.,intermediate,en,facts_yaml,facts
qna,engineering,electronics,analog_electronics,What is the cutoff frequency of a filter?,"The cutoff frequency is the frequency at which the output power of a filter falls to half of its passband value, which is a drop of about 3 decibels. For a simple RC filter, it is f = 1/(2πRC).",advanced,en,facts_yaml,facts
qna,engineering,electronics,analog_electronics,What does a decoupling capacitor do?,A decoupling (or bypass) capacitor is placed close to an integrated circuit's power pins to supply brief bursts of current and short high-frequency noise to ground. It keeps the local supply voltage stable when the chip switches rapidly.,intermediate,en,facts_yaml,facts
qna,engineering,electronics,analog_electronics,What is a Zener diode used for?,"A Zener diode is designed to conduct in reverse once the voltage reaches a specific breakdown value, called the Zener voltage. It is commonly used to provide a stable reference voltage or simple voltage regulation.",intermediate,en,facts_yaml,facts
qna,engineering,electronics,analog_electronics,What is the typical forward voltage drop of a silicon diode?,"A conducting silicon diode typically has a forward voltage drop of about 0.6 to 0.7 volts. Germanium and Schottky diodes have lower drops, while LEDs have higher ones.",beginner,en,facts_yaml,facts
qna,engineering,electronics,analog_electronics,What is the difference between half-wave and full-wave rectification?,"Half-wave rectification passes only one half of each AC cycle, wasting the other half. Full-wave rectification, using a bridge of four diodes or a center-tapped transformer, converts both halves into the same polarity, giving a smoother and more efficient DC output.",intermediate,en,facts_yaml,facts
qna,engineering,electronics,analog_electronics,Why is a smoothing capacitor used after a rectifier?,"A rectifier's output is pulsating DC. A smoothing capacitor charges during the voltage peaks and releases charge between them, reducing the ripple and producing a steadier DC voltage.",intermediate,en,facts_yaml,facts
qna,engineering,electronics,analog_electronics,What does a linear voltage regulator do?,"A linear voltage regulator keeps its output at a constant voltage despite changes in input voltage or load. It works by dissipating the excess voltage as heat, which makes it simple and low-noise but inefficient when the input is much higher than the output.",intermediate,en,facts_yaml,facts
qna,engineering,electronics,analog_electronics,What is a buck converter?,"A buck converter is a switching power supply that steps a DC voltage down to a lower voltage. It rapidly switches a transistor on and off and uses an inductor and capacitor to smooth the output, achieving much higher efficiency than a linear regulator.",advanced,en,facts_yaml,facts
qna,engineering,electronics,analog_electronics,What is a boost converter?,A boost converter is a switching power supply that steps a DC voltage up to a higher voltage. It stores energy in an inductor while a switch is closed and releases it to the output at a higher voltage when the switch opens.,advanced,en,facts_yaml,facts
qna,engineering,electronics,digital_electronics,What is a pull-up resistor?,"A pull-up resistor connects a digital input to the positive supply so that the input reads a defined high level when nothing else is driving it. Without it, an unconnected input could float and give random readings.",intermediate,en,facts_yaml,facts
qna,engineering,electronics,digital_electronics,What is a Schmitt trigger?,"A Schmitt trigger is a comparator circuit with hysteresis: it switches high at one threshold and back low at a lower threshold. This prevents noisy or slowly changing signals from causing rapid, unwanted switching.",advanced,en,facts_yaml,facts
qna,engineering,electronics,analog_electronics,What is a 555 timer?,The 555 timer is a widely used integrated circuit that can generate accurate time delays or oscillations. It is configured with external resistors and capacitors to work as a monostable (one-shot) or astable (free-running) oscillator.,intermediate,en,facts_yaml,facts
qna,engineering,electronics,digital_electronics,Why are NAND gates called universal gates?,"Any other logic gate, including AND, OR, NOT, and XOR, can be built using only NAND gates. The same is true of NOR gates, so either can in principle be used to build any digital circuit.",intermediate,en,facts_yaml,facts
qna,engineering,electronics,digital_electronics,What is a truth table?,A truth table lists every possible combination of input values for a logic circuit and the resulting output for each. It fully describes the behavior of a logic gate or Boolean function.,beginner,en,facts_yaml,facts
qna,engineering,electronics,digital_electronics,What are De Morgan's laws in Boolean algebra?,"De Morgan's laws state that NOT (A AND B) equals (NOT A) OR (NOT B), and NOT (A OR B) equals (NOT A) AND (NOT B). They are used to simplify and transform logic circuits.",intermediate,en,facts_yaml,facts
qna,engineering,electronics,digital_electronics,What is a multiplexer?,"A multiplexer is a digital circuit that selects one of several input signals and forwards it to a single output, based on control (select) inputs. A 4-to-1 multiplexer uses two select lines to choose among four inputs.",intermediate,en,facts_yaml,facts
qna,engineering,electronics,digital_electronics,What is a decoder in digital electronics?,"A decoder converts a binary code on its inputs into the activation of one specific output line. For example, a 3-to-8 decoder activates one of eight outputs depending on a 3-bit input, and decoders are used for memory addressing.",intermediate,en,facts_yaml,facts
qna,engineering,electronics,digital_electronics,What is the difference between a half adder and a full adder?,"A half adder adds two single bits and produces a sum and a carry. A full adder also accepts a carry input from a previous stage, so full adders can be chained to add multi-bit numbers.",intermediate,en,facts_yaml,facts
qna,engineering,electronics,digital_electronics,What is a shift register?,A shift register is a chain of flip-flops that moves its stored bits one position along with each clock pulse. It is used to convert between serial and parallel data and to create simple delays.,intermediate,en,facts_yaml,facts
qna,engineering,electronics,digital_electronics,What is a clock signal in a digital circuit?,A clock signal is a regular square wave that synchronizes the operations of a digital circuit. Sequential components such as flip-flops update their state on the clock's rising or falling edges.,beginner,en,facts_yaml,facts
qna,engineering,electronics,digital_electronics,What is propagation delay in a logic gate?,Propagation delay is the time between a change at a gate's input and the resulting change at its output. It limits the maximum speed at which a digital circuit can operate.,advanced,en,facts_yaml,facts
qna,engineering,electronics,digital_electronics,What is the difference between combinational and sequential logic?,"In combinational logic, the output depends only on the present inputs, as in adders and multiplexers. In sequential logic, the output also depends on stored past states, so it needs memory elements such as flip-flops, as in counters and registers.",intermediate,en,facts_yaml,facts
qna,engineering,electronics,digital_electronics,What is the difference between a latch and a flip-flop?,"A latch is level-sensitive: its output can change whenever its enable input is active. A flip-flop is edge-triggered: it changes state only at the rising or falling edge of a clock signal, making timing more predictable.",advanced,en,facts_yaml,facts
qna,engineering,electronics,digital_electronics,What is the difference between a microcontroller and a microprocessor?,"A microprocessor is mainly a central processing unit that needs external memory and peripherals to work. A microcontroller integrates a processor, memory, and input/output peripherals on one chip, making it ideal for embedded control tasks.",beginner,en,facts_yaml,facts
qna,engineering,electronics,analog_electronics,What is a common-emitter amplifier?,"A common-emitter amplifier is a basic bipolar transistor amplifier in which the input is applied to the base, the output is taken from the collector, and the emitter is shared. It provides high voltage gain and inverts the signal.",advanced,en,facts_yaml,facts
qna,engineering,electronics,analog_electronics,How can a transistor be used as a switch?,"A transistor acts as a switch by being driven fully on (saturation), where it conducts with a small voltage drop, or fully off (cutoff), where almost no current flows. A small base or gate signal thus controls a much larger current.",intermediate,en,facts_yaml,facts
qna,engineering,electronics,analog_electronics,What is a Darlington pair?,"A Darlington pair is two bipolar transistors connected so that the current amplified by the first drives the base of the second. The overall current gain is roughly the product of the two gains, allowing a tiny input current to control a large load.",advanced,en,facts_yaml,facts
qna,engineering,electronics,analog_electronics,How can an op-amp be used as a comparator?,"Used without feedback, an op-amp compares two input voltages. Because of its very high gain, its output swings to the positive supply when the non-inverting input is higher and to the negative supply when the inverting input is higher.",intermediate,en,facts_yaml,facts
qna,engineering,electronics,analog_electronics,What is the gain of an inverting op-amp amplifier?,"The voltage gain of an inverting amplifier is −Rf/Rin, where Rf is the feedback resistor and Rin is the input resistor. The minus sign means the output is inverted relative to the input.",advanced,en,facts_yaml,facts
qna,engineering,electronics,analog_electronics,What is a voltage follower?,"A voltage follower, or buffer, is an op-amp circuit with a gain of one whose output copies the input voltage. It has a very high input impedance and low output impedance, so it can drive a load without drawing current from the source.",intermediate,en,facts_yaml,facts
qna,engineering,electronics,analog_electronics,What are the characteristics of an ideal op-amp?,"An ideal op-amp has infinite open-loop gain, infinite input impedance, zero output impedance, infinite bandwidth, and zero offset voltage. Real op-amps approximate these properties.",advanced,en,facts_yaml,facts
qna,engineering,electronics,components,What is a photodiode?,"A photodiode is a semiconductor diode that generates a current when light falls on it. It is used in light sensors, optical communication receivers, and camera sensors.",intermediate,en,facts_yaml,facts
qna,engineering,electronics,components,What is a light-dependent resistor?,"A light-dependent resistor (LDR) is a component whose resistance decreases as the intensity of light falling on it increases. It is used in simple light sensors, such as automatic night lights.",beginner,en,facts_yaml,facts
qna,engineering,electronics,components,What is a thermistor?,"A thermistor is a resistor whose resistance changes significantly with temperature. In the common NTC type, resistance falls as temperature rises, making it useful for temperature sensing.",intermediate,en,facts_yaml,facts
qna,engineering,electronics,components,What is a potentiometer?,A potentiometer is a variable resistor with three terminals and a sliding contact that can be moved along a resistive track. It is commonly used as a volume knob or to adjust voltage levels.,beginner,en,facts_yaml,facts
qna,engineering,electronics,components,What is a relay?,A relay is an electrically operated switch in which a small current through a coil energizes an electromagnet that moves the switch contacts. It lets a low-power circuit safely control a high-power circuit.,beginner,en,facts_yaml,facts
qna,engineering,electronics,power_electronics,What is an H-bridge?,"An H-bridge is a circuit of four switches, usually transistors, arranged in an H shape around a load such as a DC motor. By switching diagonal pairs, it can apply voltage in either direction, allowing the motor to run forward or backward.",advanced,en,facts_yaml,facts
qna,engineering,electronics,power_electronics,What is pulse-width modulation (PWM)?,"Pulse-width modulation controls the average power delivered to a load by rapidly switching it on and off and varying the fraction of time it is on, called the duty cycle. It is used to dim LEDs and control motor speed efficiently.",intermediate,en,facts_yaml,facts
qna,engineering,electronics,instruments,What is an oscilloscope used for?,"An oscilloscope displays how a voltage signal changes over time as a graph on a screen. It is used to observe waveforms and measure frequency, amplitude, and timing in electronic circuits.",beginner,en,facts_yaml,facts
qna,engineering,electronics,instruments,What can a digital multimeter measure?,"A digital multimeter typically measures voltage, current, and resistance, and many models can also test continuity, diodes, and capacitance.",beginner,en,facts_yaml,facts
qna,engineering,electronics,circuit_theory,What does Thévenin's theorem state?,"Thévenin's theorem states that any linear circuit with sources and resistors, seen from two terminals, can be replaced by a single voltage source in series with a single resistance. It simplifies the analysis of how a circuit behaves with different loads.",advanced,en,facts_yaml,facts
qna,engineering,electronics,circuit_theory,What does Norton's theorem state?,Norton's theorem states that any linear two-terminal circuit can be replaced by a single current source in parallel with a single resistance. It is the current-source counterpart of Thévenin's theorem.,advanced,en,facts_yaml,facts
qna,engineering,electronics,circuit_theory,What is the superposition theorem in circuit analysis?,"The superposition theorem states that in a linear circuit with several independent sources, the voltage or current at any point equals the sum of the contributions from each source acting alone, with the other sources turned off.",advanced,en,facts_yaml,facts
qna,engineering,electronics,circuit_theory,What is the maximum power transfer theorem?,"The maximum power transfer theorem states that a source delivers maximum power to a load when the load resistance equals the source's internal (Thévenin) resistance. At this point, the efficiency is only 50%.",intermediate,en,facts_yaml,facts
qna,engineering,electronics,circuit_theory,What is a Wheatstone bridge?,"A Wheatstone bridge is a circuit of four resistors arranged in a diamond used to measure an unknown resistance precisely. When the bridge is balanced, no current flows through the central detector, and the unknown value can be calculated from the others.",intermediate,en,facts_yaml,facts
qna,engineering,electronics,analog_electronics,What is the quality factor (Q) of a resonant circuit?,"The quality factor describes how sharply a resonant circuit responds near its resonant frequency, equal to the resonant frequency divided by the bandwidth. A high Q means a narrow, selective response with low energy loss.",advanced,en,facts_yaml,facts
qna,engineering,electronics,analog_electronics,How is voltage gain expressed in decibels?,"Voltage gain in decibels is 20 × log₁₀(Vout/Vin). A gain of 10 is 20 dB, a gain of 100 is 40 dB, and a loss by half is about −6 dB.",intermediate,en,facts_yaml,facts
qna,engineering,electronics,components,What is electrostatic discharge (ESD) and why is it dangerous to electronics?,"Electrostatic discharge is a sudden flow of static electricity between charged objects, such as a spark from a person's finger. It can reach thousands of volts and damage the thin insulating layers in sensitive integrated circuits.",intermediate,en,facts_yaml,facts
qna,engineering,electronics,components,Why are quartz crystals used in oscillators?,"Quartz is piezoelectric and vibrates mechanically at a very stable natural frequency when driven electrically. A quartz crystal oscillator therefore produces an accurate, stable frequency, which is why it keeps time in watches and computers.",intermediate,en,facts_yaml,facts
qna,engineering,electronics,components,What is the piezoelectric effect?,"The piezoelectric effect is the generation of an electric voltage in certain materials, such as quartz, when they are mechanically squeezed or stressed. The effect also works in reverse, which is used in buzzers, ultrasound transducers, and lighters.",intermediate,en,facts_yaml,facts
qna,engineering,electronics,components,What do the color bands on a resistor indicate?,"The color bands on a resistor indicate its resistance value and tolerance. The first bands give significant digits, the next gives the multiplier, and a final band gives the tolerance, such as gold for ±5%.",beginner,en,facts_yaml,facts
qna,engineering,electronics,components,What is the difference between through-hole and surface-mount components?,"Through-hole components have wire leads inserted through holes in a circuit board and soldered on the other side. Surface-mount components are smaller and are soldered directly onto pads on the board's surface, allowing more compact, automated assembly.",beginner,en,facts_yaml,facts
qna,engineering,electronics,circuit_theory,What is the difference between a short circuit and an open circuit?,"A short circuit is an unintended path of very low resistance that allows excessive current to flow. An open circuit is a break in the path, so no current can flow.",beginner,en,facts_yaml,facts
qna,engineering,electronics,components,Why does an LED need a current-limiting resistor?,"An LED's current rises very steeply once its forward voltage is exceeded, so without limitation it could draw enough current to burn out. A series resistor limits the current to a safe value.",beginner,en,facts_yaml,facts
qna,engineering,microelectronics,semiconductor_physics,What is a band gap in a semiconductor?,"A band gap is the energy difference between the valence band, where electrons are bound, and the conduction band, where they can move freely. Semiconductors have a moderate band gap, about 1.1 eV for silicon, so some electrons can be excited across it by heat or light.",intermediate,en,facts_yaml,facts
qna,engineering,microelectronics,semiconductor_physics,What is doping in semiconductors?,Doping is the deliberate addition of small amounts of impurity atoms to a pure semiconductor to change its electrical properties. It greatly increases conductivity and creates n-type or p-type material.,beginner,en,facts_yaml,facts
qna,engineering,microelectronics,semiconductor_physics,What is the difference between n-type and p-type semiconductors?,"An n-type semiconductor is doped with atoms that have extra valence electrons, such as phosphorus in silicon, so electrons are the main charge carriers. A p-type semiconductor is doped with atoms that have fewer valence electrons, such as boron, creating holes as the main carriers.",intermediate,en,facts_yaml,facts
qna,engineering,microelectronics,semiconductor_physics,What is a depletion region in a p-n junction?,"The depletion region is a thin zone at a p-n junction where electrons and holes have combined, leaving behind fixed charged ions and almost no free carriers. It creates a built-in electric field that acts as a barrier to current.",intermediate,en,facts_yaml,facts
qna,engineering,microelectronics,semiconductor_physics,What is the difference between forward bias and reverse bias in a diode?,"In forward bias, the p-side is connected to the positive terminal, which narrows the depletion region and lets current flow easily. In reverse bias, the polarity is reversed, widening the depletion region so that only a tiny leakage current flows.",intermediate,en,facts_yaml,facts
qna,engineering,microelectronics,semiconductor_physics,What is the difference between an intrinsic and an extrinsic semiconductor?,"An intrinsic semiconductor is pure, with conductivity coming only from electrons thermally excited across the band gap. An extrinsic semiconductor has been doped with impurities, which greatly increases the number of charge carriers.",intermediate,en,facts_yaml,facts
qna,engineering,microelectronics,semiconductor_physics,What is a hole in a semiconductor?,"A hole is the absence of an electron in the valence band of a semiconductor. It behaves like a positive charge carrier because neighboring electrons can move into it, making the hole appear to move in the opposite direction.",intermediate,en,facts_yaml,facts
qna,engineering,microelectronics,semiconductor_physics,Why is silicon the most widely used semiconductor material?,"Silicon is abundant, has a suitable band gap, can be grown as very pure large crystals, and forms a high-quality insulating oxide (silicon dioxide) naturally. These properties make it ideal for mass-producing reliable transistors.",intermediate,en,facts_yaml,facts
qna,engineering,microelectronics,devices,What is CMOS technology?,"CMOS (complementary metal-oxide-semiconductor) is the dominant technology for building integrated circuits, using pairs of n-type and p-type MOSFETs. In each logic gate, one transistor type pulls the output high and the other pulls it low.",intermediate,en,facts_yaml,facts
qna,engineering,microelectronics,devices,Why do CMOS circuits consume very little power when idle?,"In a CMOS gate, one of the complementary transistors is always off in a steady state, so there is no direct path from the supply to ground. Significant current flows mainly during switching, apart from small leakage currents.",advanced,en,facts_yaml,facts
qna,engineering,microelectronics,industry,What is Moore's law?,"Moore's law is the observation by Gordon Moore that the number of transistors on an integrated circuit doubles roughly every two years. It held for decades, driving rapid gains in computing power, but has slowed in recent years.",beginner,en,facts_yaml,facts
qna,engineering,microelectronics,fabrication,What is photolithography in chip manufacturing?,"Photolithography is the process of transferring circuit patterns onto a silicon wafer. The wafer is coated with light-sensitive photoresist and exposed to light through a patterned mask, and the developed pattern then guides etching or doping.",intermediate,en,facts_yaml,facts
qna,engineering,microelectronics,fabrication,What is a silicon wafer?,"A silicon wafer is a thin, polished disc cut from a large single crystal of very pure silicon. Hundreds of chips are built on a single wafer and later cut apart; modern wafers are commonly 300 millimeters in diameter.",beginner,en,facts_yaml,facts
qna,engineering,microelectronics,fabrication,Why are chips made in cleanrooms?,"Chip features are measured in nanometers, so even a tiny dust particle can ruin a circuit. Cleanrooms tightly control airborne particles, temperature, and humidity to prevent contamination and defects.",beginner,en,facts_yaml,facts
qna,engineering,microelectronics,devices,What is an integrated circuit?,"An integrated circuit, or chip, is a small piece of semiconductor on which many electronic components, such as transistors, resistors, and capacitors, are fabricated and interconnected. Modern chips contain billions of transistors.",beginner,en,facts_yaml,facts
qna,engineering,microelectronics,devices,What is a FinFET?,"A FinFET is a type of transistor in which the channel is a thin vertical fin of silicon, with the gate wrapping around three sides. This gives better control over the channel and reduces leakage compared with older flat (planar) transistors.",advanced,en,facts_yaml,facts
qna,engineering,microelectronics,industry,"What does a process node such as ""5 nm"" mean in semiconductor manufacturing?","A process node name such as 5 nm identifies a generation of manufacturing technology. Today it is mostly a marketing label rather than an exact measurement of any transistor feature, but smaller numbers generally mean denser, more efficient chips.",intermediate,en,facts_yaml,facts
qna,engineering,microelectronics,devices,What is the threshold voltage of a MOSFET?,"The threshold voltage is the minimum gate-to-source voltage needed to form a conducting channel between a MOSFET's source and drain. Below this voltage, the transistor is essentially off.",advanced,en,facts_yaml,facts
qna,engineering,microelectronics,devices,What is leakage current in transistors?,"Leakage current is a small current that flows through a transistor even when it is supposed to be off, for example through the thin gate oxide or between source and drain. As transistors shrink, leakage becomes a major source of power consumption.",advanced,en,facts_yaml,facts
qna,engineering,microelectronics,reliability,What is electromigration in integrated circuits?,"Electromigration is the gradual movement of metal atoms in a chip's thin wiring caused by high current density, as electrons transfer momentum to the atoms. Over time it can create voids or bridges that cause circuits to fail.",advanced,en,facts_yaml,facts
qna,engineering,microelectronics,vlsi,What is the difference between an ASIC and an FPGA?,"An ASIC (application-specific integrated circuit) is custom-manufactured for one task, giving the best performance and efficiency but with high upfront cost. An FPGA (field-programmable gate array) can be reprogrammed after manufacture, making it flexible and ideal for prototyping and low-volume products.",intermediate,en,facts_yaml,facts
qna,engineering,microelectronics,vlsi,What is VLSI design?,VLSI (very-large-scale integration) design is the process of creating integrated circuits containing millions or billions of transistors on a single chip. It relies heavily on computer-aided design tools to manage the complexity.,intermediate,en,facts_yaml,facts
qna,engineering,microelectronics,vlsi,What is a hardware description language?,"A hardware description language, such as Verilog or VHDL, is used to describe the structure and behavior of digital circuits in text form. The description can be simulated and synthesized into actual logic gates for an FPGA or chip.",intermediate,en,facts_yaml,facts
qna,engineering,microelectronics,vlsi,What is logic synthesis?,"Logic synthesis is the automated process of converting a hardware description, written in a language such as Verilog, into a netlist of logic gates and flip-flops that meets timing, area, and power goals.",advanced,en,facts_yaml,facts
qna,engineering,microelectronics,fabrication,What is chip yield?,"Chip yield is the percentage of chips on a wafer that work correctly after manufacturing. Defects reduce yield, and larger chips generally have lower yields because each one is more likely to contain a defect.",intermediate,en,facts_yaml,facts
qna,engineering,microelectronics,devices,What is a system on a chip (SoC)?,"A system on a chip integrates most components of a computer, such as the CPU, GPU, memory controllers, and wireless radios, onto a single chip. SoCs are used in smartphones because they save space and power.",intermediate,en,facts_yaml,facts
qna,engineering,microelectronics,devices,What is the difference between DRAM and SRAM?,"DRAM stores each bit as charge on a tiny capacitor, which is dense and cheap but must be refreshed constantly. SRAM stores each bit in a circuit of about six transistors, which is faster and needs no refresh but takes more space, so it is used for CPU caches.",intermediate,en,facts_yaml,facts
qna,engineering,microelectronics,devices,How does flash memory store data without power?,"Flash memory stores data by trapping electric charge in an insulated region of each transistor, such as a floating gate. The trapped charge changes the transistor's threshold voltage, and it stays in place for years without power.",advanced,en,facts_yaml,facts
qna,engineering,microelectronics,fabrication,What is etching in semiconductor fabrication?,"Etching is the process of removing material from selected areas of a wafer to form circuit patterns. Wet etching uses liquid chemicals, while dry (plasma) etching uses reactive gases and allows more precise, vertical features.",intermediate,en,facts_yaml,facts
qna,engineering,microelectronics,fabrication,What is ion implantation?,Ion implantation is a doping technique in which ions of an impurity element are accelerated and fired into a silicon wafer. It allows precise control of the amount and depth of doping.,advanced,en,facts_yaml,facts
qna,engineering,microelectronics,fabrication,What is chemical vapor deposition?,"Chemical vapor deposition (CVD) is a process in which gases react on a heated wafer surface to deposit a thin solid film, such as silicon dioxide or silicon nitride. It is widely used to build up the layers of a chip.",advanced,en,facts_yaml,facts
qna,engineering,microelectronics,fabrication,What is epitaxy in semiconductor manufacturing?,Epitaxy is the growth of a thin crystalline layer on a crystal substrate so that the new layer continues the substrate's crystal structure. It is used to create very pure or precisely doped layers.,advanced,en,facts_yaml,facts
qna,engineering,microelectronics,industry,What was Dennard scaling?,"Dennard scaling was the observation that as transistors shrink, their power density stays roughly constant, because voltage and current scale down with size. It broke down in the mid-2000s, which is why clock speeds stopped rising and chips moved to multiple cores.",advanced,en,facts_yaml,facts
qna,engineering,microelectronics,devices,Why are gallium nitride and silicon carbide used in power electronics?,"Gallium nitride and silicon carbide are wide-bandgap semiconductors that can withstand higher voltages, temperatures, and switching frequencies than silicon. They make power converters, chargers, and electric-vehicle inverters smaller and more efficient.",advanced,en,facts_yaml,facts
qna,engineering,microelectronics,reliability,Why do processors need heat sinks and cooling?,"Processors turn almost all the electrical power they use into heat. Without heat sinks, fans, or other cooling, the temperature would rise until performance had to be throttled or the chip was damaged.",intermediate,en,facts_yaml,facts
qna,engineering,microelectronics,vlsi,What are setup time and hold time in digital circuits?,"Setup time is the minimum time a data signal must be stable before the clock edge, and hold time is the minimum time it must remain stable after the edge. Violating them can make a flip-flop capture wrong or unstable values.",advanced,en,facts_yaml,facts
qna,engineering,microelectronics,devices,What are MEMS devices?,"MEMS (micro-electro-mechanical systems) are tiny devices combining mechanical parts and electronics, made with chip-manufacturing techniques. Accelerometers and gyroscopes in smartphones and inkjet printer nozzles are examples.",advanced,en,facts_yaml,facts
qna,engineering,microelectronics,devices,Why are LEDs made from compound semiconductors such as gallium arsenide rather than silicon?,"Silicon has an indirect band gap, so electrons and holes recombine mostly by producing heat rather than light. Compound semiconductors such as gallium arsenide and gallium nitride have direct band gaps, so recombination efficiently emits photons.",intermediate,en,facts_yaml,facts
qna,engineering,electrical_engineering,power_systems,Why is electricity transmitted over long distances at high voltage?,"For a given power, raising the voltage lowers the current. Since power lost as heat in the lines is proportional to the square of the current (I²R), high-voltage transmission greatly reduces energy losses.",intermediate,en,facts_yaml,facts
qna,engineering,electrical_engineering,power_systems,Why is three-phase power used for electricity distribution?,"Three-phase power delivers electricity using three alternating currents offset by one-third of a cycle. It transmits more power with less conductor material than single-phase power, provides a smoother supply, and allows simple, self-starting motors.",intermediate,en,facts_yaml,facts
qna,engineering,electrical_engineering,power_systems,What is power factor?,"Power factor is the ratio of real power, which does useful work, to apparent power, which is the product of voltage and current, in an AC circuit. A low power factor, often caused by inductive loads such as motors, means more current is needed for the same useful power.",advanced,en,facts_yaml,facts
qna,engineering,electrical_engineering,power_systems,"What is the difference between real, reactive, and apparent power?","Real power, in watts, is the power actually consumed and converted into useful work or heat. Reactive power, in volt-amperes reactive, flows back and forth in inductors and capacitors, and apparent power, in volt-amperes, combines the two.",advanced,en,facts_yaml,facts
qna,engineering,electrical_engineering,power_systems,What is a kilowatt-hour?,"A kilowatt-hour is a unit of energy equal to using 1,000 watts of power for one hour, or 3.6 million joules. Electricity bills charge for energy in kilowatt-hours.",beginner,en,facts_yaml,facts
qna,engineering,electrical_engineering,protection,What does a circuit breaker do?,"A circuit breaker is an automatic switch that interrupts the current when it detects an overload or short circuit. Unlike a fuse, it can be reset and used again.",beginner,en,facts_yaml,facts
qna,engineering,electrical_engineering,protection,How does a fuse protect a circuit?,"A fuse contains a thin wire that melts when the current exceeds a safe level, breaking the circuit. This prevents overheating and fire, and the fuse must then be replaced.",beginner,en,facts_yaml,facts
qna,engineering,electrical_engineering,protection,What does a residual-current device (RCD) protect against?,"A residual-current device, also called a GFCI, compares the current in the live and neutral wires. If they differ, meaning current is leaking to ground possibly through a person, it disconnects the power within milliseconds to prevent electric shock.",intermediate,en,facts_yaml,facts
qna,engineering,electrical_engineering,protection,Why are electrical appliances earthed?,"Earthing connects metal parts of an appliance to the ground. If a fault makes the casing live, current flows safely to ground and trips the fuse or breaker instead of passing through a person who touches it.",beginner,en,facts_yaml,facts
qna,engineering,electrical_engineering,machines,How does an induction motor work?,"In an induction motor, alternating current in the stator windings creates a rotating magnetic field. This field induces currents in the rotor, and the interaction between the field and the induced currents makes the rotor turn.",intermediate,en,facts_yaml,facts
qna,engineering,electrical_engineering,machines,What is the difference between brushed and brushless DC motors?,"A brushed DC motor uses carbon brushes and a commutator to switch current in the rotor windings mechanically. A brushless motor uses electronic switching instead, which makes it more efficient, quieter, and longer-lasting.",intermediate,en,facts_yaml,facts
qna,engineering,electrical_engineering,machines,What is a stepper motor?,"A stepper motor rotates in precise fixed increments, or steps, each time it receives an electrical pulse. It is used where accurate positioning is needed, as in 3D printers and CNC machines.",intermediate,en,facts_yaml,facts
qna,engineering,electrical_engineering,machines,What does an alternator do in a car?,"An alternator is a generator driven by the engine that produces electricity to charge the battery and power the car's electrical systems while the engine is running. It produces AC, which is rectified to DC.",beginner,en,facts_yaml,facts
qna,engineering,electrical_engineering,power_electronics,What does an inverter do?,An inverter converts direct current into alternating current. It is used to run household appliances from batteries or solar panels and to control the speed of AC motors.,beginner,en,facts_yaml,facts
qna,engineering,electrical_engineering,machines,What is the turns ratio of a transformer?,"The turns ratio is the number of turns on the primary coil divided by the number on the secondary coil. The voltage ratio equals the turns ratio, so a transformer with ten times more secondary turns steps the voltage up by a factor of ten.",intermediate,en,facts_yaml,facts
qna,engineering,electrical_engineering,machines,Why don't transformers work with direct current?,"A transformer relies on a changing magnetic field to induce voltage in its secondary coil. Steady direct current produces a constant magnetic field, so no voltage is induced after the initial switch-on.",intermediate,en,facts_yaml,facts
qna,engineering,electrical_engineering,machines,Why are transformer cores made of thin laminated sheets?,"A changing magnetic field induces circulating eddy currents in a solid iron core, wasting energy as heat. Making the core from thin, insulated sheets breaks up these current paths and greatly reduces eddy-current losses.",advanced,en,facts_yaml,facts
qna,engineering,electrical_engineering,machines,What is hysteresis loss in a transformer?,Hysteresis loss is the energy lost as heat each time the magnetic domains in a transformer's core are forced to reverse direction with the alternating current. It is reduced by using soft magnetic materials such as silicon steel.,advanced,en,facts_yaml,facts
qna,engineering,electrical_engineering,power_systems,What is the skin effect?,"The skin effect is the tendency of alternating current to flow mainly near the outer surface of a conductor, increasing with frequency. It raises the effective resistance at high frequencies.",advanced,en,facts_yaml,facts
qna,engineering,electrical_engineering,power_systems,What is the role of an electrical substation?,A substation is part of the power grid where voltage is transformed from high to low or vice versa using transformers. It also contains switches and protective equipment to control and protect the network.,beginner,en,facts_yaml,facts
qna,engineering,electrical_engineering,power_systems,What frequency does mains electricity use?,"Mains electricity alternates at 50 hertz in most of the world, including Europe, Asia, and Africa, and at 60 hertz in North America and some other countries.",beginner,en,facts_yaml,facts
qna,engineering,electrical_engineering,power_systems,Why is high-voltage direct current (HVDC) used for some transmission lines?,"For very long distances and undersea cables, HVDC has lower losses than AC because there is no reactive power flow or skin effect. It can also connect grids running at different frequencies.",advanced,en,facts_yaml,facts
qna,engineering,electrical_engineering,power_systems,What is the role of the neutral wire in household wiring?,"The neutral wire completes the circuit, carrying current back from the appliance to the supply. It is kept close to ground potential, unlike the live wire, which carries the alternating voltage.",beginner,en,facts_yaml,facts
qna,engineering,electrical_engineering,protection,What does a surge protector do?,"A surge protector shields electrical devices from brief voltage spikes, such as those caused by lightning or switching, by diverting excess voltage to ground.",beginner,en,facts_yaml,facts
qna,engineering,electrical_engineering,power_electronics,What is an uninterruptible power supply (UPS)?,A UPS is a device with batteries that provides emergency power to connected equipment instantly when the main power fails. It protects computers and servers from data loss and gives time to shut down safely.,beginner,en,facts_yaml,facts
qna,engineering,electrical_engineering,power_systems,Why is aluminum often used instead of copper for overhead power lines?,"Aluminum conducts electricity less well than copper, but it is much lighter and cheaper. For the same resistance, an aluminum conductor weighs about half as much as a copper one, which reduces the load on towers.",intermediate,en,facts_yaml,facts
qna,engineering,electrical_engineering,safety,"Why is electric current, rather than voltage alone, what makes an electric shock dangerous?","Harm is caused by current flowing through the body, which can disrupt heart rhythm and cause burns. Voltage matters because it drives that current through the body's resistance, so high voltage is dangerous when it can push enough current through a person.",beginner,en,facts_yaml,facts
qna,engineering,electrical_engineering,power_systems,What is the difference between star and delta connections in three-phase systems?,"In a star (wye) connection, one end of each winding joins at a common neutral point, giving two available voltages. In a delta connection, the windings form a closed triangle with no neutral, and the line voltage equals the phase voltage.",advanced,en,facts_yaml,facts
qna,engineering,electrical_engineering,energy_storage,What does the mAh rating of a battery mean?,"The milliampere-hour rating shows how much charge a battery can deliver. A 3,000 mAh battery can, in principle, supply 3,000 milliamperes for one hour or 300 milliamperes for ten hours.",beginner,en,facts_yaml,facts
qna,engineering,electrical_engineering,energy_storage,What happens when batteries are connected in series versus in parallel?,Connecting batteries in series adds their voltages while the capacity stays the same. Connecting them in parallel keeps the voltage the same but adds their capacities.,beginner,en,facts_yaml,facts
qna,engineering,electrical_engineering,energy_storage,What is a supercapacitor?,"A supercapacitor is an energy storage device with much higher capacitance than an ordinary capacitor. It charges and discharges very quickly and lasts for many cycles, but it stores less energy than a battery of similar size.",intermediate,en,facts_yaml,facts
qna,engineering,electrical_engineering,energy_storage,What is regenerative braking?,"Regenerative braking uses a vehicle's electric motor as a generator when slowing down, converting kinetic energy into electricity that recharges the battery instead of wasting it as heat.",intermediate,en,facts_yaml,facts
qna,engineering,telecommunications,modulation,What is the difference between AM and FM radio?,"AM (amplitude modulation) encodes sound by varying the strength of the carrier wave, while FM (frequency modulation) varies its frequency. FM is less affected by electrical noise and gives better sound quality, while AM signals can travel farther.",beginner,en,facts_yaml,facts
qna,engineering,telecommunications,modulation,What is modulation in communication systems?,"Modulation is the process of varying a property of a carrier wave, such as its amplitude, frequency, or phase, to encode information for transmission.",beginner,en,facts_yaml,facts
qna,engineering,telecommunications,modulation,What is a carrier wave?,A carrier wave is a high-frequency wave that is modulated to carry an information signal. Using a carrier lets signals be transmitted efficiently by antennas and lets many channels share the spectrum on different frequencies.,intermediate,en,facts_yaml,facts
qna,engineering,telecommunications,signals,What does the Shannon-Hartley theorem describe?,"The Shannon-Hartley theorem gives the maximum data rate that can be sent error-free over a communication channel: C = B log₂(1 + S/N), where B is bandwidth and S/N is the signal-to-noise ratio.",advanced,en,facts_yaml,facts
qna,engineering,telecommunications,signals,What does the Nyquist sampling theorem state?,"The Nyquist sampling theorem states that to reconstruct a signal accurately, it must be sampled at more than twice its highest frequency. This is why audio CDs use 44.1 kHz sampling to capture sounds up to about 20 kHz.",intermediate,en,facts_yaml,facts
qna,engineering,telecommunications,signals,What is aliasing in signal processing?,"Aliasing is the distortion that occurs when a signal is sampled too slowly, causing high frequencies to appear as false lower frequencies. It is prevented by filtering out high frequencies before sampling.",advanced,en,facts_yaml,facts
qna,engineering,telecommunications,signals,What is the difference between an analog and a digital signal?,"An analog signal varies continuously and can take any value within a range, like a sound wave. A digital signal takes only discrete values, usually representing binary 1s and 0s, which makes it more resistant to noise.",beginner,en,facts_yaml,facts
qna,engineering,telecommunications,signals,What is signal-to-noise ratio?,"Signal-to-noise ratio compares the power of a desired signal with the power of background noise, often expressed in decibels. A higher ratio means a clearer signal.",intermediate,en,facts_yaml,facts
qna,engineering,telecommunications,radio,How does an antenna transmit radio waves?,"An antenna transmits radio waves when an alternating current flows in it, causing electrons to oscillate and radiate electromagnetic waves. In reception, the process reverses as passing waves induce small currents in the antenna.",intermediate,en,facts_yaml,facts
qna,engineering,telecommunications,optical,What are the advantages of optical fiber over copper cable?,"Optical fibers carry much more data over longer distances with less signal loss than copper. They are immune to electromagnetic interference, are lighter, and are harder to tap.",intermediate,en,facts_yaml,facts
qna,engineering,telecommunications,optical,What is the difference between single-mode and multimode optical fiber?,"Single-mode fiber has a very thin core that carries one light path, allowing long-distance, high-bandwidth transmission. Multimode fiber has a wider core that carries many light paths, which is cheaper but suited only to shorter distances.",advanced,en,facts_yaml,facts
qna,engineering,telecommunications,signals,What is multiplexing in telecommunications?,"Multiplexing is combining multiple signals to share one communication channel. Time-division multiplexing gives each signal its own time slots, while frequency-division multiplexing gives each its own frequency band.",intermediate,en,facts_yaml,facts
qna,engineering,telecommunications,cellular,Why are mobile phone networks called cellular networks?,"Mobile networks divide an area into many small regions called cells, each served by its own base station. Frequencies can be reused in cells that are far apart, allowing many users to share limited spectrum.",intermediate,en,facts_yaml,facts
qna,engineering,telecommunications,satellite,Why do calls through geostationary satellites have a noticeable delay?,"Geostationary satellites orbit about 36,000 kilometers above Earth. A signal traveling up and back down covers over 70,000 kilometers, which takes about a quarter of a second even at the speed of light.",intermediate,en,facts_yaml,facts
qna,engineering,telecommunications,signals,What is signal attenuation?,"Attenuation is the gradual loss of signal strength as it travels through a medium such as a cable, fiber, or air. It is usually measured in decibels per unit length.",beginner,en,facts_yaml,facts
qna,engineering,telecommunications,signals,What does a repeater do in a communication network?,"A repeater receives a weakened signal, regenerates or amplifies it, and retransmits it. This extends the distance a signal can travel.",beginner,en,facts_yaml,facts
qna,engineering,telecommunications,modulation,What is quadrature amplitude modulation (QAM)?,"QAM is a modulation scheme that encodes data by varying both the amplitude and the phase of a carrier. Each combination represents a group of bits, allowing high data rates in Wi-Fi, cable modems, and cellular networks.",advanced,en,facts_yaml,facts
qna,engineering,telecommunications,wireless,What is Bluetooth?,"Bluetooth is a short-range wireless technology for exchanging data between nearby devices, such as headphones, phones, and keyboards. It uses the 2.4 GHz radio band.",beginner,en,facts_yaml,facts
qna,engineering,telecommunications,wireless,What is RFID?,"RFID (radio-frequency identification) uses radio waves to read information stored on small tags. Passive tags have no battery and are powered by the reader's signal, and they are used in inventory tracking, access cards, and toll systems.",intermediate,en,facts_yaml,facts
qna,engineering,telecommunications,wireless,What is NFC?,"NFC (near-field communication) is a very short-range wireless technology, working within a few centimeters. It is used for contactless payments, access cards, and pairing devices.",beginner,en,facts_yaml,facts
qna,engineering,telecommunications,radio,How does radar work?,"Radar sends out radio waves and detects the echoes reflected from objects. The time delay shows the object's distance, and the Doppler shift of the echo can reveal its speed.",intermediate,en,facts_yaml,facts
qna,engineering,telecommunications,signals,What is the difference between half-duplex and full-duplex communication?,"In half-duplex communication, data can travel in both directions but only one direction at a time, like a walkie-talkie. In full-duplex, data flows in both directions simultaneously, like a telephone call.",beginner,en,facts_yaml,facts
qna,engineering,telecommunications,signals,What is the difference between baud rate and bit rate?,"Baud rate is the number of signal changes (symbols) per second, while bit rate is the number of bits transmitted per second. If each symbol carries multiple bits, the bit rate is higher than the baud rate.",advanced,en,facts_yaml,facts
qna,engineering,telecommunications,cellular,What is 5G?,"5G is the fifth generation of cellular network technology. It offers higher data rates, lower latency, and support for many more connected devices than 4G, using a wider range of frequencies including millimeter waves.",intermediate,en,facts_yaml,facts
qna,engineering,mechanical_engineering,engines,What are the four strokes of a four-stroke engine?,"The four strokes are intake, where the fuel-air mixture is drawn in; compression, where it is squeezed; power, where it is ignited and pushes the piston down; and exhaust, where the burned gases are expelled.",intermediate,en,facts_yaml,facts
qna,engineering,mechanical_engineering,engines,How does a diesel engine ignite its fuel differently from a petrol engine?,"A diesel engine compresses air so much that it becomes hot enough to ignite fuel injected into the cylinder, called compression ignition. A petrol engine compresses a fuel-air mixture less and ignites it with a spark plug.",intermediate,en,facts_yaml,facts
qna,engineering,mechanical_engineering,engines,What does a turbocharger do?,"A turbocharger uses the engine's exhaust gases to spin a turbine that drives a compressor, forcing more air into the cylinders. More air allows more fuel to be burned, increasing power from a smaller engine.",intermediate,en,facts_yaml,facts
qna,engineering,mechanical_engineering,machine_elements,What is a gear ratio?,"A gear ratio is the ratio of the number of teeth on two meshing gears, or of their rotational speeds. A higher gear ratio trades speed for more torque, which is why low gears are used for starting and climbing hills.",beginner,en,facts_yaml,facts
qna,engineering,mechanical_engineering,machine_elements,What does the differential in a car do?,"The differential lets the driven wheels on the same axle turn at different speeds. This is necessary when cornering, because the outer wheel travels a longer path than the inner wheel.",intermediate,en,facts_yaml,facts
qna,engineering,mechanical_engineering,machine_elements,What is the purpose of bearings in machines?,Bearings support rotating or sliding parts while reducing friction between them. Ball and roller bearings replace sliding friction with much lower rolling friction.,beginner,en,facts_yaml,facts
qna,engineering,mechanical_engineering,machine_elements,Why are lubricants used in machines?,"Lubricants such as oil and grease form a thin film between moving surfaces, reducing friction and wear. They also help carry away heat and protect against corrosion.",beginner,en,facts_yaml,facts
qna,engineering,mechanical_engineering,design,What is a factor of safety in engineering design?,"A factor of safety is the ratio of a structure's or component's ultimate strength to the maximum load it is expected to carry. It provides a margin against uncertainties in loads, materials, and manufacturing.",intermediate,en,facts_yaml,facts
qna,engineering,mechanical_engineering,manufacturing,What is CAD?,"CAD (computer-aided design) is the use of software to create, modify, and analyze precise drawings and 3D models of parts and products. It has largely replaced hand drafting in engineering.",beginner,en,facts_yaml,facts
qna,engineering,mechanical_engineering,manufacturing,What is CNC machining?,"CNC (computer numerical control) machining uses computer-controlled machine tools, such as mills and lathes, to cut parts automatically from programmed instructions. It produces precise, repeatable parts.",intermediate,en,facts_yaml,facts
qna,engineering,mechanical_engineering,thermal_systems,How does a refrigerator keep food cold?,"A refrigerator pumps a refrigerant around a closed loop. The refrigerant evaporates in coils inside the fridge, absorbing heat, and is then compressed and condensed in coils outside, releasing that heat into the room.",beginner,en,facts_yaml,facts
qna,engineering,mechanical_engineering,thermal_systems,How does a heat pump heat a building?,"A heat pump uses the same cycle as a refrigerator in reverse, extracting heat from the outside air, ground, or water and releasing it indoors. It can deliver several times more heat energy than the electrical energy it uses.",intermediate,en,facts_yaml,facts
qna,engineering,mechanical_engineering,thermal_systems,What does HVAC stand for?,"HVAC stands for heating, ventilation, and air conditioning. HVAC systems control the temperature, humidity, and air quality inside buildings and vehicles.",beginner,en,facts_yaml,facts
qna,engineering,mechanical_engineering,engines,How does a jet engine produce thrust?,"A jet engine draws in air, compresses it, mixes it with fuel, and burns the mixture. The hot, fast-moving exhaust gases rush out the back, and by Newton's third law the engine is pushed forward; the gases also spin a turbine that drives the compressor.",intermediate,en,facts_yaml,facts
qna,engineering,mechanical_engineering,machine_elements,What is a turbine?,"A turbine is a machine with blades that extracts energy from a moving fluid, such as steam, water, wind, or combustion gases, and converts it into rotational motion. Turbines drive most of the world's electricity generators.",beginner,en,facts_yaml,facts
qna,engineering,mechanical_engineering,fluid_power,What is the difference between hydraulic and pneumatic systems?,"Hydraulic systems transmit power using a pressurized liquid, usually oil, which is nearly incompressible and suited to heavy loads. Pneumatic systems use compressed air, which is cleaner and faster but less precise and less powerful.",intermediate,en,facts_yaml,facts
qna,engineering,mechanical_engineering,machine_elements,What is a flywheel?,A flywheel is a heavy rotating wheel that stores kinetic energy. It smooths out variations in speed in engines and can be used to store energy for later release.,intermediate,en,facts_yaml,facts
qna,engineering,mechanical_engineering,machine_elements,What is a cam in a machine?,"A cam is a rotating or sliding piece with an irregular profile that converts rotary motion into a particular back-and-forth motion of a follower. In car engines, camshafts open and close the valves.",intermediate,en,facts_yaml,facts
qna,engineering,mechanical_engineering,machine_elements,What does a clutch do in a vehicle?,A clutch connects and disconnects the engine from the transmission. This allows the driver to change gears smoothly and to stop without stalling the engine.,beginner,en,facts_yaml,facts
qna,engineering,mechanical_engineering,manufacturing,What is welding?,"Welding is a process that joins materials, usually metals, by melting them at the joint, often with a filler material, so they fuse as they cool. Common methods include arc welding and gas welding.",beginner,en,facts_yaml,facts
qna,engineering,mechanical_engineering,manufacturing,What is tolerance in manufacturing?,"Tolerance is the allowable variation in a dimension or property of a manufactured part. For example, a shaft specified as 20.00 ± 0.02 mm is acceptable anywhere between 19.98 and 20.02 mm.",intermediate,en,facts_yaml,facts
qna,engineering,civil_engineering,structures,Why is steel added to concrete in reinforced concrete?,"Concrete is strong in compression but weak in tension. Embedding steel bars, which are strong in tension, lets the combined material resist the bending and stretching forces that would crack plain concrete.",intermediate,en,facts_yaml,facts
qna,engineering,civil_engineering,structures,What is prestressed concrete?,"Prestressed concrete contains steel tendons that are tensioned before or after the concrete sets, putting the concrete into compression. This counteracts the tension caused by loads, allowing longer, thinner beams and spans.",advanced,en,facts_yaml,facts
qna,engineering,civil_engineering,structures,What is the difference between a suspension bridge and a cable-stayed bridge?,"In a suspension bridge, the deck hangs from vertical cables attached to large main cables draped between towers and anchored at each end. In a cable-stayed bridge, cables run directly from the towers to the deck in a fan or harp pattern.",intermediate,en,facts_yaml,facts
qna,engineering,civil_engineering,structures,How does an arch bridge support its load?,"An arch bridge carries its load by transferring it along the curve of the arch as compression into supports, called abutments, at each end. Because the arch is mostly in compression, it can be built from stone or concrete.",beginner,en,facts_yaml,facts
qna,engineering,civil_engineering,structures,What is a truss?,"A truss is a framework of straight members connected to form triangles. Triangles are rigid shapes, so trusses carry loads efficiently with little material and are used in bridges and roofs.",beginner,en,facts_yaml,facts
qna,engineering,civil_engineering,structures,What is a cantilever?,"A cantilever is a beam or structure that is anchored at only one end and projects out unsupported at the other, like a balcony or diving board.",beginner,en,facts_yaml,facts
qna,engineering,civil_engineering,foundations,What are pile foundations used for?,Pile foundations are long columns driven or drilled deep into the ground to transfer a building's load to stronger soil or rock below. They are used when the surface soil is too weak to support the structure.,intermediate,en,facts_yaml,facts
qna,engineering,civil_engineering,water,Why are dams thicker at the bottom than at the top?,"Water pressure increases with depth, so the water pushes hardest on the bottom of a dam. The base must be thicker and stronger to withstand this greater pressure.",intermediate,en,facts_yaml,facts
qna,engineering,civil_engineering,structures,What is a tuned mass damper?,"A tuned mass damper is a large mass mounted in a tall structure and tuned to move out of phase with the building's sway. It absorbs energy from wind or earthquakes, reducing vibrations, as in the Taipei 101 tower.",advanced,en,facts_yaml,facts
qna,engineering,civil_engineering,structures,How does base isolation protect buildings during earthquakes?,"Base isolation places flexible bearings, such as layered rubber and steel pads, between a building and its foundation. They absorb and decouple much of the ground's horizontal motion, so the building above shakes far less.",advanced,en,facts_yaml,facts
qna,engineering,civil_engineering,structures,What is a load-bearing wall?,"A load-bearing wall is a wall that supports the weight of the structure above it, such as floors and the roof, and transfers it down to the foundation. Removing one without adding other support can make a building collapse.",beginner,en,facts_yaml,facts
qna,engineering,civil_engineering,surveying,What is surveying in civil engineering?,"Surveying is the measurement of distances, angles, and elevations on land to map its features and establish boundaries. Surveys are needed before designing and constructing roads, buildings, and bridges.",beginner,en,facts_yaml,facts
qna,engineering,civil_engineering,structures,What is a retaining wall?,A retaining wall is a structure built to hold back soil on a slope and prevent it from sliding or eroding. It must resist the sideways pressure of the soil behind it.,intermediate,en,facts_yaml,facts
qna,engineering,control_systems,control_theory,What is the difference between an open-loop and a closed-loop control system?,"An open-loop system acts without checking its output, like a toaster running on a timer. A closed-loop system uses feedback, measuring the output and adjusting its action to reach the target, like a thermostat.",beginner,en,facts_yaml,facts
qna,engineering,control_systems,control_theory,What is a PID controller?,"A PID controller adjusts a system's input based on the error between the desired and measured values, combining proportional, integral, and derivative terms. It is widely used to control temperature, speed, and position.",intermediate,en,facts_yaml,facts
qna,engineering,control_systems,control_theory,What is a setpoint in control systems?,"A setpoint is the desired target value that a control system tries to maintain, such as 21 °C on a thermostat or a set speed in cruise control.",beginner,en,facts_yaml,facts
qna,engineering,control_systems,control_theory,What is overshoot in a control system?,Overshoot is when a system's output goes beyond the setpoint before settling. It is often expressed as a percentage of the step change and can be reduced by tuning the controller.,intermediate,en,facts_yaml,facts
qna,engineering,control_systems,control_theory,What is a transfer function?,"A transfer function is a mathematical expression, usually in the Laplace domain, that relates the output of a linear time-invariant system to its input. It is used to analyze stability and frequency response.",advanced,en,facts_yaml,facts
qna,engineering,robotics,robot_components,What is the difference between a sensor and an actuator in a robot?,"A sensor gathers information about the robot or its environment, such as a camera or distance sensor. An actuator produces movement or action, such as a motor that moves a joint.",beginner,en,facts_yaml,facts
qna,engineering,robotics,kinematics,What does degrees of freedom mean for a robot arm?,"Degrees of freedom are the number of independent ways a robot can move, usually one per joint. A robot arm needs six degrees of freedom to reach a point in space with any orientation.",intermediate,en,facts_yaml,facts
qna,engineering,robotics,robot_components,What is an end effector?,"An end effector is the device at the end of a robot arm that interacts with the environment, such as a gripper, suction cup, welding torch, or paint sprayer.",beginner,en,facts_yaml,facts
qna,engineering,robotics,kinematics,What is inverse kinematics?,"Inverse kinematics is the calculation of the joint angles needed for a robot's end effector to reach a desired position and orientation. It is harder than forward kinematics, which calculates the end position from known joint angles.",advanced,en,facts_yaml,facts
qna,engineering,robotics,navigation,What is SLAM in robotics?,SLAM (simultaneous localization and mapping) is a technique in which a robot builds a map of an unknown environment while keeping track of its own location within that map. It is used by autonomous vehicles and robot vacuums.,advanced,en,facts_yaml,facts
qna,engineering,robotics,robot_components,What is a rotary encoder?,A rotary encoder is a sensor that measures the angle or rotation of a shaft and converts it into a digital signal. Robots use encoders on motors to track position and speed.,intermediate,en,facts_yaml,facts
qna,engineering,robotics,navigation,What is LIDAR?,"LIDAR (light detection and ranging) measures distances by firing laser pulses and timing how long the reflections take to return. It creates detailed 3D maps and is used in self-driving cars, surveying, and robotics.",intermediate,en,facts_yaml,facts
qna,engineering,robotics,robot_components,What is a servo motor?,"A servo motor is a motor with built-in position feedback that can be commanded to move to and hold a specific angle or position. Servos are used in robot joints, model aircraft, and camera mounts.",intermediate,en,facts_yaml,facts
qna,engineering,materials_science,mechanical_properties,What is the difference between stress and strain?,"Stress is the internal force per unit area within a material, measured in pascals. Strain is the resulting deformation, the change in length divided by the original length, which has no units.",beginner,en,facts_yaml,facts
qna,engineering,materials_science,mechanical_properties,What is the difference between elastic and plastic deformation?,Elastic deformation is temporary: the material returns to its original shape when the load is removed. Plastic deformation is permanent and occurs when the load exceeds the material's yield point.,beginner,en,facts_yaml,facts
qna,engineering,materials_science,mechanical_properties,What does a stress-strain curve show?,"A stress-strain curve shows how a material deforms as increasing load is applied. It reveals the elastic region, yield strength, ultimate tensile strength, and the point of fracture.",intermediate,en,facts_yaml,facts
qna,engineering,materials_science,metals,How does carbon content affect the properties of steel?,"Increasing the carbon content of steel makes it harder and stronger but less ductile and more brittle. Low-carbon mild steel is easy to shape, while high-carbon steel is used for tools and blades.",intermediate,en,facts_yaml,facts
qna,engineering,materials_science,metals,What is work hardening?,"Work hardening is the strengthening of a metal by plastic deformation, such as hammering, rolling, or bending. Deformation creates and tangles dislocations in the crystal structure, making further deformation harder.",intermediate,en,facts_yaml,facts
qna,engineering,materials_science,metals,What are dislocations in crystalline materials?,"Dislocations are line defects in a crystal lattice where rows of atoms are misaligned. Metals deform plastically mainly by dislocations moving through the crystal, so controlling them controls strength.",advanced,en,facts_yaml,facts
qna,engineering,materials_science,advanced_materials,What is a shape memory alloy?,"A shape memory alloy, such as nickel-titanium (nitinol), can be deformed when cold and then return to its original shape when heated. It is used in medical stents, eyeglass frames, and actuators.",intermediate,en,facts_yaml,facts
qna,engineering,materials_science,advanced_materials,What is carbon fiber?,"Carbon fiber is made of very thin strands of carbon atoms bonded in crystal alignment. Embedded in a plastic resin, it forms a composite that is extremely strong and stiff for its weight, used in aircraft, racing cars, and sports equipment.",beginner,en,facts_yaml,facts
qna,engineering,materials_science,advanced_materials,What is Kevlar?,"Kevlar is a strong, lightweight synthetic aramid fiber with very high tensile strength. It is used in bulletproof vests, helmets, ropes, and tires.",intermediate,en,facts_yaml,facts
qna,engineering,materials_science,advanced_materials,What is aerogel?,"Aerogel is an ultralight solid made by replacing the liquid in a gel with gas, leaving a porous structure that is mostly air. It is an extremely effective thermal insulator.",intermediate,en,facts_yaml,facts
qna,engineering,materials_science,metals,What is a superalloy?,"A superalloy is a high-performance alloy, usually based on nickel or cobalt, that keeps its strength and resists corrosion at very high temperatures. Superalloys are used in jet engine turbine blades.",advanced,en,facts_yaml,facts
qna,engineering,materials_science,metals,Why is titanium used in aircraft and medical implants?,"Titanium has a high strength-to-weight ratio, excellent corrosion resistance, and is biocompatible, meaning the body does not reject it. These properties make it ideal for airframes and bone implants.",intermediate,en,facts_yaml,facts
qna,engineering,materials_science,corrosion,What is galvanic corrosion?,"Galvanic corrosion occurs when two different metals are in electrical contact in the presence of an electrolyte, such as salt water. The more reactive metal corrodes faster, while the less reactive one is protected.",intermediate,en,facts_yaml,facts
qna,engineering,materials_science,ceramics,Why are ceramics usually brittle?,"Ceramics have strong ionic and covalent bonds that prevent atoms from sliding past each other easily. Instead of deforming plastically, they tend to crack suddenly when stressed, especially at tiny flaws.",intermediate,en,facts_yaml,facts
qna,engineering,materials_science,polymers,What is vulcanization?,"Vulcanization is a process that heats natural rubber with sulfur to form cross-links between its polymer chains. It makes rubber stronger, more elastic, and more resistant to heat, as used in tires.",intermediate,en,facts_yaml,facts
qna,engineering,materials_science,testing,What does the Charpy impact test measure?,The Charpy impact test measures how much energy a material absorbs when a notched sample is broken by a swinging pendulum. It indicates toughness and reveals whether a material becomes brittle at low temperatures.,advanced,en,facts_yaml,facts
qna,engineering,materials_science,mechanical_properties,What does it mean for a material to be anisotropic?,"An anisotropic material has properties that differ depending on direction. Wood, for example, is much stronger along the grain than across it.",advanced,en,facts_yaml,facts
qna,engineering,materials_science,metals,What is the difference between ferrous and nonferrous metals?,"Ferrous metals contain iron, such as steel and cast iron, and are often magnetic and prone to rusting. Nonferrous metals, such as aluminum, copper, and zinc, contain little or no iron.",beginner,en,facts_yaml,facts
qna,engineering,materials_science,processing,What is sintering?,Sintering is the process of compacting and heating powdered material below its melting point so the particles bond together into a solid piece. It is used to make ceramics and metal parts through powder metallurgy.,intermediate,en,facts_yaml,facts
qna,engineering,materials_science,advanced_materials,What are carbon nanotubes?,"Carbon nanotubes are cylinders made of rolled-up sheets of carbon atoms arranged in a hexagonal pattern, only nanometers in diameter. They are extremely strong and can conduct electricity very well.",advanced,en,facts_yaml,facts
qna,engineering,astronautics,propulsion,How can a rocket accelerate in the vacuum of space where there is no air to push against?,"A rocket pushes its exhaust gases backward at high speed, and by Newton's third law, the gases push the rocket forward. It does not need air, because the reaction force comes from the expelled propellant itself.",beginner,en,facts_yaml,facts
qna,engineering,astronautics,propulsion,What is specific impulse?,"Specific impulse measures how efficiently a rocket engine uses propellant, expressed as the thrust produced per unit weight of propellant consumed per second, in seconds. A higher specific impulse means more change in velocity from the same amount of propellant.",advanced,en,facts_yaml,facts
qna,engineering,astronautics,propulsion,What is the Tsiolkovsky rocket equation?,The Tsiolkovsky rocket equation relates a rocket's possible change in velocity to its exhaust velocity and the ratio of its initial mass to its final mass: Δv = ve ln(m0/mf). It shows why rockets need a very large fraction of propellant.,advanced,en,facts_yaml,facts
qna,engineering,astronautics,launch,Why are many launch sites located near the equator?,"Earth's surface moves fastest at the equator, about 465 meters per second eastward. Launching eastward from near the equator adds this speed to the rocket, saving fuel, and makes it easier to reach equatorial orbits.",intermediate,en,facts_yaml,facts
qna,engineering,astronautics,orbits,What are Lagrange points?,"Lagrange points are five positions in a two-body system, such as the Sun and Earth, where a small object can remain in a stable position relative to the two larger bodies. The James Webb Space Telescope orbits near the Sun-Earth L2 point.",advanced,en,facts_yaml,facts
qna,engineering,astronautics,orbits,How long does the International Space Station take to orbit Earth?,"The International Space Station orbits Earth about every 90 minutes at an altitude of roughly 400 kilometers, so its crew sees about 16 sunrises and sunsets each day.",beginner,en,facts_yaml,facts
qna,engineering,astronautics,orbits,Why doesn't a satellite in orbit fall to Earth?,"A satellite is constantly falling toward Earth, but it moves sideways so fast that Earth's surface curves away beneath it at the same rate. As a result, it keeps falling around the planet instead of into it.",beginner,en,facts_yaml,facts
qna,engineering,astronautics,orbits,How fast must a satellite travel to stay in low Earth orbit?,"A satellite in low Earth orbit must travel at about 7.8 kilometers per second, roughly 28,000 kilometers per hour. Lower speeds would cause it to spiral down into the atmosphere.",intermediate,en,facts_yaml,facts
qna,engineering,astronautics,navigation,How does GPS determine a location?,"A GPS receiver picks up signals from several satellites, each broadcasting its position and a precise time. By measuring how long the signals took to arrive from at least four satellites, the receiver calculates its position and corrects its own clock error.",intermediate,en,facts_yaml,facts
qna,engineering,astronautics,propulsion,What is an ion thruster?,"An ion thruster produces thrust by ionizing a propellant such as xenon and accelerating the ions with electric fields. It produces very small thrust but is extremely fuel-efficient, making it ideal for long missions.",advanced,en,facts_yaml,facts
qna,engineering,astronautics,propulsion,What is the difference between solid and liquid rocket propellants?,"Solid propellants are premixed fuel and oxidizer cast into a solid block; they are simple and powerful but cannot be throttled or shut down once lit. Liquid propellants are stored in tanks and pumped into the engine, allowing throttling and restarts but requiring more complex systems.",intermediate,en,facts_yaml,facts
qna,engineering,astronautics,propulsion,What are hypergolic propellants?,"Hypergolic propellants are fuel and oxidizer combinations that ignite spontaneously on contact, with no ignition source needed. They are reliable for spacecraft maneuvering engines but are often highly toxic.",advanced,en,facts_yaml,facts
qna,engineering,astronautics,space_environment,What is space debris?,"Space debris is defunct human-made objects in orbit, such as old satellites, spent rocket stages, and fragments from collisions. Traveling at high speeds, even small pieces can seriously damage spacecraft.",intermediate,en,facts_yaml,facts
qna,engineering,astronautics,space_environment,What is the Kessler syndrome?,The Kessler syndrome is a scenario in which the density of objects in low Earth orbit becomes high enough that collisions create debris that causes further collisions in a cascade. It could make some orbits unusable for generations.,advanced,en,facts_yaml,facts
qna,engineering,astronautics,missions,What are the Voyager probes?,"Voyager 1 and Voyager 2 are NASA space probes launched in 1977 to study the outer planets. Both have since left the heliosphere, making them the first human-made objects to reach interstellar space.",beginner,en,facts_yaml,facts
qna,engineering,astronautics,missions,What was Sputnik 1?,"Sputnik 1 was the first artificial satellite, launched by the Soviet Union on 4 October 1957. Its launch began the Space Age and the space race between the Soviet Union and the United States.",beginner,en,facts_yaml,facts
qna,engineering,astronautics,missions,Who was the first human to travel into space?,"Soviet cosmonaut Yuri Gagarin became the first human in space on 12 April 1961, orbiting Earth once aboard Vostok 1.",beginner,en,facts_yaml,facts
qna,engineering,astronautics,spacecraft,What is a CubeSat?,"A CubeSat is a small, standardized satellite built from 10-centimeter cube units. CubeSats are inexpensive to build and launch, making space accessible to universities and small companies.",intermediate,en,facts_yaml,facts
qna,engineering,astronautics,spacecraft,What are reaction wheels used for on spacecraft?,"Reaction wheels are spinning flywheels used to control a spacecraft's orientation without using propellant. Speeding up or slowing down a wheel makes the spacecraft rotate in the opposite direction, because angular momentum is conserved.",advanced,en,facts_yaml,facts
qna,engineering,astronautics,orbits,What is aerobraking?,Aerobraking is a technique in which a spacecraft dips repeatedly into the upper atmosphere of a planet to slow down using atmospheric drag. It lowers the orbit while saving fuel.,advanced,en,facts_yaml,facts
qna,engineering,astronautics,propulsion,What is a solar sail?,"A solar sail is a large, very thin reflective sheet that propels a spacecraft using the tiny pressure of sunlight. The thrust is small but continuous and needs no fuel.",advanced,en,facts_yaml,facts
qna,engineering,astronautics,space_environment,Why is radiation a hazard for astronauts?,"Beyond Earth's atmosphere and magnetic field, astronauts are exposed to high-energy cosmic rays and solar particles. This radiation can damage DNA, increasing the risk of cancer and other health problems.",intermediate,en,facts_yaml,facts
qna,engineering,astronautics,space_environment,Why do astronauts lose bone and muscle mass in space?,"In microgravity, bones and muscles no longer have to support the body's weight, so the body breaks them down faster than it rebuilds them. Astronauts exercise for about two hours a day to reduce this loss.",intermediate,en,facts_yaml,facts
qna,engineering,astronautics,launch,What is Max Q during a rocket launch?,"Max Q is the point during a launch when the rocket experiences maximum aerodynamic pressure, which depends on both its speed and the density of the air. Rockets often throttle down around this point to reduce structural stress.",advanced,en,facts_yaml,facts
qna,engineering,astronautics,orbits,What is orbital decay?,"Orbital decay is the gradual lowering of a satellite's orbit, mainly caused by drag from the thin upper atmosphere. Without reboosts, satellites in low orbits eventually reenter and burn up.",intermediate,en,facts_yaml,facts
qna,engineering,astronautics,missions,What did the New Horizons mission achieve?,"NASA's New Horizons spacecraft made the first close flyby of Pluto in July 2015, returning detailed images of its surface. It later flew past the Kuiper Belt object Arrokoth in 2019.",beginner,en,facts_yaml,facts
qna,computer_science,computer_science,algorithms,What is Big O notation?,"Big O notation describes how an algorithm's running time or memory use grows as the input size grows, focusing on the dominant term for large inputs. For example, O(n) grows linearly, while O(n²) grows with the square of the input size.",intermediate,en,facts_yaml,facts
qna,computer_science,computer_science,algorithms,What is the difference between O(1) and O(n) time complexity?,"An O(1) operation takes the same amount of time regardless of input size, such as accessing an array element by index. An O(n) operation takes time proportional to the input size, such as scanning every element of a list.",beginner,en,facts_yaml,facts
qna,computer_science,computer_science,algorithms,Why does binary search require a sorted list?,"Binary search works by comparing the target with the middle element and discarding the half that cannot contain it. This only works if the list is sorted, so that everything on one side is known to be smaller and everything on the other side larger.",beginner,en,facts_yaml,facts
qna,computer_science,computer_science,algorithms,What is the time complexity of binary search?,"Binary search runs in O(log n) time, because each comparison halves the remaining search space. Searching a sorted list of a million items takes at most about 20 comparisons.",intermediate,en,facts_yaml,facts
qna,computer_science,computer_science,algorithms,What is linear search?,Linear search checks each element of a list one by one until it finds the target or reaches the end. It works on unsorted data but takes O(n) time.,beginner,en,facts_yaml,facts
qna,computer_science,computer_science,algorithms,How does bubble sort work?,"Bubble sort repeatedly steps through a list, compares adjacent elements, and swaps them if they are in the wrong order. Larger values gradually bubble to the end, and it takes O(n²) time, so it is inefficient for large lists.",beginner,en,facts_yaml,facts
qna,computer_science,computer_science,algorithms,How does merge sort work?,"Merge sort divides a list into halves, recursively sorts each half, and then merges the two sorted halves into one sorted list. It always runs in O(n log n) time and is stable.",intermediate,en,facts_yaml,facts
qna,computer_science,computer_science,algorithms,How does quicksort work?,"Quicksort picks a pivot element, partitions the list so that smaller elements go before the pivot and larger ones after it, and then recursively sorts the two parts. It averages O(n log n) time and is very fast in practice.",intermediate,en,facts_yaml,facts
qna,computer_science,computer_science,algorithms,Why can quicksort take O(n²) time in the worst case?,"If the chosen pivot is always the smallest or largest element, such as when picking the first element of an already sorted list, each partition removes only one element. The recursion then goes n levels deep, doing O(n) work at each level.",advanced,en,facts_yaml,facts
qna,computer_science,computer_science,algorithms,What is a stable sorting algorithm?,"A stable sorting algorithm keeps elements with equal keys in the same relative order they had before sorting. Merge sort is stable, while a typical quicksort is not.",intermediate,en,facts_yaml,facts
qna,computer_science,computer_science,algorithms,What is a divide-and-conquer algorithm?,"A divide-and-conquer algorithm solves a problem by splitting it into smaller subproblems of the same type, solving them recursively, and combining their solutions. Merge sort and binary search are examples.",intermediate,en,facts_yaml,facts
qna,computer_science,computer_science,algorithms,What is dynamic programming?,"Dynamic programming solves complex problems by breaking them into overlapping subproblems, solving each subproblem only once, and storing the results. It turns many exponential-time problems, such as computing Fibonacci numbers naively, into efficient ones.",advanced,en,facts_yaml,facts
qna,computer_science,computer_science,algorithms,What is a greedy algorithm?,"A greedy algorithm builds a solution step by step, always making the choice that looks best at the moment. It is fast and works for some problems, such as making change with standard coins, but does not always find the optimal solution.",intermediate,en,facts_yaml,facts
qna,computer_science,computer_science,algorithms,What is memoization?,Memoization is an optimization technique in which a function stores the results of previous calls and returns the cached result when the same inputs occur again. It avoids repeating expensive calculations.,intermediate,en,facts_yaml,facts
qna,computer_science,computer_science,algorithms,What is the difference between breadth-first search and depth-first search?,"Breadth-first search explores a graph level by level, visiting all neighbors before moving deeper, and finds shortest paths in unweighted graphs. Depth-first search goes as deep as possible along one branch before backtracking.",intermediate,en,facts_yaml,facts
qna,computer_science,computer_science,algorithms,What does Dijkstra's algorithm do?,Dijkstra's algorithm finds the shortest paths from a starting node to all other nodes in a graph with non-negative edge weights. It repeatedly selects the unvisited node with the smallest known distance and updates its neighbors.,advanced,en,facts_yaml,facts
qna,computer_science,computer_science,theory,What is the P versus NP problem?,P versus NP asks whether every problem whose solution can be quickly verified (NP) can also be quickly solved (P). It is one of the most important unsolved problems in computer science.,advanced,en,facts_yaml,facts
qna,computer_science,computer_science,theory,What is an NP-complete problem?,"An NP-complete problem is one of the hardest problems in NP: any problem in NP can be converted to it efficiently. If any NP-complete problem could be solved in polynomial time, all NP problems could; the traveling salesman decision problem is an example.",advanced,en,facts_yaml,facts
qna,computer_science,computer_science,theory,What is the halting problem?,"The halting problem asks whether there is a general algorithm that can decide, for any program and input, whether the program will eventually stop or run forever. Alan Turing proved in 1936 that no such algorithm can exist.",advanced,en,facts_yaml,facts
qna,computer_science,computer_science,algorithms,What is the difference between time complexity and space complexity?,"Time complexity describes how an algorithm's running time grows with input size, while space complexity describes how much extra memory it needs. Algorithms often trade one for the other.",intermediate,en,facts_yaml,facts
qna,computer_science,computer_science,data_structures,What is a binary search tree?,"A binary search tree is a tree in which each node has at most two children, with all values in the left subtree smaller than the node and all values in the right subtree larger. It allows fast searching, insertion, and deletion when balanced.",intermediate,en,facts_yaml,facts
qna,computer_science,computer_science,data_structures,What is a heap data structure?,"A heap is a tree-based structure in which each parent node is ordered relative to its children, so the smallest (min-heap) or largest (max-heap) element is always at the root. Heaps are used to implement priority queues.",intermediate,en,facts_yaml,facts
qna,computer_science,computer_science,data_structures,What is a priority queue?,"A priority queue is a data structure where each element has a priority, and the element with the highest priority is removed first, regardless of insertion order. It is commonly implemented with a heap.",intermediate,en,facts_yaml,facts
qna,computer_science,computer_science,data_structures,Why do balanced trees matter for performance?,"In a balanced tree, such as an AVL or red-black tree, the height stays proportional to log n, so searches take O(log n) time. An unbalanced tree can degenerate into a linked list, making operations O(n).",advanced,en,facts_yaml,facts
qna,computer_science,computer_science,data_structures,What is a trie?,"A trie, or prefix tree, is a tree that stores strings by sharing common prefixes, with each edge representing a character. It enables fast prefix searches and is used in autocomplete and spell checkers.",advanced,en,facts_yaml,facts
qna,computer_science,computer_science,data_structures,What is a hash collision?,"A hash collision occurs when two different keys produce the same hash value. Hash tables handle collisions using techniques such as chaining, which stores colliding items in a list, or open addressing, which probes for another empty slot.",intermediate,en,facts_yaml,facts
qna,computer_science,computer_science,data_structures,What is the difference between an array and a linked list in accessing elements?,"An array stores elements in contiguous memory, so any element can be accessed directly by index in O(1) time. A linked list must be traversed node by node from the start, taking O(n) time, though it allows easy insertion and deletion.",intermediate,en,facts_yaml,facts
qna,computer_science,computer_science,data_structures,What is a set data structure?,A set is a collection of unique elements with no duplicates and usually no particular order. It supports fast membership tests and operations such as union and intersection.,beginner,en,facts_yaml,facts
qna,computer_science,computer_science,data_structures,What is a dictionary or map data structure?,"A dictionary, or map, stores key-value pairs and lets you look up a value quickly by its unique key. Python's dict and Java's HashMap are examples.",beginner,en,facts_yaml,facts
qna,computer_science,computer_science,data_structures,What is the difference between an adjacency list and an adjacency matrix?,"An adjacency matrix represents a graph as a grid showing whether each pair of vertices is connected, using O(V²) space. An adjacency list stores each vertex's neighbors in a list, which uses less space for sparse graphs.",advanced,en,facts_yaml,facts
qna,computer_science,computer_science,data_structures,What is a circular buffer?,"A circular buffer is a fixed-size array used as if its end were connected to its beginning. When it fills, new data overwrites the oldest data, making it useful for streaming data and logs.",intermediate,en,facts_yaml,facts
qna,computer_science,computer_science,architecture,What is the von Neumann architecture?,"The von Neumann architecture is a computer design in which program instructions and data are stored in the same memory and processed by a CPU with an arithmetic unit, control unit, and registers. Most modern computers are based on it.",intermediate,en,facts_yaml,facts
qna,computer_science,computer_science,architecture,What is the fetch-decode-execute cycle?,"The fetch-decode-execute cycle is the basic operation of a CPU. It fetches an instruction from memory, decodes it to determine what to do, and executes it, then repeats for the next instruction.",beginner,en,facts_yaml,facts
qna,computer_science,computer_science,architecture,What does a CPU's clock speed measure?,"Clock speed measures how many cycles a processor's clock completes per second, given in gigahertz. A 3 GHz CPU completes 3 billion cycles per second, though actual performance also depends on how much work is done per cycle.",beginner,en,facts_yaml,facts
qna,computer_science,computer_science,architecture,What is a multi-core processor?,"A multi-core processor contains two or more independent processing units, called cores, on one chip. It can run several tasks truly in parallel, improving performance for multitasking and parallel programs.",beginner,en,facts_yaml,facts
qna,computer_science,computer_science,architecture,What is instruction pipelining?,"Pipelining lets a CPU overlap the stages of multiple instructions, such as fetching one while decoding another and executing a third. This increases the number of instructions completed per unit of time.",advanced,en,facts_yaml,facts
qna,computer_science,computer_science,architecture,Why do CPUs have multiple levels of cache?,"Small caches are very fast but hold little, while larger caches are slower. A hierarchy of L1, L2, and L3 caches keeps the most frequently used data in the fastest, smallest level while still holding more data nearby than main memory.",intermediate,en,facts_yaml,facts
qna,computer_science,computer_science,architecture,What does the arithmetic logic unit (ALU) do?,"The ALU is the part of the CPU that performs arithmetic operations, such as addition and subtraction, and logical operations, such as AND, OR, and comparisons.",beginner,en,facts_yaml,facts
qna,computer_science,computer_science,architecture,What is the control unit of a CPU?,"The control unit directs the operation of the processor. It interprets instructions and sends control signals that coordinate the ALU, registers, memory, and input/output devices.",intermediate,en,facts_yaml,facts
qna,computer_science,computer_science,architecture,What is a computer bus?,"A bus is a communication system that transfers data between components inside a computer, such as the CPU, memory, and peripherals. Buses include lines for data, addresses, and control signals.",intermediate,en,facts_yaml,facts
qna,computer_science,computer_science,architecture,What is an instruction set architecture?,"An instruction set architecture (ISA) is the set of machine instructions a processor can execute, along with its registers and data types. It is the interface between software and hardware; x86 and ARM are examples.",advanced,en,facts_yaml,facts
qna,computer_science,computer_science,architecture,What is the difference between RISC and CISC processors?,"RISC (reduced instruction set computer) processors use a small set of simple instructions that each execute quickly, as in ARM chips. CISC (complex instruction set computer) processors, such as x86, have many complex instructions that can do more work per instruction.",advanced,en,facts_yaml,facts
qna,computer_science,computer_science,architecture,What is endianness?,"Endianness is the order in which bytes of a multi-byte value are stored in memory. Big-endian stores the most significant byte first, while little-endian, used by x86 processors, stores the least significant byte first.",advanced,en,facts_yaml,facts
qna,computer_science,computer_science,data_representation,What is two's complement?,"Two's complement is the standard way computers represent signed integers in binary. A negative number is formed by inverting all bits of the positive number and adding one, which lets the same circuits handle addition and subtraction.",intermediate,en,facts_yaml,facts
qna,computer_science,computer_science,data_representation,How are floating-point numbers stored in computers?,"Most computers use the IEEE 754 standard, which stores a floating-point number as a sign bit, an exponent, and a fraction (mantissa), similar to scientific notation in binary. This allows a wide range of values but limited precision.",advanced,en,facts_yaml,facts
qna,computer_science,computer_science,data_representation,Why does 0.1 + 0.2 not exactly equal 0.3 in many programming languages?,"Numbers such as 0.1 and 0.2 cannot be represented exactly in binary floating point, just as 1/3 cannot be written exactly in decimal. The tiny rounding errors add up, so the result is 0.30000000000000004.",intermediate,en,facts_yaml,facts
qna,computer_science,computer_science,data_representation,What is integer overflow?,"Integer overflow occurs when a calculation produces a value too large to fit in the number of bits available. The value typically wraps around to a very small or negative number, which can cause bugs or security problems.",intermediate,en,facts_yaml,facts
qna,computer_science,computer_science,data_representation,Why is hexadecimal used in computing?,"Hexadecimal (base 16) is a compact way to write binary, because each hex digit represents exactly four bits. It is used for memory addresses, color codes, and displaying raw data.",beginner,en,facts_yaml,facts
qna,computer_science,computer_science,data_representation,What is the difference between ASCII and Unicode?,"ASCII is an early 7-bit character encoding covering 128 characters, mainly English letters, digits, and symbols. Unicode is a universal standard that assigns codes to well over 100,000 characters from nearly all writing systems, plus emoji.",beginner,en,facts_yaml,facts
qna,computer_science,computer_science,data_representation,What is UTF-8?,UTF-8 is a variable-length encoding for Unicode that uses one to four bytes per character. It is backward-compatible with ASCII and is the most widely used text encoding on the web.,intermediate,en,facts_yaml,facts
qna,computer_science,computer_science,hardware,What is the difference between an SSD and a hard disk drive?,"A hard disk drive stores data magnetically on spinning platters read by a moving head. A solid-state drive stores data in flash memory chips with no moving parts, making it much faster, quieter, and more resistant to shock.",beginner,en,facts_yaml,facts
qna,computer_science,computer_science,hardware,What is BIOS or UEFI?,BIOS and its modern replacement UEFI are firmware stored on the motherboard that runs when a computer is switched on. They test the hardware and load the operating system's bootloader.,intermediate,en,facts_yaml,facts
qna,computer_science,computer_science,hardware,What is firmware?,"Firmware is software permanently stored in a hardware device's non-volatile memory that provides low-level control of that device. Routers, printers, and keyboards all contain firmware.",beginner,en,facts_yaml,facts
qna,computer_science,computer_science,operating_systems,What is an interrupt in computing?,"An interrupt is a signal to the processor that an event needs immediate attention, such as a key press or data arriving from a network. The CPU pauses its current task, runs an interrupt handler, and then resumes.",intermediate,en,facts_yaml,facts
qna,computer_science,computer_science,hardware,What is direct memory access (DMA)?,"Direct memory access allows hardware devices, such as disk controllers and network cards, to transfer data to and from main memory without involving the CPU for each byte. This frees the CPU for other work.",advanced,en,facts_yaml,facts
qna,computer_science,computer_science,hardware,What is the difference between 32-bit and 64-bit systems?,"A 64-bit processor handles data and memory addresses in 64-bit units, while a 32-bit processor uses 32-bit units. A 32-bit system can directly address only about 4 GB of memory, while a 64-bit system can address vastly more.",intermediate,en,facts_yaml,facts
qna,computer_science,computer_science,operating_systems,What is the kernel of an operating system?,"The kernel is the core of an operating system that has full control over the hardware. It manages memory, processes, devices, and system calls, acting as a bridge between applications and hardware.",intermediate,en,facts_yaml,facts
qna,computer_science,computer_science,operating_systems,What is a system call?,"A system call is a request from a program to the operating system kernel for a service it cannot perform directly, such as reading a file, creating a process, or sending data over a network.",advanced,en,facts_yaml,facts
qna,computer_science,computer_science,operating_systems,What is a context switch?,"A context switch is when the operating system saves the state of a running process or thread and loads the state of another, so the CPU can switch between tasks. It enables multitasking but takes some overhead.",advanced,en,facts_yaml,facts
qna,computer_science,computer_science,operating_systems,What is round-robin scheduling?,"Round-robin scheduling gives each process a fixed time slice on the CPU in turn. If a process does not finish within its slice, it goes to the back of the queue, which gives all processes fair access.",intermediate,en,facts_yaml,facts
qna,computer_science,computer_science,operating_systems,What is paging in memory management?,"Paging divides memory into fixed-size blocks called pages, which are mapped to frames in physical memory by a page table. It lets processes use non-contiguous physical memory and supports virtual memory.",advanced,en,facts_yaml,facts
qna,computer_science,computer_science,operating_systems,What is a page fault?,"A page fault occurs when a program accesses a page of virtual memory that is not currently in physical memory. The operating system then loads the page from disk, which is much slower than a normal memory access.",advanced,en,facts_yaml,facts
qna,computer_science,computer_science,operating_systems,What is thrashing in an operating system?,Thrashing is when a system spends most of its time swapping pages between memory and disk instead of doing useful work. It happens when running processes need more memory than is physically available.,advanced,en,facts_yaml,facts
qna,computer_science,computer_science,operating_systems,What is a race condition?,"A race condition is a bug that occurs when the outcome of a program depends on the unpredictable timing of multiple threads or processes accessing shared data. For example, two threads incrementing a counter at the same time can lose an update.",intermediate,en,facts_yaml,facts
qna,computer_science,computer_science,operating_systems,What is a mutex?,A mutex (mutual exclusion lock) is a synchronization tool that allows only one thread at a time to access a shared resource. A thread locks the mutex before entering a critical section and unlocks it afterward.,intermediate,en,facts_yaml,facts
qna,computer_science,computer_science,operating_systems,What is a semaphore?,"A semaphore is a synchronization variable that controls access to a shared resource by multiple threads using a counter. Threads decrement it to acquire access and increment it to release, and they wait when it reaches zero.",advanced,en,facts_yaml,facts
qna,computer_science,computer_science,operating_systems,What is a file system?,"A file system is the method an operating system uses to organize, store, and retrieve files on a storage device. Examples include NTFS, ext4, and APFS.",beginner,en,facts_yaml,facts
qna,computer_science,computer_science,operating_systems,What is a device driver?,"A device driver is software that lets the operating system communicate with a specific hardware device, such as a printer or graphics card. It translates general OS commands into device-specific instructions.",intermediate,en,facts_yaml,facts
qna,computer_science,computer_science,operating_systems,What is a command-line shell?,A shell is a program that lets users interact with the operating system by typing text commands. Examples include Bash on Linux and PowerShell on Windows.,beginner,en,facts_yaml,facts
qna,computer_science,computer_science,operating_systems,What is virtualization?,Virtualization uses software called a hypervisor to create multiple virtual machines on a single physical computer. Each virtual machine runs its own operating system as if it had its own hardware.,intermediate,en,facts_yaml,facts
qna,computer_science,computer_science,theory,What is a Turing machine?,"A Turing machine is an abstract model of computation proposed by Alan Turing in 1936. It consists of an infinite tape, a read/write head, and a set of rules, and it can simulate any algorithm that a computer can run.",advanced,en,facts_yaml,facts
qna,computer_science,computer_science,theory,What is a finite automaton?,A finite automaton is a simple model of computation with a finite number of states that moves between states based on input symbols. It recognizes regular languages and underlies regular expressions and lexical analyzers.,advanced,en,facts_yaml,facts
qna,computer_science,computer_science,compilers,What are the main stages of a compiler?,"A compiler typically performs lexical analysis (breaking code into tokens), parsing (building a syntax tree), semantic analysis, optimization, and code generation that produces machine code or another target language.",advanced,en,facts_yaml,facts
qna,computer_science,computer_science,data_representation,What is the difference between lossless and lossy compression?,"Lossless compression, used in ZIP and PNG files, reduces file size without losing any data, so the original can be restored exactly. Lossy compression, used in JPEG and MP3, discards less noticeable information to achieve much smaller files.",intermediate,en,facts_yaml,facts
qna,computer_science,computer_science,data_representation,What is Huffman coding?,Huffman coding is a lossless compression method that assigns shorter binary codes to more frequent symbols and longer codes to rarer ones. It builds an optimal prefix code from the symbol frequencies.,advanced,en,facts_yaml,facts
qna,computer_science,computer_science,data_representation,What is a checksum?,A checksum is a small value calculated from a block of data to detect errors. The receiver recalculates it and compares the results; a mismatch shows that the data was corrupted.,intermediate,en,facts_yaml,facts
qna,computer_science,computer_science,data_representation,What is a parity bit?,A parity bit is an extra bit added to a group of bits so that the total number of 1s is always even or always odd. It can detect a single-bit error but cannot correct it.,intermediate,en,facts_yaml,facts
qna,computer_science,computer_science,data_representation,What is an error-correcting code?,"An error-correcting code adds redundant information to data so that errors can be both detected and corrected without retransmission. Hamming codes and Reed-Solomon codes are used in memory, storage, and communications.",advanced,en,facts_yaml,facts
qna,computer_science,programming,languages,What is the difference between static and dynamic typing?,"In statically typed languages, such as Java and C, variable types are checked at compile time. In dynamically typed languages, such as Python and JavaScript, types are checked while the program runs.",intermediate,en,facts_yaml,facts
qna,computer_science,programming,languages,What is the difference between high-level and low-level programming languages?,"High-level languages, such as Python and Java, are closer to human language and hide hardware details. Low-level languages, such as assembly, are closer to machine code and give direct control over the hardware.",beginner,en,facts_yaml,facts
qna,computer_science,programming,fundamentals,What is a function in programming?,"A function is a named, reusable block of code that performs a specific task. It can take inputs called parameters and return a result, which helps organize programs and avoid repetition.",beginner,en,facts_yaml,facts
qna,computer_science,programming,fundamentals,What is the difference between a parameter and an argument?,A parameter is a variable listed in a function's definition. An argument is the actual value passed to the function when it is called.,beginner,en,facts_yaml,facts
qna,computer_science,programming,fundamentals,What is variable scope?,"Scope determines where in a program a variable can be accessed. A local variable exists only inside the function or block where it is defined, while a global variable can be accessed throughout the program.",beginner,en,facts_yaml,facts
qna,computer_science,programming,fundamentals,What is the difference between a for loop and a while loop?,"A for loop is typically used when the number of repetitions is known, such as iterating over a list. A while loop repeats as long as a condition remains true, which suits situations where the number of iterations is not known in advance.",beginner,en,facts_yaml,facts
qna,computer_science,programming,fundamentals,What is an infinite loop?,"An infinite loop is a loop whose exit condition is never met, so it runs forever unless interrupted. It is usually a bug, though some programs, such as servers, loop intentionally until stopped.",beginner,en,facts_yaml,facts
qna,computer_science,programming,fundamentals,What is a conditional statement?,"A conditional statement, such as if-else, runs different code depending on whether a condition is true or false. It lets a program make decisions.",beginner,en,facts_yaml,facts
qna,computer_science,programming,fundamentals,What is a Boolean data type?,"A Boolean data type has only two possible values, true and false. It is used in conditions and logical operations.",beginner,en,facts_yaml,facts
qna,computer_science,programming,fundamentals,What is a string in programming?,"A string is a data type that represents a sequence of characters, such as a word or sentence. Strings are usually written in quotation marks.",beginner,en,facts_yaml,facts
qna,computer_science,programming,fundamentals,What is the difference between an integer and a floating-point number?,"An integer is a whole number without a fractional part, such as 42. A floating-point number can have a fractional part, such as 3.14, but is stored with limited precision.",beginner,en,facts_yaml,facts
qna,computer_science,programming,fundamentals,What is a null reference?,"A null reference is a reference that points to no object or value. Trying to use it, for example by calling a method on it, causes errors such as a NullPointerException, which Tony Hoare called his ""billion-dollar mistake.""",intermediate,en,facts_yaml,facts
qna,computer_science,programming,fundamentals,What is a pointer?,"A pointer is a variable that stores the memory address of another value rather than the value itself. Pointers are central to languages such as C and allow efficient data manipulation, but misuse can cause crashes.",intermediate,en,facts_yaml,facts
qna,computer_science,programming,bugs,What is a memory leak?,"A memory leak occurs when a program allocates memory but fails to release it after it is no longer needed. Over time, the program uses more and more memory, which can slow down or crash the system.",intermediate,en,facts_yaml,facts
qna,computer_science,programming,bugs,What causes a stack overflow error?,"A stack overflow occurs when a program uses more space on the call stack than is available, most often due to infinite or very deep recursion. Each function call adds a frame to the stack until it runs out.",intermediate,en,facts_yaml,facts
qna,computer_science,programming,bugs,What is an off-by-one error?,"An off-by-one error is a common bug in which a loop or calculation goes one step too far or stops one step too early, for example by using <= instead of <. It often occurs with array indexes that start at zero.",beginner,en,facts_yaml,facts
qna,computer_science,programming,fundamentals,What is the difference between pass by value and pass by reference?,"In pass by value, a function receives a copy of the argument, so changes inside the function do not affect the original. In pass by reference, the function receives a reference to the original, so changes affect it directly.",intermediate,en,facts_yaml,facts
qna,computer_science,programming,fundamentals,What does it mean for an object to be immutable?,"An immutable object cannot be changed after it is created; any modification creates a new object. Strings in Python and Java are immutable, which makes them safer to share.",intermediate,en,facts_yaml,facts
qna,computer_science,programming,functional_programming,What is a lambda function?,"A lambda function is a small anonymous function defined without a name, often in a single expression. It is commonly passed as an argument, for example to sort a list by a custom key.",intermediate,en,facts_yaml,facts
qna,computer_science,programming,functional_programming,What is a higher-order function?,"A higher-order function is a function that takes another function as an argument or returns a function as its result. Map, filter, and reduce are common examples.",intermediate,en,facts_yaml,facts
qna,computer_science,programming,functional_programming,What is a closure in programming?,"A closure is a function that remembers the variables from the scope in which it was created, even after that scope has finished executing. It allows functions to carry private state.",advanced,en,facts_yaml,facts
qna,computer_science,programming,functional_programming,What is functional programming?,"Functional programming is a style that builds programs from pure functions, avoids changing state and mutable data, and treats functions as values. Haskell is a purely functional language, and many languages support the style.",intermediate,en,facts_yaml,facts
qna,computer_science,programming,functional_programming,What is a pure function?,"A pure function always returns the same output for the same inputs and has no side effects, such as modifying global variables or writing to files. Pure functions are easy to test and reason about.",intermediate,en,facts_yaml,facts
qna,computer_science,programming,oop,What is an interface in object-oriented programming?,"An interface defines a set of methods that a class must implement, without providing their implementation. It lets different classes be used interchangeably if they follow the same interface.",intermediate,en,facts_yaml,facts
qna,computer_science,programming,oop,What is the difference between method overloading and method overriding?,Overloading means defining several methods with the same name but different parameters in the same class. Overriding means a subclass provides its own implementation of a method already defined in its parent class.,intermediate,en,facts_yaml,facts
qna,computer_science,programming,oop,What is a constructor?,A constructor is a special method that is called automatically when a new object is created. It initializes the object's attributes.,beginner,en,facts_yaml,facts
qna,computer_science,programming,design,What is a design pattern in software engineering?,"A design pattern is a general, reusable solution to a commonly occurring problem in software design. Examples include the singleton, observer, and factory patterns.",intermediate,en,facts_yaml,facts
qna,computer_science,programming,design,What is the Model-View-Controller (MVC) pattern?,"MVC is a design pattern that separates an application into three parts: the model, which manages data and logic; the view, which displays information; and the controller, which handles user input and updates the model and view.",intermediate,en,facts_yaml,facts
qna,computer_science,programming,testing,What is unit testing?,"Unit testing is testing individual components of a program, such as single functions or classes, in isolation to confirm they work correctly. Unit tests are usually automated and run frequently.",beginner,en,facts_yaml,facts
qna,computer_science,programming,testing,What is test-driven development?,"Test-driven development is a practice in which developers write an automated test for a feature before writing the code itself. They then write just enough code to pass the test and refactor it, repeating the cycle.",intermediate,en,facts_yaml,facts
qna,computer_science,programming,testing,What is integration testing?,Integration testing checks that different modules or services of a program work correctly together. It catches problems in the interactions between components that unit tests might miss.,intermediate,en,facts_yaml,facts
qna,computer_science,programming,practices,What is refactoring?,"Refactoring is restructuring existing code to make it cleaner, simpler, or easier to maintain without changing what it does.",beginner,en,facts_yaml,facts
qna,computer_science,programming,practices,What is code review?,"Code review is the practice of having other developers examine code changes before they are merged. It helps catch bugs, improves code quality, and spreads knowledge across a team.",beginner,en,facts_yaml,facts
qna,computer_science,programming,version_control,What is a branch in Git?,A branch in Git is an independent line of development. It lets developers work on new features or fixes without affecting the main codebase until the changes are merged.,beginner,en,facts_yaml,facts
qna,computer_science,programming,version_control,What is a merge conflict?,"A merge conflict happens when Git cannot automatically combine changes from two branches, usually because both changed the same lines of the same file. A developer must resolve it manually by choosing which changes to keep.",intermediate,en,facts_yaml,facts
qna,computer_science,programming,version_control,What is a pull request?,"A pull request is a proposal to merge changes from one branch into another, commonly used on platforms such as GitHub. It lets team members review, discuss, and test the changes before merging.",beginner,en,facts_yaml,facts
qna,computer_science,programming,practices,What is semantic versioning?,"Semantic versioning labels software releases as MAJOR.MINOR.PATCH. The major number increases for incompatible changes, the minor for new backward-compatible features, and the patch for backward-compatible bug fixes.",intermediate,en,facts_yaml,facts
qna,computer_science,programming,tools,What is a package manager?,"A package manager is a tool that automates installing, updating, and removing software libraries and their dependencies. Examples include npm for JavaScript and pip for Python.",beginner,en,facts_yaml,facts
qna,computer_science,programming,tools,What is the difference between a library and a framework?,"With a library, your code calls the library's functions when it needs them. With a framework, the framework controls the program flow and calls your code, which is often described as inversion of control.",intermediate,en,facts_yaml,facts
qna,computer_science,programming,tools,What is an IDE?,"An IDE (integrated development environment) is software that combines tools for programming, such as a code editor, debugger, and build tools, in one application. Visual Studio Code and IntelliJ IDEA are examples.",beginner,en,facts_yaml,facts
qna,computer_science,programming,tools,What is a linter?,"A linter is a tool that analyzes source code for potential errors, bugs, style problems, and suspicious constructs without running it.",beginner,en,facts_yaml,facts
qna,computer_science,programming,tools,What is a regular expression?,"A regular expression is a sequence of characters that defines a search pattern for text. It is used to find, validate, or replace text, such as checking that an input looks like an email address.",intermediate,en,facts_yaml,facts
qna,computer_science,programming,data_formats,What is JSON?,JSON (JavaScript Object Notation) is a lightweight text format for storing and exchanging data using key-value pairs and arrays. It is easy for humans to read and is widely used in web APIs.,beginner,en,facts_yaml,facts
qna,computer_science,programming,web,What is a REST API?,"A REST API is a web interface that follows REST principles, using standard HTTP methods such as GET, POST, PUT, and DELETE to work with resources identified by URLs. It is stateless, meaning each request contains all the information needed to process it.",intermediate,en,facts_yaml,facts
qna,computer_science,programming,web,What is the difference between the HTTP GET and POST methods?,"GET requests data from a server and sends any parameters in the URL, so it should not change anything on the server. POST sends data in the request body to create or change something, such as submitting a form.",beginner,en,facts_yaml,facts
qna,computer_science,programming,web,What does an HTTP 404 status code mean?,"A 404 Not Found status code means the server could not find the requested resource, often because the page does not exist or the URL is wrong.",beginner,en,facts_yaml,facts
qna,computer_science,programming,web,What does an HTTP 500 status code mean?,"A 500 Internal Server Error means the server encountered an unexpected problem while processing the request. It indicates a fault on the server side, not with the client's request.",intermediate,en,facts_yaml,facts
qna,computer_science,programming,databases,What does CRUD stand for?,"CRUD stands for create, read, update, and delete, the four basic operations for managing stored data. They correspond roughly to SQL's INSERT, SELECT, UPDATE, and DELETE.",beginner,en,facts_yaml,facts
qna,computer_science,programming,concurrency,What is asynchronous programming?,"Asynchronous programming lets a program start a long-running task, such as a network request, and continue doing other work instead of waiting for it to finish. The result is handled later through callbacks, promises, or async/await.",intermediate,en,facts_yaml,facts
qna,computer_science,programming,concurrency,What is a callback function?,"A callback is a function passed as an argument to another function, to be called later when a task finishes or an event occurs.",intermediate,en,facts_yaml,facts
qna,computer_science,programming,concurrency,What is a promise in JavaScript?,"A promise is an object representing the eventual result of an asynchronous operation. It can be pending, fulfilled with a value, or rejected with an error.",intermediate,en,facts_yaml,facts
qna,computer_science,programming,concurrency,What is the difference between concurrency and parallelism?,"Concurrency means managing multiple tasks that make progress in overlapping time periods, even on one CPU core by switching between them. Parallelism means actually executing multiple tasks at the same instant on multiple cores.",advanced,en,facts_yaml,facts
qna,computer_science,programming,concurrency,What is an event loop?,"An event loop is a programming construct that waits for events, such as user input or completed network requests, and dispatches them to the appropriate handlers. It lets single-threaded environments like JavaScript handle many tasks asynchronously.",advanced,en,facts_yaml,facts
qna,computer_science,programming,languages,Why is indentation important in Python?,"In Python, indentation is part of the syntax: it defines which statements belong to a block, such as the body of a loop or function. Incorrect indentation causes errors or changes the program's meaning.",beginner,en,facts_yaml,facts
qna,computer_science,programming,practices,What is the purpose of comments in code?,"Comments are notes in source code that the computer ignores. They explain why the code does what it does, making it easier for people to understand and maintain.",beginner,en,facts_yaml,facts
qna,computer_science,programming,practices,What is the DRY principle?,"DRY stands for ""Don't Repeat Yourself."" It encourages developers to avoid duplicating code or logic, instead placing it in one reusable function or module so changes need to be made in only one place.",intermediate,en,facts_yaml,facts
qna,computer_science,programming,practices,What is technical debt?,"Technical debt is the future cost of extra work caused by choosing a quick or easy solution now instead of a better one. Like financial debt, it accumulates interest in the form of slower development and more bugs if not addressed.",intermediate,en,facts_yaml,facts
qna,computer_science,programming,methodology,What is Agile software development?,"Agile is an approach to software development that delivers work in small, frequent increments and adapts to changing requirements through close collaboration with customers and continuous feedback.",beginner,en,facts_yaml,facts
qna,computer_science,programming,methodology,What is Scrum?,"Scrum is an Agile framework in which a team works in short, fixed-length iterations called sprints, typically two weeks long. It uses roles such as product owner and scrum master and regular meetings such as daily stand-ups.",intermediate,en,facts_yaml,facts
qna,computer_science,programming,methodology,What is the waterfall model?,"The waterfall model is a sequential software development approach in which each phase, such as requirements, design, implementation, testing, and maintenance, is completed before the next begins. It is less flexible to change than Agile.",intermediate,en,facts_yaml,facts
qna,computer_science,programming,devops,What is CI/CD?,"CI/CD stands for continuous integration and continuous delivery or deployment. Code changes are automatically built and tested whenever they are committed, and then automatically prepared for or released to production.",intermediate,en,facts_yaml,facts
qna,computer_science,programming,devops,What is a Docker container?,"A Docker container is a lightweight, standalone package that includes an application and everything it needs to run, such as libraries and settings. Containers share the host operating system's kernel, making them faster and smaller than virtual machines.",intermediate,en,facts_yaml,facts
qna,computer_science,programming,cloud,What is cloud computing?,"Cloud computing is the delivery of computing resources, such as servers, storage, databases, and software, over the internet on demand. Users pay for what they use instead of owning and maintaining their own hardware.",beginner,en,facts_yaml,facts
qna,computer_science,programming,cloud,"What is the difference between IaaS, PaaS, and SaaS?","IaaS (infrastructure as a service) provides virtual machines, storage, and networks. PaaS (platform as a service) provides a managed platform for building and running applications. SaaS (software as a service) provides complete applications over the internet, such as web email.",intermediate,en,facts_yaml,facts
qna,computer_science,programming,cloud,What is serverless computing?,"Serverless computing is a cloud model in which developers write functions that run on demand, while the provider automatically manages the servers, scaling, and maintenance. Customers pay only for the time their code runs.",advanced,en,facts_yaml,facts
qna,computer_science,programming,design,What is a microservices architecture?,"A microservices architecture builds an application as a collection of small, independent services, each handling one function and communicating over a network. Services can be developed, deployed, and scaled separately.",advanced,en,facts_yaml,facts
qna,computer_science,programming,web,"What are the roles of HTML, CSS, and JavaScript in a web page?","HTML defines the structure and content of a web page, CSS controls its appearance and layout, and JavaScript adds interactivity and dynamic behavior.",beginner,en,facts_yaml,facts
qna,computer_science,programming,web,What is the DOM?,The DOM (Document Object Model) is a tree-like representation of a web page that the browser builds from its HTML. JavaScript can read and modify the DOM to change the page's content and structure dynamically.,intermediate,en,facts_yaml,facts
qna,computer_science,programming,web,What is a web browser cookie?,"A cookie is a small piece of data that a website stores in the user's browser. It is used to remember information such as login sessions, preferences, and items in a shopping cart.",beginner,en,facts_yaml,facts
qna,computer_science,programming,web,What is responsive web design?,"Responsive web design is an approach in which a website adapts its layout to different screen sizes and devices, such as phones, tablets, and desktops, usually using flexible grids and CSS media queries.",beginner,en,facts_yaml,facts
qna,computer_science,programming,web,What is the difference between front-end and back-end development?,"Front-end development covers the parts of a website or app that users see and interact with in the browser. Back-end development covers the server, database, and application logic that run behind the scenes.",beginner,en,facts_yaml,facts
qna,computer_science,programming,networking_basics,What is localhost?,"Localhost is the hostname that refers to the current computer itself, usually mapped to the loopback IP address 127.0.0.1. Developers use it to test servers and websites on their own machine.",beginner,en,facts_yaml,facts
qna,computer_science,programming,devops,What is an environment variable?,"An environment variable is a named value stored outside a program, in its operating environment, that the program can read at runtime. It is often used for configuration such as file paths or API keys.",intermediate,en,facts_yaml,facts
qna,computer_science,networking,models,What are the seven layers of the OSI model?,"The OSI model's seven layers, from bottom to top, are physical, data link, network, transport, session, presentation, and application. Each layer handles a specific part of network communication and serves the layer above it.",intermediate,en,facts_yaml,facts
qna,computer_science,networking,models,How does the TCP/IP model differ from the OSI model?,"The TCP/IP model is the practical model used on the internet and has four layers: link, internet, transport, and application. It combines several OSI layers, for example merging the session, presentation, and application layers into one application layer.",intermediate,en,facts_yaml,facts
qna,computer_science,networking,protocols,What is the TCP three-way handshake?,"The three-way handshake establishes a TCP connection: the client sends a SYN packet, the server replies with SYN-ACK, and the client responds with ACK. Both sides then agree on starting sequence numbers and can exchange data.",intermediate,en,facts_yaml,facts
qna,computer_science,networking,protocols,How does TCP ensure reliable delivery of data?,"TCP numbers each segment, requires the receiver to acknowledge what it receives, and retransmits segments that are not acknowledged in time. It also uses checksums to detect errors and reorders segments that arrive out of sequence.",intermediate,en,facts_yaml,facts
qna,computer_science,networking,protocols,When is UDP preferred over TCP?,"UDP is preferred when low latency matters more than guaranteed delivery, such as in live video calls, online gaming, and DNS lookups. It has no connection setup or retransmission, so it is faster and lighter, and occasional lost packets are acceptable.",intermediate,en,facts_yaml,facts
qna,computer_science,networking,devices,What is the difference between a network hub and a network switch?,"A hub simply repeats incoming data to all of its ports, so every device receives all traffic. A switch learns which devices are on which ports and forwards data only to the intended recipient, reducing congestion.",beginner,en,facts_yaml,facts
qna,computer_science,networking,addressing,What are private IP address ranges?,"Private IPv4 ranges are reserved for use inside local networks and are not routed on the public internet: 10.0.0.0/8, 172.16.0.0/12, and 192.168.0.0/16. Devices using them reach the internet through NAT.",intermediate,en,facts_yaml,facts
qna,computer_science,networking,addressing,What is the loopback address?,"The loopback address, 127.0.0.1 in IPv4 and ::1 in IPv6, always refers to the local computer itself. Traffic sent to it never leaves the machine, which is useful for testing.",beginner,en,facts_yaml,facts
qna,computer_science,networking,addressing,What is CIDR notation?,"CIDR notation writes an IP address followed by a slash and the number of bits in the network prefix, such as 192.168.1.0/24. It shows how many addresses are in the network; /24 means 24 network bits and 256 addresses.",advanced,en,facts_yaml,facts
qna,computer_science,networking,addressing,Why do networks use subnetting?,"Subnetting divides a large network into smaller subnetworks. It improves performance by limiting broadcast traffic, enhances security by separating groups of devices, and makes efficient use of IP addresses.",intermediate,en,facts_yaml,facts
qna,computer_science,networking,protocols,What happens when you type a web address into a browser?,"The browser uses DNS to find the server's IP address, opens a TCP connection (and a TLS session for HTTPS), and sends an HTTP request. The server returns HTML and other resources, which the browser downloads and renders as a web page.",intermediate,en,facts_yaml,facts
qna,computer_science,networking,protocols,What are common DNS record types?,"Common DNS records include A records, which map a name to an IPv4 address; AAAA records for IPv6; CNAME records, which alias one name to another; MX records for mail servers; and TXT records for text such as verification data.",advanced,en,facts_yaml,facts
qna,computer_science,networking,protocols,What is TTL in networking?,"TTL (time to live) limits how long data remains valid. In IP packets, it is a counter decreased by each router, and the packet is discarded at zero to prevent endless loops; in DNS, it sets how long a record may be cached.",advanced,en,facts_yaml,facts
qna,computer_science,networking,infrastructure,What is a content delivery network (CDN)?,"A CDN is a geographically distributed network of servers that stores copies of web content close to users. It reduces latency, speeds up page loads, and absorbs traffic spikes.",intermediate,en,facts_yaml,facts
qna,computer_science,networking,infrastructure,What does a load balancer do?,"A load balancer distributes incoming network traffic across multiple servers so that no single server becomes overwhelmed. It improves availability, reliability, and performance.",intermediate,en,facts_yaml,facts
qna,computer_science,networking,infrastructure,What is Quality of Service (QoS) in networking?,"Quality of Service is a set of techniques for prioritizing certain types of network traffic, such as voice and video calls, over less time-sensitive traffic. It helps keep latency and jitter low for critical applications.",advanced,en,facts_yaml,facts
qna,computer_science,networking,protocols,What protocol is used to send email?,"SMTP (Simple Mail Transfer Protocol) is used to send email from clients to servers and between mail servers. Other protocols, such as IMAP or POP3, are used to retrieve it.",intermediate,en,facts_yaml,facts
qna,computer_science,networking,protocols,What is the difference between IMAP and POP3?,IMAP keeps email stored on the server and synchronizes it across multiple devices. POP3 usually downloads messages to one device and may delete them from the server.,intermediate,en,facts_yaml,facts
qna,computer_science,networking,protocols,What is SSH?,SSH (Secure Shell) is a cryptographic protocol for securely logging into and running commands on remote computers over an insecure network. It typically uses port 22.,intermediate,en,facts_yaml,facts
qna,computer_science,networking,protocols,Which port numbers are used by HTTP and HTTPS by default?,"HTTP uses port 80 by default, and HTTPS uses port 443.",beginner,en,facts_yaml,facts
qna,computer_science,networking,tools,What does the traceroute command do?,"Traceroute shows the path that packets take to reach a destination, listing each router (hop) along the way and the time taken to reach it. It helps diagnose where network delays or failures occur.",intermediate,en,facts_yaml,facts
qna,computer_science,networking,topology,What is network topology?,"Network topology is the arrangement of devices and connections in a network. Common topologies include star, bus, ring, and mesh.",beginner,en,facts_yaml,facts
qna,computer_science,networking,topology,What is a mesh network?,"In a mesh network, devices connect to many other devices, so data can take multiple paths to its destination. If one link fails, traffic can be rerouted, making the network resilient.",intermediate,en,facts_yaml,facts
qna,computer_science,networking,models,What is the client-server model?,"In the client-server model, clients such as web browsers request services or resources from central servers, which process the requests and respond. Most internet services work this way.",beginner,en,facts_yaml,facts
qna,computer_science,networking,models,What is the difference between packet switching and circuit switching?,"In circuit switching, a dedicated path is reserved for the whole communication, as in traditional telephone calls. In packet switching, data is split into packets that travel independently and share network links, as on the internet.",intermediate,en,facts_yaml,facts
qna,computer_science,networking,routing,What is a routing table?,A routing table is a list stored in a router or computer that tells it where to forward packets based on their destination address. Each entry lists a destination network and the next hop or interface to use.,advanced,en,facts_yaml,facts
qna,computer_science,networking,wireless,What is the difference between the 2.4 GHz and 5 GHz Wi-Fi bands?,The 2.4 GHz band has a longer range and penetrates walls better but is slower and more crowded. The 5 GHz band offers higher speeds and less interference but a shorter range.,beginner,en,facts_yaml,facts
qna,computer_science,networking,switching,What is a VLAN?,"A VLAN (virtual LAN) logically divides a physical network switch into separate networks, so devices on different VLANs cannot communicate directly without a router. VLANs improve security and organize traffic.",advanced,en,facts_yaml,facts
qna,computer_science,networking,protocols,What is a network socket?,"A socket is an endpoint for sending and receiving data across a network, identified by an IP address and a port number. Programs use sockets to create network connections.",advanced,en,facts_yaml,facts
qna,computer_science,networking,protocols,What are WebSockets?,"WebSockets provide a full-duplex, persistent connection between a browser and a server over a single TCP connection. They let the server push data to the client in real time, which is useful for chat and live updates.",advanced,en,facts_yaml,facts
qna,computer_science,cybersecurity,fundamentals,What is the CIA triad in cybersecurity?,"The CIA triad stands for confidentiality, integrity, and availability, the three core goals of information security. Confidentiality keeps data private, integrity keeps it accurate and unaltered, and availability ensures it can be accessed when needed.",beginner,en,facts_yaml,facts
qna,computer_science,cybersecurity,threats,What is phishing?,"Phishing is a type of fraud in which attackers send messages that appear to come from trusted sources to trick people into revealing passwords, financial details, or installing malware.",beginner,en,facts_yaml,facts
qna,computer_science,cybersecurity,threats,What is malware?,"Malware, short for malicious software, is any program designed to harm, exploit, or gain unauthorized access to computers. Viruses, worms, trojans, ransomware, and spyware are types of malware.",beginner,en,facts_yaml,facts
qna,computer_science,cybersecurity,threats,What is ransomware?,"Ransomware is malware that encrypts a victim's files or locks their system and demands payment, usually in cryptocurrency, to restore access.",beginner,en,facts_yaml,facts
qna,computer_science,cybersecurity,threats,What is the difference between a computer virus and a worm?,A virus attaches itself to a legitimate program or file and spreads when that file is run or shared. A worm is standalone and spreads automatically across networks without needing a host file or user action.,intermediate,en,facts_yaml,facts
qna,computer_science,cybersecurity,threats,What is a Trojan horse in computing?,"A Trojan horse is malware disguised as legitimate software. Once a user installs it, it performs hidden harmful actions, such as giving attackers remote access.",beginner,en,facts_yaml,facts
qna,computer_science,cybersecurity,threats,What is spyware?,"Spyware is malware that secretly monitors a user's activity, such as browsing habits, keystrokes, or personal data, and sends the information to a third party.",beginner,en,facts_yaml,facts
qna,computer_science,cybersecurity,defenses,What is two-factor authentication?,"Two-factor authentication requires two different types of evidence to log in, such as a password plus a one-time code from a phone. Even if a password is stolen, an attacker cannot log in without the second factor.",beginner,en,facts_yaml,facts
qna,computer_science,cybersecurity,defenses,What makes a password strong?,"A strong password is long, unique for each account, and hard to guess, ideally a random mix of characters or a passphrase of several unrelated words. Length adds the most strength.",beginner,en,facts_yaml,facts
qna,computer_science,cybersecurity,defenses,Why are passwords stored as salted hashes?,"Websites store a one-way hash of each password instead of the password itself, so a data breach does not directly reveal passwords. Adding a unique random salt to each password before hashing prevents attackers from using precomputed tables and makes identical passwords produce different hashes.",advanced,en,facts_yaml,facts
qna,computer_science,cybersecurity,threats,What is a brute-force attack?,"A brute-force attack tries every possible password or key until the correct one is found. Long, complex passwords and limits on login attempts make such attacks impractical.",intermediate,en,facts_yaml,facts
qna,computer_science,cybersecurity,threats,What is a dictionary attack?,"A dictionary attack tries to guess a password by testing words from a list of common passwords and dictionary words, often with simple variations. It succeeds against weak, predictable passwords.",intermediate,en,facts_yaml,facts
qna,computer_science,cybersecurity,threats,What is SQL injection?,"SQL injection is an attack in which malicious SQL code is inserted into an input field, causing a database to run unintended commands. It is prevented by using parameterized queries instead of building queries from raw user input.",intermediate,en,facts_yaml,facts
qna,computer_science,cybersecurity,threats,What is cross-site scripting (XSS)?,"Cross-site scripting is an attack in which malicious scripts are injected into web pages viewed by other users. The script runs in victims' browsers and can steal cookies or session data, and it is prevented by escaping or sanitizing user input.",advanced,en,facts_yaml,facts
qna,computer_science,cybersecurity,threats,What is cross-site request forgery (CSRF)?,"Cross-site request forgery tricks a logged-in user's browser into sending an unwanted request to a website, such as changing their email or transferring money. Websites prevent it with anti-CSRF tokens and same-site cookie settings.",advanced,en,facts_yaml,facts
qna,computer_science,cybersecurity,threats,What is a DDoS attack?,"A distributed denial-of-service attack overwhelms a server or network with traffic from many compromised machines, making it unavailable to legitimate users.",intermediate,en,facts_yaml,facts
qna,computer_science,cybersecurity,threats,What is a man-in-the-middle attack?,"In a man-in-the-middle attack, an attacker secretly intercepts and possibly alters communication between two parties who believe they are talking directly to each other. Encryption and certificate verification protect against it.",intermediate,en,facts_yaml,facts
qna,computer_science,cybersecurity,threats,What is social engineering in cybersecurity?,"Social engineering is manipulating people into revealing confidential information or performing actions that compromise security, for example by impersonating IT staff. It exploits human trust rather than technical flaws.",beginner,en,facts_yaml,facts
qna,computer_science,cybersecurity,threats,What is a zero-day vulnerability?,"A zero-day vulnerability is a software flaw unknown to the vendor, so no patch exists yet. Attackers who discover it first can exploit it before defenders have any time to respond.",intermediate,en,facts_yaml,facts
qna,computer_science,cybersecurity,defenses,Why is it important to install software updates?,Software updates often include security patches that fix known vulnerabilities. Delaying updates leaves systems open to attacks that exploit those publicly known flaws.,beginner,en,facts_yaml,facts
qna,computer_science,cybersecurity,defenses,What is the principle of least privilege?,The principle of least privilege states that users and programs should be given only the minimum access rights needed to do their job. This limits the damage if an account is compromised.,intermediate,en,facts_yaml,facts
qna,computer_science,cybersecurity,cryptography,What is the difference between symmetric and asymmetric encryption?,"Symmetric encryption uses the same secret key to encrypt and decrypt data, making it fast but requiring the key to be shared securely. Asymmetric encryption uses a pair of keys, a public key to encrypt and a private key to decrypt, which solves the key-sharing problem.",intermediate,en,facts_yaml,facts
qna,computer_science,cybersecurity,cryptography,How does public-key cryptography work?,"Each user has a public key, which anyone can use to encrypt messages to them, and a private key, which only they have and which decrypts those messages. The keys are mathematically linked, but the private key cannot practically be derived from the public key.",intermediate,en,facts_yaml,facts
qna,computer_science,cybersecurity,cryptography,What is a digital signature?,"A digital signature is created by encrypting a hash of a message with the sender's private key. Anyone can verify it with the sender's public key, proving the message came from the sender and was not altered.",advanced,en,facts_yaml,facts
qna,computer_science,cybersecurity,cryptography,What is a certificate authority?,A certificate authority is a trusted organization that issues digital certificates confirming that a public key belongs to a particular website or entity. Browsers trust sites whose certificates are signed by recognized authorities.,advanced,en,facts_yaml,facts
qna,computer_science,cybersecurity,cryptography,What is end-to-end encryption?,"End-to-end encryption means that only the communicating users can read the messages. Data is encrypted on the sender's device and decrypted only on the recipient's device, so even the service provider cannot read it.",intermediate,en,facts_yaml,facts
qna,computer_science,cybersecurity,cryptography,What is the difference between hashing and encryption?,"Encryption is reversible: data can be decrypted with the right key. Hashing is a one-way function that produces a fixed-length digest, which cannot be turned back into the original data, and it is used to verify integrity and store passwords.",intermediate,en,facts_yaml,facts
qna,computer_science,cybersecurity,threats,What is a botnet?,"A botnet is a network of computers infected with malware and controlled remotely by an attacker. It can be used to send spam, launch DDoS attacks, or steal data.",intermediate,en,facts_yaml,facts
qna,computer_science,cybersecurity,defenses,What is penetration testing?,"Penetration testing is an authorized, simulated attack on a system to find security weaknesses before real attackers do. Testers then report the vulnerabilities so they can be fixed.",intermediate,en,facts_yaml,facts
qna,computer_science,cybersecurity,fundamentals,What is the difference between a vulnerability and an exploit?,A vulnerability is a weakness in software or a system that could be abused. An exploit is the specific code or technique that takes advantage of that weakness to cause harm.,intermediate,en,facts_yaml,facts
qna,computer_science,cybersecurity,defenses,What does antivirus software do?,"Antivirus software scans files and programs to detect, block, and remove malware. It uses signatures of known threats and behavior analysis to identify suspicious activity.",beginner,en,facts_yaml,facts
qna,computer_science,cybersecurity,defenses,What is an intrusion detection system?,An intrusion detection system monitors network traffic or system activity for signs of malicious behavior or policy violations and alerts administrators when it detects them.,intermediate,en,facts_yaml,facts
qna,computer_science,cybersecurity,defenses,What is sandboxing in security?,"Sandboxing runs a program in an isolated environment with restricted access to the rest of the system. If the program is malicious, the damage is contained within the sandbox.",intermediate,en,facts_yaml,facts
qna,computer_science,cybersecurity,defenses,What is the 3-2-1 backup rule?,"The 3-2-1 rule recommends keeping three copies of your data, on two different types of storage media, with one copy stored off-site. It protects against hardware failure, disasters, and ransomware.",beginner,en,facts_yaml,facts
qna,computer_science,cybersecurity,defenses,What is defense in depth?,"Defense in depth is a security strategy that uses multiple layers of protection, such as firewalls, access controls, encryption, and monitoring. If one layer fails, others still protect the system.",intermediate,en,facts_yaml,facts
qna,computer_science,cybersecurity,fundamentals,What is the difference between authentication and authorization?,"Authentication verifies who a user is, for example by checking a password. Authorization determines what an authenticated user is allowed to do, such as which files they can access.",beginner,en,facts_yaml,facts
qna,computer_science,cybersecurity,defenses,What is OAuth?,"OAuth is an open standard that lets users grant an application limited access to their accounts on another service without sharing their password. For example, it lets you sign in to a website using your Google account.",advanced,en,facts_yaml,facts
qna,computer_science,cybersecurity,defenses,What is a password manager?,"A password manager is software that securely stores and generates strong, unique passwords for each account. The user only needs to remember one master password.",beginner,en,facts_yaml,facts
qna,computer_science,cybersecurity,threats,What is spoofing in cybersecurity?,"Spoofing is disguising a communication so it appears to come from a trusted source, such as faking an email sender address, caller ID, or IP address.",intermediate,en,facts_yaml,facts
qna,computer_science,cybersecurity,threats,What is a buffer overflow?,"A buffer overflow occurs when a program writes more data into a memory buffer than it can hold, overwriting adjacent memory. Attackers can exploit it to crash the program or run malicious code.",advanced,en,facts_yaml,facts
qna,computer_science,cybersecurity,cryptography,What is the difference between encryption at rest and encryption in transit?,"Encryption at rest protects stored data, such as files on a disk or in a database. Encryption in transit protects data while it moves across networks, for example using TLS.",advanced,en,facts_yaml,facts
qna,computer_science,databases,design,What is database normalization?,"Normalization is organizing a relational database into tables to reduce redundancy and improve data integrity. It divides data so that each fact is stored in only one place, following rules called normal forms.",intermediate,en,facts_yaml,facts
qna,computer_science,databases,transactions,What does ACID stand for in databases?,"ACID stands for atomicity, consistency, isolation, and durability, the properties that guarantee reliable database transactions. A transaction either completes fully or not at all, keeps data valid, does not interfere with other transactions, and survives crashes once committed.",advanced,en,facts_yaml,facts
qna,computer_science,databases,transactions,What is a database transaction?,"A transaction is a group of database operations treated as a single unit of work. Either all of the operations succeed and are committed, or none take effect, as when transferring money between two accounts.",intermediate,en,facts_yaml,facts
qna,computer_science,databases,sql,What is the difference between an INNER JOIN and a LEFT JOIN in SQL?,"An INNER JOIN returns only the rows that have matching values in both tables. A LEFT JOIN returns all rows from the left table and the matching rows from the right table, with NULLs where there is no match.",intermediate,en,facts_yaml,facts
qna,computer_science,databases,models,What is the difference between SQL and NoSQL databases?,"SQL databases store data in structured tables with fixed schemas and use SQL for queries. NoSQL databases use flexible models, such as documents, key-value pairs, or graphs, and often scale more easily across many servers.",intermediate,en,facts_yaml,facts
qna,computer_science,databases,models,What is a key-value store?,"A key-value store is a simple NoSQL database that stores data as pairs of unique keys and their values. It offers very fast lookups by key, and Redis is a well-known example.",intermediate,en,facts_yaml,facts
qna,computer_science,databases,models,What is a document database?,"A document database stores data as semi-structured documents, typically in JSON-like formats, where each document can have its own fields. MongoDB is a popular example.",intermediate,en,facts_yaml,facts
qna,computer_science,databases,performance,Why can adding too many indexes slow down a database?,"Every index must be updated whenever rows are inserted, updated, or deleted. Many indexes therefore speed up reads but slow down writes and take up extra storage.",advanced,en,facts_yaml,facts
qna,computer_science,databases,sql,What does the WHERE clause do in SQL?,"The WHERE clause filters rows in a query, returning or affecting only those that meet a specified condition, such as WHERE age > 18.",beginner,en,facts_yaml,facts
qna,computer_science,databases,sql,What does GROUP BY do in SQL?,"GROUP BY groups rows that share the same values in specified columns so that aggregate functions, such as COUNT, SUM, or AVG, can be calculated for each group.",intermediate,en,facts_yaml,facts
qna,computer_science,databases,sql,What are aggregate functions in SQL?,"Aggregate functions perform a calculation on a set of rows and return a single value. Common ones are COUNT, SUM, AVG, MIN, and MAX.",beginner,en,facts_yaml,facts
qna,computer_science,databases,sql,What does NULL mean in SQL?,"NULL represents a missing or unknown value. It is not the same as zero or an empty string, and comparisons must use IS NULL rather than = NULL.",intermediate,en,facts_yaml,facts
qna,computer_science,databases,design,What is an entity-relationship diagram?,"An entity-relationship diagram is a visual model of a database showing entities (such as customers and orders), their attributes, and the relationships between them. It is used when designing databases.",intermediate,en,facts_yaml,facts
qna,computer_science,databases,design,What is referential integrity?,"Referential integrity ensures that relationships between tables remain valid: every foreign key value must match an existing primary key in the referenced table. It prevents orphan records, such as an order linked to a nonexistent customer.",intermediate,en,facts_yaml,facts
qna,computer_science,databases,design,What is denormalization?,"Denormalization deliberately adds redundant data to a database, such as duplicating columns across tables, to speed up read queries at the cost of extra storage and more complex updates.",advanced,en,facts_yaml,facts
qna,computer_science,databases,scaling,What is database sharding?,"Sharding splits a large database horizontally into smaller pieces, called shards, stored on different servers. Each shard holds a subset of the rows, allowing the database to scale beyond one machine.",advanced,en,facts_yaml,facts
qna,computer_science,databases,scaling,What is database replication?,Replication copies data from one database server to others so that multiple copies stay in sync. It improves availability and can spread read traffic across servers.,intermediate,en,facts_yaml,facts
qna,computer_science,databases,scaling,What does the CAP theorem state?,"The CAP theorem states that a distributed data system cannot simultaneously guarantee consistency, availability, and partition tolerance. When a network partition occurs, it must choose between remaining consistent and remaining available.",advanced,en,facts_yaml,facts
qna,computer_science,databases,tools,What is an ORM?,An ORM (object-relational mapper) is a library that lets programmers interact with a relational database using objects in their programming language instead of writing SQL directly.,intermediate,en,facts_yaml,facts
qna,computer_science,databases,sql,What is a view in a database?,"A view is a virtual table defined by a stored SQL query. It does not store data itself but presents data from one or more tables, simplifying complex queries and restricting access to certain columns.",intermediate,en,facts_yaml,facts
qna,computer_science,artificial_intelligence,fundamentals,What is artificial intelligence?,"Artificial intelligence is the field of computer science focused on creating systems that perform tasks normally requiring human intelligence, such as understanding language, recognizing images, making decisions, and learning from experience.",beginner,en,facts_yaml,facts
qna,computer_science,artificial_intelligence,machine_learning,How does machine learning differ from traditional programming?,"In traditional programming, humans write explicit rules for the computer to follow. In machine learning, the computer learns patterns and rules from examples of data, producing a model that can make predictions on new data.",beginner,en,facts_yaml,facts
qna,computer_science,artificial_intelligence,machine_learning,What is the difference between supervised and unsupervised learning?,"In supervised learning, a model is trained on labeled examples, where the correct answers are known. In unsupervised learning, the model finds patterns or groupings in unlabeled data on its own.",intermediate,en,facts_yaml,facts
qna,computer_science,artificial_intelligence,machine_learning,What is reinforcement learning?,"Reinforcement learning is a type of machine learning in which an agent learns to make decisions by taking actions in an environment and receiving rewards or penalties. Over time, it learns a strategy that maximizes total reward.",intermediate,en,facts_yaml,facts
qna,computer_science,artificial_intelligence,machine_learning,Why is data split into training and test sets?,A model is trained on the training set and evaluated on a separate test set it has never seen. This measures how well it generalizes to new data rather than simply memorizing the training examples.,beginner,en,facts_yaml,facts
qna,computer_science,artificial_intelligence,machine_learning,What is overfitting in machine learning?,"Overfitting occurs when a model learns the training data too closely, including its noise, so it performs well on training data but poorly on new data. It can be reduced with more data, simpler models, or regularization.",intermediate,en,facts_yaml,facts
qna,computer_science,artificial_intelligence,machine_learning,What is underfitting?,"Underfitting occurs when a model is too simple to capture the underlying patterns in the data, so it performs poorly on both training and new data.",intermediate,en,facts_yaml,facts
qna,computer_science,artificial_intelligence,neural_networks,What is an artificial neural network?,"An artificial neural network is a machine learning model made of layers of interconnected nodes, or neurons, loosely inspired by the brain. Each connection has a weight, and the network learns by adjusting these weights to reduce errors.",intermediate,en,facts_yaml,facts
qna,computer_science,artificial_intelligence,neural_networks,What is backpropagation?,"Backpropagation is the algorithm used to train neural networks. It calculates how much each weight contributed to the output error by propagating the error backward through the network using the chain rule, so the weights can be adjusted.",advanced,en,facts_yaml,facts
qna,computer_science,artificial_intelligence,neural_networks,What is gradient descent?,"Gradient descent is an optimization method that repeatedly adjusts a model's parameters in the direction that most reduces the loss function, like walking downhill toward the lowest point of a valley.",intermediate,en,facts_yaml,facts
qna,computer_science,artificial_intelligence,neural_networks,What is the learning rate in machine learning?,"The learning rate controls how large a step the model takes when updating its parameters during training. Too high a rate can make training unstable, while too low a rate makes it very slow.",intermediate,en,facts_yaml,facts
qna,computer_science,artificial_intelligence,neural_networks,What is a loss function?,A loss function measures how far a model's predictions are from the correct answers. Training aims to minimize it; common examples are mean squared error for regression and cross-entropy for classification.,intermediate,en,facts_yaml,facts
qna,computer_science,artificial_intelligence,neural_networks,What is an activation function in a neural network?,"An activation function is applied to each neuron's output to introduce non-linearity, allowing the network to learn complex patterns. ReLU, sigmoid, and tanh are common activation functions.",advanced,en,facts_yaml,facts
qna,computer_science,artificial_intelligence,neural_networks,What is deep learning?,"Deep learning is a branch of machine learning that uses neural networks with many layers. The multiple layers learn increasingly abstract features from raw data, powering advances in image recognition, speech, and language.",intermediate,en,facts_yaml,facts
qna,computer_science,artificial_intelligence,neural_networks,What is a convolutional neural network?,A convolutional neural network (CNN) is a neural network designed for grid-like data such as images. It uses convolutional filters that slide over the input to detect local features such as edges and shapes.,advanced,en,facts_yaml,facts
qna,computer_science,artificial_intelligence,neural_networks,What is a recurrent neural network?,"A recurrent neural network processes sequences, such as text or time series, by passing a hidden state from one step to the next, giving it a form of memory. It has largely been replaced by transformers for language tasks.",advanced,en,facts_yaml,facts
qna,computer_science,artificial_intelligence,neural_networks,What is the transformer architecture?,The transformer is a neural network architecture introduced in 2017 that processes sequences using attention mechanisms instead of recurrence. It trains efficiently in parallel and is the foundation of modern large language models.,advanced,en,facts_yaml,facts
qna,computer_science,artificial_intelligence,neural_networks,What is the attention mechanism in neural networks?,"Attention lets a model weigh the importance of different parts of the input when producing each part of the output. In language models, it lets each word draw information from the other words most relevant to it.",advanced,en,facts_yaml,facts
qna,computer_science,artificial_intelligence,language_models,What is a large language model?,"A large language model is a neural network, usually a transformer, trained on vast amounts of text to predict the next token in a sequence. This training lets it generate text, answer questions, summarize, and translate.",intermediate,en,facts_yaml,facts
qna,computer_science,artificial_intelligence,language_models,What is tokenization in natural language processing?,"Tokenization is breaking text into smaller units, called tokens, which may be words, parts of words, or characters. Language models process text as sequences of tokens.",intermediate,en,facts_yaml,facts
qna,computer_science,artificial_intelligence,language_models,What are embeddings in machine learning?,"Embeddings are numerical vectors that represent items such as words, sentences, or images in a way that captures their meaning. Similar items have embeddings that are close together in the vector space.",advanced,en,facts_yaml,facts
qna,computer_science,artificial_intelligence,language_models,What is generative AI?,"Generative AI refers to models that create new content, such as text, images, audio, or code, based on patterns learned from training data. Large language models and image diffusion models are examples.",intermediate,en,facts_yaml,facts
qna,computer_science,artificial_intelligence,language_models,What is an AI hallucination?,"An AI hallucination is when a model generates information that sounds plausible but is false or unsupported, such as invented facts or citations. It happens because the model predicts likely text rather than checking facts.",intermediate,en,facts_yaml,facts
qna,computer_science,artificial_intelligence,fundamentals,What is the Turing test?,"The Turing test, proposed by Alan Turing in 1950, assesses whether a machine can exhibit behavior indistinguishable from a human's. A human judge converses with both a machine and a person, and the machine passes if the judge cannot reliably tell which is which.",beginner,en,facts_yaml,facts
qna,computer_science,artificial_intelligence,machine_learning,What is the difference between classification and regression?,"Classification predicts a category, such as whether an email is spam. Regression predicts a continuous numerical value, such as a house price.",intermediate,en,facts_yaml,facts
qna,computer_science,artificial_intelligence,machine_learning,What is k-means clustering?,K-means clustering is an unsupervised algorithm that groups data points into k clusters. It repeatedly assigns each point to the nearest cluster center and then moves each center to the average of its assigned points.,intermediate,en,facts_yaml,facts
qna,computer_science,artificial_intelligence,machine_learning,What is a decision tree in machine learning?,"A decision tree is a model that makes predictions by following a series of yes-or-no questions about the features, branching until it reaches a leaf that gives the prediction. It is easy to interpret.",intermediate,en,facts_yaml,facts
qna,computer_science,artificial_intelligence,machine_learning,What is a random forest?,"A random forest is an ensemble model that trains many decision trees on random subsets of the data and features, then combines their predictions by voting or averaging. It is usually more accurate and less prone to overfitting than a single tree.",advanced,en,facts_yaml,facts
qna,computer_science,artificial_intelligence,machine_learning,What are features and labels in machine learning?,"Features are the input variables a model uses to make predictions, such as a house's size and location. Labels are the target outputs it learns to predict, such as the house's price.",beginner,en,facts_yaml,facts
qna,computer_science,artificial_intelligence,fundamentals,How can bias arise in AI systems?,"AI systems learn from data, so if the training data reflects historical prejudices or underrepresents some groups, the model can produce unfair or inaccurate results for those groups. Design choices and evaluation methods can also introduce bias.",intermediate,en,facts_yaml,facts
qna,computer_science,artificial_intelligence,machine_learning,What is cross-validation?,"Cross-validation evaluates a model by splitting the data into several parts, training on all but one part, and testing on the remaining part, repeating so each part is used for testing once. It gives a more reliable estimate of performance.",advanced,en,facts_yaml,facts
qna,computer_science,artificial_intelligence,neural_networks,What is an epoch in machine learning?,An epoch is one complete pass through the entire training dataset during training. Models are usually trained for many epochs.,intermediate,en,facts_yaml,facts
qna,computer_science,artificial_intelligence,neural_networks,What is transfer learning?,Transfer learning reuses a model trained on one task as the starting point for a related task. It allows good performance with far less data and training time.,advanced,en,facts_yaml,facts
qna,computer_science,artificial_intelligence,language_models,What is fine-tuning a model?,"Fine-tuning is further training of a pre-trained model on a smaller, task-specific dataset so it adapts to a particular task or style while keeping its general knowledge.",intermediate,en,facts_yaml,facts
qna,computer_science,artificial_intelligence,fundamentals,What is computer vision?,"Computer vision is the field of AI that enables computers to interpret and understand images and video, for tasks such as recognizing faces, detecting objects, and reading text.",beginner,en,facts_yaml,facts
qna,computer_science,artificial_intelligence,fundamentals,What is natural language processing?,"Natural language processing is the field of AI that enables computers to understand, interpret, and generate human language, as in translation, speech recognition, and chatbots.",beginner,en,facts_yaml,facts
qna,computer_science,artificial_intelligence,machine_learning,What is the difference between precision and recall?,Precision is the fraction of a model's positive predictions that are actually correct. Recall is the fraction of all actual positive cases that the model successfully finds.,advanced,en,facts_yaml,facts
qna,computer_science,artificial_intelligence,machine_learning,What is a confusion matrix?,"A confusion matrix is a table that summarizes a classification model's performance by showing counts of true positives, false positives, true negatives, and false negatives.",advanced,en,facts_yaml,facts
qna,mathematics,mathematics,numbers,What is the difference between natural numbers and whole numbers?,"Natural numbers are the counting numbers 1, 2, 3, and so on. Whole numbers include all the natural numbers plus zero, although some mathematicians also include zero among the natural numbers.",beginner,en,facts_yaml,facts
qna,mathematics,mathematics,numbers,What is a composite number?,"A composite number is a positive integer greater than 1 that has at least one divisor other than 1 and itself. For example, 12 is composite because it is divisible by 2, 3, 4, and 6.",beginner,en,facts_yaml,facts
qna,mathematics,mathematics,numbers,What is a perfect number?,"A perfect number is a positive integer equal to the sum of its proper divisors. The first perfect number is 6, since 1 + 2 + 3 = 6, and the next is 28.",intermediate,en,facts_yaml,facts
qna,mathematics,mathematics,numbers,Why is 1 not considered a prime number?,"A prime number must have exactly two distinct positive divisors: 1 and itself. The number 1 has only one divisor, and excluding it keeps the prime factorization of every number unique.",intermediate,en,facts_yaml,facts
qna,mathematics,mathematics,numbers,How can you tell if a number is divisible by 3 or by 9?,"A number is divisible by 3 if the sum of its digits is divisible by 3, and divisible by 9 if the sum of its digits is divisible by 9. For example, 729 is divisible by both because 7 + 2 + 9 = 18.",beginner,en,facts_yaml,facts
qna,mathematics,mathematics,fractions,How do you simplify a fraction?,"To simplify a fraction, divide both the numerator and the denominator by their greatest common factor. For example, 12/18 simplifies to 2/3 by dividing both by 6.",beginner,en,facts_yaml,facts
qna,mathematics,mathematics,fractions,What is the difference between an improper fraction and a mixed number?,"An improper fraction has a numerator greater than or equal to its denominator, such as 7/4. A mixed number combines a whole number and a proper fraction, such as 1 3/4, which equals 7/4.",beginner,en,facts_yaml,facts
qna,mathematics,mathematics,fractions,What is the reciprocal of a number?,"The reciprocal of a number is 1 divided by that number, so that the number multiplied by its reciprocal equals 1. The reciprocal of 5 is 1/5, and the reciprocal of 2/3 is 3/2.",beginner,en,facts_yaml,facts
qna,mathematics,mathematics,fractions,Why do you multiply by the reciprocal when dividing fractions?,"Dividing by a number is the same as multiplying by its reciprocal, because division asks how many times the divisor fits into the dividend. For example, (1/2) ÷ (1/4) = (1/2) × 4 = 2, since one quarter fits into one half twice.",intermediate,en,facts_yaml,facts
qna,mathematics,mathematics,percentages,How do you convert a fraction to a percentage?,"To convert a fraction to a percentage, divide the numerator by the denominator and multiply by 100. For example, 3/4 = 0.75, which is 75%.",beginner,en,facts_yaml,facts
qna,mathematics,mathematics,percentages,How do you calculate a percentage increase?,"Subtract the original value from the new value, divide the difference by the original value, and multiply by 100. For example, a rise from 50 to 60 is a (10 ÷ 50) × 100 = 20% increase.",beginner,en,facts_yaml,facts
qna,mathematics,mathematics,percentages,What is 15% of 200?,"15% of 200 is 30, because 0.15 × 200 = 30.",beginner,en,facts_yaml,facts
qna,mathematics,mathematics,ratios,What is a ratio?,"A ratio compares two quantities by showing how many times one contains the other, written as 3:2 or 3/2. For example, if a class has 12 girls and 8 boys, the ratio of girls to boys is 3:2.",beginner,en,facts_yaml,facts
qna,mathematics,mathematics,arithmetic,What is the order of operations in arithmetic?,"The order of operations is parentheses (brackets) first, then exponents (orders), then multiplication and division from left to right, and finally addition and subtraction from left to right. It is often remembered as PEMDAS or BODMAS.",beginner,en,facts_yaml,facts
qna,mathematics,mathematics,arithmetic,Why is a negative number multiplied by a negative number positive?,"Multiplying by a negative number reverses direction on the number line. Reversing a negative quantity gives a positive one, and this rule also keeps arithmetic consistent with the distributive property.",intermediate,en,facts_yaml,facts
qna,mathematics,mathematics,powers,What is the product rule for exponents?,"When multiplying powers with the same base, add the exponents: aᵐ × aⁿ = aᵐ⁺ⁿ. For example, 2³ × 2⁴ = 2⁷ = 128.",beginner,en,facts_yaml,facts
qna,mathematics,mathematics,powers,Why is any nonzero number raised to the power of zero equal to 1?,"Using the rule aᵐ ÷ aⁿ = aᵐ⁻ⁿ, dividing a number by itself gives aⁿ ÷ aⁿ = a⁰. Since any nonzero number divided by itself is 1, a⁰ must equal 1.",intermediate,en,facts_yaml,facts
qna,mathematics,mathematics,powers,What does a negative exponent mean?,"A negative exponent means taking the reciprocal of the base raised to the positive exponent: a⁻ⁿ = 1/aⁿ. For example, 2⁻³ = 1/8.",intermediate,en,facts_yaml,facts
qna,mathematics,mathematics,powers,What is 2 raised to the power of 10?,"2 raised to the power of 10 is 1,024. This is why a kibibyte, often loosely called a kilobyte, is 1,024 bytes.",beginner,en,facts_yaml,facts
qna,mathematics,mathematics,roots,What is the square root of 144?,"The square root of 144 is 12, because 12 × 12 = 144. The number −12 is also a square root, but the principal square root is 12.",beginner,en,facts_yaml,facts
qna,mathematics,mathematics,numbers,What is an imaginary number?,"An imaginary number is a multiple of i, where i is defined as the square root of −1. Imaginary numbers allow square roots of negative numbers to be taken.",intermediate,en,facts_yaml,facts
qna,mathematics,mathematics,numbers,What is a complex number?,"A complex number has a real part and an imaginary part, written a + bi, where i² = −1. Complex numbers are used in electrical engineering, physics, and signal processing.",intermediate,en,facts_yaml,facts
qna,mathematics,mathematics,numbers,What is scientific notation?,"Scientific notation writes a number as a value between 1 and 10 multiplied by a power of 10. For example, 3,500,000 is 3.5 × 10⁶, and 0.0042 is 4.2 × 10⁻³.",beginner,en,facts_yaml,facts
qna,mathematics,mathematics,numbers,What are the rules for rounding a number?,"To round, look at the digit immediately to the right of the place you are rounding to. If it is 5 or more, round up; if it is less than 5, keep the digit the same. For example, 3.47 rounds to 3.5 to one decimal place.",beginner,en,facts_yaml,facts
qna,mathematics,mathematics,numbers,What are significant figures?,"Significant figures are the digits in a number that carry meaningful information about its precision. For example, 0.00520 has three significant figures: 5, 2, and the final 0.",intermediate,en,facts_yaml,facts
qna,mathematics,mathematics,numbers,What is place value?,"Place value is the value of a digit based on its position in a number. In 572, the 5 represents five hundreds, the 7 seven tens, and the 2 two ones.",beginner,en,facts_yaml,facts
qna,mathematics,mathematics,number_theory,What is modular arithmetic?,"Modular arithmetic is arithmetic in which numbers wrap around after reaching a fixed value called the modulus. Clock time is an example: in modulo 12, 9 + 5 = 2.",intermediate,en,facts_yaml,facts
qna,mathematics,mathematics,sequences,What is the Fibonacci sequence?,"The Fibonacci sequence is a series of numbers in which each number is the sum of the two before it: 0, 1, 1, 2, 3, 5, 8, 13, 21, and so on.",beginner,en,facts_yaml,facts
qna,mathematics,mathematics,numbers,What is pi?,"Pi (π) is the ratio of a circle's circumference to its diameter, approximately 3.14159. It is an irrational number, so its decimal expansion never ends or repeats.",beginner,en,facts_yaml,facts
qna,mathematics,mathematics,numbers,What is the number e?,"The number e, approximately 2.71828, is an irrational constant that is the base of natural logarithms. It arises in continuous growth, compound interest, and calculus, since eˣ is its own derivative.",advanced,en,facts_yaml,facts
qna,mathematics,mathematics,numbers,What is the golden ratio?,"The golden ratio, about 1.618 and written φ (phi), is the number such that a line divided into two parts has the whole-to-longer ratio equal to the longer-to-shorter ratio. The ratio of consecutive Fibonacci numbers approaches it.",intermediate,en,facts_yaml,facts
qna,mathematics,mathematics,number_theory,How did Euclid prove there are infinitely many prime numbers?,"Euclid assumed there were finitely many primes and multiplied them all together, then added 1. The new number is not divisible by any prime on the list, so either it is prime itself or it has a prime factor not on the list, contradicting the assumption.",advanced,en,facts_yaml,facts
qna,mathematics,mathematics,sets,What is the difference between countable and uncountable infinity?,"A countably infinite set, such as the natural numbers, can be listed one by one in a sequence. An uncountable set, such as the real numbers, is so large that no such list can include all of its members, as Georg Cantor proved.",advanced,en,facts_yaml,facts
qna,mathematics,mathematics,algebra,What is the difference between an expression and an equation?,"An expression is a combination of numbers, variables, and operations, such as 3x + 2, with no equals sign. An equation states that two expressions are equal, such as 3x + 2 = 11, and can be solved.",beginner,en,facts_yaml,facts
qna,mathematics,mathematics,algebra,What is a linear equation?,"A linear equation is an equation in which the variable appears only to the first power, such as 2x + 3 = 7. When graphed with two variables, it forms a straight line.",beginner,en,facts_yaml,facts
qna,mathematics,mathematics,algebra,How do you solve the equation 2x + 5 = 13?,"Subtract 5 from both sides to get 2x = 8, then divide both sides by 2 to get x = 4.",beginner,en,facts_yaml,facts
qna,mathematics,mathematics,algebra,What is a quadratic equation?,"A quadratic equation is a polynomial equation of degree 2, in the form ax² + bx + c = 0 with a ≠ 0. Its graph is a parabola, and it can have up to two real solutions.",intermediate,en,facts_yaml,facts
qna,mathematics,mathematics,algebra,What is the quadratic formula?,The quadratic formula gives the solutions of ax² + bx + c = 0 as x = (−b ± √(b² − 4ac)) / 2a. It works for every quadratic equation.,intermediate,en,facts_yaml,facts
qna,mathematics,mathematics,algebra,What does the discriminant of a quadratic equation tell you?,"The discriminant, b² − 4ac, shows how many real solutions a quadratic has. If it is positive there are two real solutions, if zero there is one repeated solution, and if negative there are no real solutions.",intermediate,en,facts_yaml,facts
qna,mathematics,mathematics,algebra,What does it mean to factor a polynomial?,"Factoring a polynomial means writing it as a product of simpler polynomials. For example, x² − 5x + 6 factors into (x − 2)(x − 3), which shows its roots are 2 and 3.",intermediate,en,facts_yaml,facts
qna,mathematics,mathematics,algebra,What is the difference of two squares?,"The difference of two squares is the identity a² − b² = (a + b)(a − b). For example, x² − 9 = (x + 3)(x − 3).",intermediate,en,facts_yaml,facts
qna,mathematics,mathematics,algebra,What are simultaneous equations?,"Simultaneous equations are two or more equations with the same variables that must be satisfied at the same time. They can be solved by substitution, elimination, or graphing to find where the lines intersect.",intermediate,en,facts_yaml,facts
qna,mathematics,mathematics,algebra,Why must the inequality sign be reversed when multiplying or dividing by a negative number?,"Multiplying by a negative number reverses the order of numbers on the number line. For example, 2 < 3, but −2 > −3, so the direction of the inequality must flip to stay true.",intermediate,en,facts_yaml,facts
qna,mathematics,mathematics,algebra,What is the difference between linear growth and exponential growth?,"Linear growth increases by the same amount in each time period, such as adding 5 each year. Exponential growth increases by the same factor in each period, such as doubling each year, so it eventually grows far faster.",intermediate,en,facts_yaml,facts
qna,mathematics,mathematics,algebra,What is the degree of a polynomial?,"The degree of a polynomial is the highest power of the variable with a nonzero coefficient. For example, 4x³ + 2x − 7 has degree 3.",beginner,en,facts_yaml,facts
qna,mathematics,mathematics,coordinate_geometry,What does y = mx + b represent?,"The equation y = mx + b is the slope-intercept form of a straight line. The value m is the slope, which shows how steep the line is, and b is the y-intercept, where the line crosses the y-axis.",beginner,en,facts_yaml,facts
qna,mathematics,mathematics,coordinate_geometry,How are the slopes of parallel and perpendicular lines related?,"Parallel lines have equal slopes. Perpendicular lines have slopes whose product is −1, so each slope is the negative reciprocal of the other, such as 2 and −1/2.",intermediate,en,facts_yaml,facts
qna,mathematics,mathematics,algebra,What is an inverse function?,"An inverse function reverses the effect of the original function: if f(a) = b, then f⁻¹(b) = a. For example, the inverse of f(x) = 2x + 3 is f⁻¹(x) = (x − 3)/2.",intermediate,en,facts_yaml,facts
qna,mathematics,mathematics,algebra,What is a composite function?,"A composite function applies one function to the result of another, written (f ∘ g)(x) = f(g(x)). For example, if g(x) = x + 1 and f(x) = x², then f(g(x)) = (x + 1)².",intermediate,en,facts_yaml,facts
qna,mathematics,mathematics,algebra,What is an asymptote?,"An asymptote is a line that a graph approaches more and more closely but never reaches as the input grows large or approaches a certain value. For example, y = 1/x has asymptotes along both axes.",advanced,en,facts_yaml,facts
qna,mathematics,mathematics,geometry,What is the sum of the interior angles of a triangle?,The interior angles of any triangle add up to 180 degrees.,beginner,en,facts_yaml,facts
qna,mathematics,mathematics,geometry,How do you find the sum of the interior angles of a polygon?,"The sum of the interior angles of a polygon with n sides is (n − 2) × 180 degrees. For example, a hexagon has (6 − 2) × 180 = 720 degrees.",intermediate,en,facts_yaml,facts
qna,mathematics,mathematics,geometry,What are the main types of triangles by side length?,"An equilateral triangle has three equal sides, an isosceles triangle has at least two equal sides, and a scalene triangle has no equal sides.",beginner,en,facts_yaml,facts
qna,mathematics,mathematics,geometry,What is the difference between congruent and similar shapes?,"Congruent shapes have exactly the same shape and size. Similar shapes have the same shape but may differ in size, so their corresponding angles are equal and their sides are in proportion.",intermediate,en,facts_yaml,facts
qna,mathematics,mathematics,geometry,What is a rhombus?,A rhombus is a quadrilateral with four sides of equal length. Its opposite sides are parallel and its opposite angles are equal; a square is a special rhombus with right angles.,beginner,en,facts_yaml,facts
qna,mathematics,mathematics,geometry,What is a trapezoid?,"A trapezoid, called a trapezium in British English, is a quadrilateral with at least one pair of parallel sides. Its area is half the sum of the parallel sides multiplied by the height.",beginner,en,facts_yaml,facts
qna,mathematics,mathematics,geometry,What is the volume of a sphere?,"The volume of a sphere is (4/3)πr³, where r is the radius. Its surface area is 4πr².",intermediate,en,facts_yaml,facts
qna,mathematics,mathematics,geometry,What is the volume of a cylinder?,"The volume of a cylinder is πr²h, the area of its circular base multiplied by its height.",beginner,en,facts_yaml,facts
qna,mathematics,mathematics,geometry,How is the volume of a cone related to the volume of a cylinder?,"A cone has exactly one-third the volume of a cylinder with the same base and height, so its volume is (1/3)πr²h.",intermediate,en,facts_yaml,facts
qna,mathematics,mathematics,geometry,What is perimeter?,"Perimeter is the total distance around the outside of a two-dimensional shape. For a rectangle, it is 2 × (length + width).",beginner,en,facts_yaml,facts
qna,mathematics,mathematics,geometry,"What are acute, obtuse, and reflex angles?","An acute angle is less than 90°, an obtuse angle is between 90° and 180°, and a reflex angle is between 180° and 360°. An angle of exactly 90° is a right angle.",beginner,en,facts_yaml,facts
qna,mathematics,mathematics,geometry,What are complementary and supplementary angles?,"Complementary angles add up to 90°, and supplementary angles add up to 180°. For example, 30° and 60° are complementary, while 110° and 70° are supplementary.",beginner,en,facts_yaml,facts
qna,mathematics,mathematics,geometry,What are vertically opposite angles?,Vertically opposite angles are the pairs of angles opposite each other where two straight lines cross. They are always equal.,intermediate,en,facts_yaml,facts
qna,mathematics,mathematics,geometry,What are alternate angles?,"Alternate angles are formed on opposite sides of a transversal line that crosses two other lines. When the two lines are parallel, alternate angles are equal.",intermediate,en,facts_yaml,facts
qna,mathematics,mathematics,geometry,"What is the difference between a chord, an arc, and a sector of a circle?","A chord is a straight line joining two points on a circle. An arc is part of the circle's circumference between two points, and a sector is the region enclosed by two radii and an arc, like a slice of pie.",beginner,en,facts_yaml,facts
qna,mathematics,mathematics,trigonometry,What is a radian?,"A radian is the angle at the center of a circle formed by an arc equal in length to the radius. A full circle is 2π radians, so 180° equals π radians.",intermediate,en,facts_yaml,facts
qna,mathematics,mathematics,geometry,What is the relationship between a tangent to a circle and the radius at the point of contact?,A tangent to a circle is always perpendicular to the radius drawn to the point where the tangent touches the circle.,intermediate,en,facts_yaml,facts
qna,mathematics,mathematics,geometry,What is Euler's formula for polyhedra?,"Euler's formula states that for any convex polyhedron, the number of vertices minus the number of edges plus the number of faces equals 2 (V − E + F = 2). A cube, for example, has 8 − 12 + 6 = 2.",advanced,en,facts_yaml,facts
qna,mathematics,mathematics,geometry,What are the Platonic solids?,"The Platonic solids are the five convex regular polyhedra, whose faces are identical regular polygons: the tetrahedron, cube, octahedron, dodecahedron, and icosahedron.",intermediate,en,facts_yaml,facts
qna,mathematics,mathematics,geometry,What are the four main types of geometric transformations?,"The four main transformations are translation (sliding), reflection (flipping), rotation (turning), and dilation (enlarging or shrinking). The first three preserve size and shape.",beginner,en,facts_yaml,facts
qna,mathematics,mathematics,coordinate_geometry,How do you find the distance between two points on a coordinate plane?,"Use the distance formula d = √((x₂ − x₁)² + (y₂ − y₁)²), which comes from the Pythagorean theorem. For example, the distance from (1, 2) to (4, 6) is √(9 + 16) = 5.",intermediate,en,facts_yaml,facts
qna,mathematics,mathematics,coordinate_geometry,How do you find the midpoint of a line segment?,"The midpoint of the segment between (x₁, y₁) and (x₂, y₂) is ((x₁ + x₂)/2, (y₁ + y₂)/2), the average of the x-coordinates and of the y-coordinates.",beginner,en,facts_yaml,facts
qna,mathematics,mathematics,geometry,What is a Pythagorean triple?,"A Pythagorean triple is a set of three positive integers a, b, and c such that a² + b² = c², so they can be the sides of a right triangle. The smallest is 3, 4, 5.",intermediate,en,facts_yaml,facts
qna,mathematics,mathematics,trigonometry,"What do sine, cosine, and tangent mean in a right triangle?","For an angle in a right triangle, sine is the opposite side divided by the hypotenuse, cosine is the adjacent side divided by the hypotenuse, and tangent is the opposite side divided by the adjacent side. The mnemonic SOH CAH TOA helps remember them.",beginner,en,facts_yaml,facts
qna,mathematics,mathematics,trigonometry,What is the unit circle?,"The unit circle is a circle of radius 1 centered at the origin. For an angle θ measured from the positive x-axis, the point on the circle has coordinates (cos θ, sin θ), which extends trigonometry to all angles.",intermediate,en,facts_yaml,facts
qna,mathematics,mathematics,trigonometry,What is the Pythagorean identity in trigonometry?,The Pythagorean identity states that sin²θ + cos²θ = 1 for any angle θ. It follows from applying the Pythagorean theorem to the unit circle.,intermediate,en,facts_yaml,facts
qna,mathematics,mathematics,trigonometry,What is the law of sines?,"The law of sines states that in any triangle, the ratio of each side to the sine of its opposite angle is the same: a/sin A = b/sin B = c/sin C. It is used to find unknown sides or angles in non-right triangles.",advanced,en,facts_yaml,facts
qna,mathematics,mathematics,trigonometry,What is the law of cosines?,"The law of cosines states that c² = a² + b² − 2ab cos C for any triangle. It generalizes the Pythagorean theorem and is used when two sides and the included angle, or all three sides, are known.",advanced,en,facts_yaml,facts
qna,mathematics,mathematics,trigonometry,What is the sine of 30 degrees?,"The sine of 30 degrees is exactly 0.5. In a 30-60-90 triangle, the side opposite the 30° angle is half the hypotenuse.",beginner,en,facts_yaml,facts
qna,mathematics,mathematics,calculus,What is a limit in calculus?,A limit describes the value a function approaches as its input approaches a certain point. Limits are the foundation for defining derivatives and integrals.,intermediate,en,facts_yaml,facts
qna,mathematics,mathematics,calculus,What does it mean for a function to be continuous?,"A function is continuous at a point if its graph has no break, jump, or hole there, meaning its limit at that point exists and equals the function's value. Informally, a continuous graph can be drawn without lifting the pen.",intermediate,en,facts_yaml,facts
qna,mathematics,mathematics,calculus,What is the power rule for derivatives?,"The power rule states that the derivative of xⁿ is nxⁿ⁻¹. For example, the derivative of x³ is 3x².",intermediate,en,facts_yaml,facts
qna,mathematics,mathematics,calculus,What is the chain rule in calculus?,"The chain rule is used to differentiate composite functions: the derivative of f(g(x)) is f′(g(x)) × g′(x). For example, the derivative of (3x + 1)² is 2(3x + 1) × 3.",advanced,en,facts_yaml,facts
qna,mathematics,mathematics,calculus,What does the fundamental theorem of calculus state?,The fundamental theorem of calculus links differentiation and integration as inverse processes. It states that the definite integral of a function from a to b equals the change in any of its antiderivatives between a and b.,advanced,en,facts_yaml,facts
qna,mathematics,mathematics,calculus,How are derivatives used to find maximum and minimum values?,"At a maximum or minimum of a smooth function, the slope is zero, so the derivative equals zero. Solving f′(x) = 0 finds these critical points, and the second derivative or the sign change of f′ tells which kind each is.",intermediate,en,facts_yaml,facts
qna,mathematics,mathematics,calculus,What is the difference between a definite and an indefinite integral?,"An indefinite integral is a family of antiderivatives of a function, written with a constant of integration +C. A definite integral has limits and gives a number, such as the area under a curve between two points.",intermediate,en,facts_yaml,facts
qna,mathematics,mathematics,calculus,What is a differential equation?,"A differential equation is an equation involving an unknown function and its derivatives. It describes how a quantity changes, and is used to model population growth, motion, and electrical circuits.",advanced,en,facts_yaml,facts
qna,mathematics,mathematics,statistics,Why is the median sometimes better than the mean for describing typical values?,"The mean is pulled strongly by extreme values, while the median, the middle value, is not. For skewed data such as household incomes, a few very high values raise the mean, so the median better represents a typical value.",intermediate,en,facts_yaml,facts
qna,mathematics,mathematics,statistics,What is an outlier?,An outlier is a data value that is much higher or lower than most of the other values in a dataset. Outliers can result from errors or genuine rare events and can distort statistics such as the mean.,beginner,en,facts_yaml,facts
qna,mathematics,mathematics,statistics,What is a normal distribution?,"A normal distribution is a symmetric, bell-shaped probability distribution in which most values cluster around the mean. Many natural measurements, such as heights, are approximately normally distributed.",intermediate,en,facts_yaml,facts
qna,mathematics,mathematics,statistics,What is the 68-95-99.7 rule?,"For a normal distribution, about 68% of values lie within one standard deviation of the mean, about 95% within two, and about 99.7% within three. It is also called the empirical rule.",intermediate,en,facts_yaml,facts
qna,mathematics,mathematics,statistics,Why does correlation not imply causation?,"Two variables can move together without one causing the other, because the link may be due to chance or to a third factor affecting both. For example, ice cream sales and drowning incidents both rise in summer because of hot weather, not because one causes the other.",beginner,en,facts_yaml,facts
qna,mathematics,mathematics,statistics,What is the difference between a population and a sample in statistics?,"A population is the entire group being studied, while a sample is a smaller subset selected from it. Statisticians use samples to draw conclusions about populations when measuring everyone is impractical.",beginner,en,facts_yaml,facts
qna,mathematics,mathematics,statistics,Why is random sampling important?,Random sampling gives every member of a population an equal chance of being selected. This reduces bias and makes the sample more likely to represent the whole population.,intermediate,en,facts_yaml,facts
qna,mathematics,mathematics,statistics,What is the difference between a histogram and a bar chart?,"A histogram shows the distribution of continuous numerical data grouped into ranges, with bars touching each other. A bar chart compares separate categories, with gaps between the bars.",beginner,en,facts_yaml,facts
qna,mathematics,mathematics,statistics,What does a box plot show?,"A box plot summarizes a dataset using five numbers: the minimum, first quartile, median, third quartile, and maximum. It shows the spread and skewness of the data and helps identify outliers.",intermediate,en,facts_yaml,facts
qna,mathematics,mathematics,statistics,What is the interquartile range?,The interquartile range is the difference between the third quartile and the first quartile of a dataset. It measures the spread of the middle 50% of the data and is not affected by outliers.,intermediate,en,facts_yaml,facts
qna,mathematics,mathematics,statistics,What is a percentile?,A percentile indicates the value below which a given percentage of data falls. Scoring in the 90th percentile means scoring higher than 90% of the group.,beginner,en,facts_yaml,facts
qna,mathematics,mathematics,statistics,What is a p-value?,"A p-value is the probability of obtaining results at least as extreme as those observed, assuming the null hypothesis is true. A small p-value, often below 0.05, suggests the data are unlikely under the null hypothesis.",advanced,en,facts_yaml,facts
qna,mathematics,mathematics,statistics,What is a null hypothesis?,"A null hypothesis is a default statement that there is no effect or no difference, such as ""the new drug has no effect."" Statistical tests assess whether the data provide enough evidence to reject it.",advanced,en,facts_yaml,facts
qna,mathematics,mathematics,statistics,What is a confidence interval?,"A confidence interval is a range of values, calculated from sample data, that is likely to contain the true population value. A 95% confidence interval is produced by a method that captures the true value in 95% of repeated samples.",advanced,en,facts_yaml,facts
qna,mathematics,mathematics,statistics,What is a weighted average?,"A weighted average multiplies each value by a weight reflecting its importance, adds the results, and divides by the sum of the weights. Course grades are often weighted averages of exams and assignments.",intermediate,en,facts_yaml,facts
qna,mathematics,mathematics,statistics,What does it mean for a distribution to be skewed?,"A skewed distribution is not symmetric. In a right-skewed distribution, the tail extends to higher values and the mean is usually greater than the median; in a left-skewed distribution, the opposite is true.",advanced,en,facts_yaml,facts
qna,mathematics,mathematics,probability,What are mutually exclusive events?,"Mutually exclusive events cannot happen at the same time. For example, rolling a 2 and rolling a 5 on a single die roll are mutually exclusive.",beginner,en,facts_yaml,facts
qna,mathematics,mathematics,probability,What are complementary events in probability?,"Complementary events are two outcomes where exactly one must happen, such as rain or no rain. Their probabilities add up to 1, so P(not A) = 1 − P(A).",beginner,en,facts_yaml,facts
qna,mathematics,mathematics,probability,What is expected value?,"Expected value is the long-run average outcome of a random process, calculated by multiplying each possible outcome by its probability and adding the results. For a fair six-sided die, it is 3.5.",intermediate,en,facts_yaml,facts
qna,mathematics,mathematics,probability,What is the gambler's fallacy?,"The gambler's fallacy is the mistaken belief that past independent random events affect future ones, such as thinking a coin is due to land heads after several tails. Each fair coin flip still has a 50% chance of heads.",beginner,en,facts_yaml,facts
qna,mathematics,mathematics,probability,What does the law of large numbers state?,"The law of large numbers states that as a random experiment is repeated many times, the average of the results gets closer to the expected value. The proportion of heads in many coin flips approaches one half.",intermediate,en,facts_yaml,facts
qna,mathematics,mathematics,probability,What is conditional probability?,"Conditional probability is the probability of an event given that another event has occurred, written P(A|B). It equals P(A and B) divided by P(B).",intermediate,en,facts_yaml,facts
qna,mathematics,mathematics,probability,What does Bayes' theorem allow you to calculate?,"Bayes' theorem lets you update the probability of a hypothesis based on new evidence: P(A|B) = P(B|A) × P(A) / P(B). It is used in medical testing, spam filtering, and machine learning.",advanced,en,facts_yaml,facts
qna,mathematics,mathematics,probability,What is the probability of getting two heads when flipping two fair coins?,"The probability is 1/4, because each flip has a 1/2 chance of heads and the flips are independent: 1/2 × 1/2 = 1/4.",beginner,en,facts_yaml,facts
qna,mathematics,mathematics,probability,Why is 7 the most likely total when rolling two dice?,"Of the 36 equally likely outcomes, six give a total of 7 (1+6, 2+5, 3+4, 4+3, 5+2, 6+1), more than any other total. The probability of rolling 7 is therefore 6/36, or 1/6.",intermediate,en,facts_yaml,facts
qna,mathematics,mathematics,sets,What is the difference between the union and the intersection of two sets?,The union of two sets contains every element that is in either set. The intersection contains only the elements that are in both sets.,beginner,en,facts_yaml,facts
qna,mathematics,mathematics,sets,What is a Venn diagram?,A Venn diagram uses overlapping circles to show the relationships between sets. Overlapping regions represent elements shared by the sets.,beginner,en,facts_yaml,facts
qna,mathematics,mathematics,sets,What is a subset?,"A set A is a subset of set B if every element of A is also in B. For example, {1, 2} is a subset of {1, 2, 3}.",beginner,en,facts_yaml,facts
qna,mathematics,mathematics,sets,What is the empty set?,"The empty set is the unique set with no elements, written ∅ or {}. It is a subset of every set.",beginner,en,facts_yaml,facts
qna,mathematics,mathematics,proof,What is proof by contradiction?,"Proof by contradiction assumes that the statement to be proved is false and then shows that this assumption leads to a logical contradiction. Therefore the statement must be true, as in the classic proof that √2 is irrational.",advanced,en,facts_yaml,facts
qna,mathematics,mathematics,proof,What is mathematical induction?,"Mathematical induction proves a statement for all natural numbers by showing it is true for the first case (the base case) and that if it holds for any number n, it also holds for n + 1.",advanced,en,facts_yaml,facts
qna,mathematics,mathematics,proof,What is a counterexample?,"A counterexample is a specific case that shows a general statement is false. For example, 2 is a counterexample to the claim that all prime numbers are odd.",intermediate,en,facts_yaml,facts
qna,mathematics,mathematics,proof,What is the difference between a theorem and a conjecture?,"A theorem is a mathematical statement that has been proven true. A conjecture is a statement believed to be true but not yet proven, such as Goldbach's conjecture.",intermediate,en,facts_yaml,facts
qna,mathematics,mathematics,proof,What is an axiom in mathematics?,"An axiom is a basic statement accepted as true without proof, which serves as a starting point for building a theory. Euclid's postulates are axioms of classical geometry.",intermediate,en,facts_yaml,facts
qna,general_knowledge,history,modern_history,What event triggered the start of World War I?,"World War I was triggered by the assassination of Archduke Franz Ferdinand of Austria-Hungary in Sarajevo on 28 June 1914. Austria-Hungary's response drew in allied powers through a network of alliances, and war broke out across Europe within weeks.",beginner,en,facts_yaml,facts
qna,general_knowledge,history,ancient_history,Why did the Western Roman Empire fall?,"The Western Roman Empire declined because of many combined factors, including political instability, economic troubles, overreliance on mercenaries, and pressure from invading Germanic peoples. It is traditionally said to have ended in 476 CE when Odoacer deposed the last emperor, Romulus Augustulus.",intermediate,en,facts_yaml,facts
qna,general_knowledge,history,modern_history,What was the Holocaust?,"The Holocaust was the systematic, state-sponsored persecution and murder of about six million Jews by Nazi Germany and its collaborators between 1941 and 1945. Millions of others, including Roma, disabled people, and political prisoners, were also killed.",beginner,en,facts_yaml,facts
qna,general_knowledge,history,modern_history,What was D-Day?,"D-Day was the Allied invasion of Nazi-occupied France on 6 June 1944, when troops landed on the beaches of Normandy. It was the largest seaborne invasion in history and opened a western front against Germany.",beginner,en,facts_yaml,facts
qna,general_knowledge,history,modern_history,What brought the United States into World War II?,"The United States entered World War II after Japan attacked the US naval base at Pearl Harbor, Hawaii, on 7 December 1941. The US declared war on Japan the next day, and Germany and Italy then declared war on the US.",beginner,en,facts_yaml,facts
qna,general_knowledge,history,modern_history,When were atomic bombs used in war?,"The United States dropped atomic bombs on the Japanese cities of Hiroshima on 6 August 1945 and Nagasaki on 9 August 1945. Japan announced its surrender shortly afterward, ending World War II.",beginner,en,facts_yaml,facts
qna,general_knowledge,history,modern_history,What was the Marshall Plan?,"The Marshall Plan was a US program, begun in 1948, that provided over 13 billion dollars in economic aid to help rebuild Western European economies after World War II. It also aimed to limit the spread of communism.",intermediate,en,facts_yaml,facts
qna,general_knowledge,history,modern_history,What is NATO?,"NATO (North Atlantic Treaty Organization) is a military alliance founded in 1949 by the United States, Canada, and several Western European countries. Its members agree that an armed attack against one is an attack against all.",beginner,en,facts_yaml,facts
qna,general_knowledge,history,modern_history,What was the Warsaw Pact?,"The Warsaw Pact was a military alliance formed in 1955 between the Soviet Union and seven Eastern European communist states, as a counterpart to NATO. It dissolved in 1991.",intermediate,en,facts_yaml,facts
qna,general_knowledge,history,modern_history,What was the Great Depression?,"The Great Depression was a severe worldwide economic downturn that began with the US stock market crash of October 1929 and lasted through much of the 1930s. It caused mass unemployment, bank failures, and widespread poverty.",beginner,en,facts_yaml,facts
qna,general_knowledge,history,modern_history,What was the New Deal?,"The New Deal was a series of programs and reforms introduced by US President Franklin D. Roosevelt in the 1930s to combat the Great Depression. It created jobs through public works, regulated banks, and established Social Security.",intermediate,en,facts_yaml,facts
qna,general_knowledge,history,modern_history,What was the Russian Revolution of 1917?,"The Russian Revolution of 1917 overthrew the tsarist monarchy in February and brought the Bolsheviks, led by Vladimir Lenin, to power in October. It led to civil war and the creation of the Soviet Union in 1922.",intermediate,en,facts_yaml,facts
qna,general_knowledge,history,modern_history,What happened in China in 1949?,"In 1949, the Chinese Communist Party led by Mao Zedong won the civil war and proclaimed the People's Republic of China. The defeated Nationalist government retreated to Taiwan.",intermediate,en,facts_yaml,facts
qna,general_knowledge,history,modern_history,What was China's Cultural Revolution?,"The Cultural Revolution (1966–1976) was a political movement launched by Mao Zedong to purge perceived capitalist and traditional elements from Chinese society. It caused widespread violence, persecution, and disruption to education and the economy.",intermediate,en,facts_yaml,facts
qna,general_knowledge,history,south_asian_history,What was the Partition of India?,"The Partition of India in 1947 divided British India into two independent nations, India and Pakistan, largely along religious lines. It caused mass migration of millions of people and widespread communal violence.",intermediate,en,facts_yaml,facts
qna,general_knowledge,history,south_asian_history,What was Gandhi's Salt March?,"The Salt March of 1930 was a 24-day, roughly 390-kilometer march led by Mahatma Gandhi to the coastal village of Dandi to make salt in defiance of the British salt tax. It was a key act of nonviolent civil disobedience in India's independence movement.",intermediate,en,facts_yaml,facts
qna,general_knowledge,history,modern_history,What was apartheid?,Apartheid was a system of institutionalized racial segregation and discrimination enforced by the government of South Africa from 1948 to the early 1990s. It ended through negotiations that led to the country's first multiracial elections in 1994.,beginner,en,facts_yaml,facts
qna,general_knowledge,history,modern_history,Who was Nelson Mandela?,"Nelson Mandela was a South African anti-apartheid leader who spent 27 years in prison. After his release in 1990, he helped negotiate the end of apartheid and became South Africa's first Black president in 1994.",beginner,en,facts_yaml,facts
qna,general_knowledge,history,modern_history,What was the American Civil Rights Movement?,"The Civil Rights Movement was a struggle, mainly in the 1950s and 1960s, to end racial segregation and discrimination against Black Americans. Led by figures such as Martin Luther King Jr. and Rosa Parks, it achieved landmark laws such as the Civil Rights Act of 1964 and the Voting Rights Act of 1965.",intermediate,en,facts_yaml,facts
qna,general_knowledge,history,modern_history,When and why did the Soviet Union collapse?,"The Soviet Union dissolved in December 1991. Economic stagnation, the failure of reforms under Mikhail Gorbachev, nationalist movements in its republics, and a failed coup in August 1991 led to its breakup into 15 independent countries.",intermediate,en,facts_yaml,facts
qna,general_knowledge,history,modern_history,What was the Korean War?,"The Korean War (1950–1953) began when North Korea invaded South Korea. The United Nations, led by the US, supported the South, while China and the Soviet Union supported the North, and it ended in an armistice that left Korea divided near the 38th parallel.",intermediate,en,facts_yaml,facts
qna,general_knowledge,history,modern_history,What was the Vietnam War?,"The Vietnam War was a conflict from the mid-1950s to 1975 between communist North Vietnam and South Vietnam, which was supported by the United States. It ended with the fall of Saigon in 1975 and the reunification of Vietnam under communist rule.",intermediate,en,facts_yaml,facts
qna,general_knowledge,history,medieval_history,What was feudalism?,"Feudalism was the social and economic system of medieval Europe in which kings granted land to nobles in exchange for military service, and peasants, or serfs, worked the land in return for protection.",beginner,en,facts_yaml,facts
qna,general_knowledge,history,medieval_history,What were the Crusades?,"The Crusades were a series of religious wars between 1096 and 1291, launched mainly by Western European Christians to capture Jerusalem and the Holy Land from Muslim rule.",beginner,en,facts_yaml,facts
qna,general_knowledge,history,medieval_history,What was the Hundred Years' War?,"The Hundred Years' War was a series of conflicts between England and France from 1337 to 1453, mainly over claims to the French throne. It ended with France expelling the English from most of its territory.",intermediate,en,facts_yaml,facts
qna,general_knowledge,history,medieval_history,What happened in 1066 at the Battle of Hastings?,"At the Battle of Hastings in 1066, William, Duke of Normandy, defeated the English king Harold II. This began the Norman Conquest of England, and William became known as William the Conqueror.",beginner,en,facts_yaml,facts
qna,general_knowledge,history,early_modern_history,What was the Spanish Armada?,"The Spanish Armada was a large fleet sent by King Philip II of Spain in 1588 to invade England. It was defeated by the English navy and storms, which marked the rise of English naval power.",intermediate,en,facts_yaml,facts
qna,general_knowledge,history,early_modern_history,What is Christopher Columbus known for?,Christopher Columbus was a navigator sailing for Spain whose voyage in 1492 reached islands in the Caribbean. His expeditions began lasting European contact with and colonization of the Americas.,beginner,en,facts_yaml,facts
qna,general_knowledge,history,early_modern_history,What motivated the European Age of Exploration?,"Europeans explored in the 15th and 16th centuries seeking sea routes to Asian spices and silk, gold and other wealth, the spread of Christianity, and national prestige. Advances in navigation and shipbuilding made long voyages possible.",intermediate,en,facts_yaml,facts
qna,general_knowledge,history,early_modern_history,What was the Columbian Exchange?,"The Columbian Exchange was the widespread transfer of plants, animals, people, and diseases between the Americas and the Old World after 1492. Potatoes and maize spread to Europe, while horses, wheat, and diseases such as smallpox came to the Americas.",intermediate,en,facts_yaml,facts
qna,general_knowledge,history,early_modern_history,What was the Atlantic slave trade?,"The Atlantic slave trade was the forced transportation of about 12 million enslaved Africans to the Americas between the 16th and 19th centuries. They were made to work on plantations and in mines, and millions died during the brutal voyage.",intermediate,en,facts_yaml,facts
qna,general_knowledge,history,americas_history,What was the Aztec Empire?,"The Aztec Empire was a powerful Mesoamerican state that dominated central Mexico in the 15th and early 16th centuries. Its capital, Tenochtitlan, was built on an island in Lake Texcoco, and it was conquered by the Spanish under Hernán Cortés in 1521.",intermediate,en,facts_yaml,facts
qna,general_knowledge,history,americas_history,What was the Inca Empire?,"The Inca Empire was the largest empire in pre-Columbian America, stretching along the Andes in western South America. It was known for its road network and stone architecture, such as Machu Picchu, and was conquered by the Spanish in the 1530s.",intermediate,en,facts_yaml,facts
qna,general_knowledge,history,americas_history,What is the Maya civilization known for?,"The Maya civilization of Mesoamerica developed a sophisticated writing system, advanced mathematics including the concept of zero, accurate calendars, and monumental cities with stepped pyramids. It flourished especially from about 250 to 900 CE.",intermediate,en,facts_yaml,facts
qna,general_knowledge,history,east_asian_history,Who was Qin Shi Huang?,"Qin Shi Huang was the founder of the Qin dynasty who unified China in 221 BCE and became its first emperor. He standardized weights, measures, currency, and writing, began linking walls into an early Great Wall, and was buried with the Terracotta Army.",intermediate,en,facts_yaml,facts
qna,general_knowledge,history,east_asian_history,Why is the Han dynasty important in Chinese history?,"The Han dynasty (206 BCE–220 CE) was a long-lasting golden age that established Confucianism as state ideology, expanded trade along the Silk Road, and saw inventions such as paper. Most Chinese people still call themselves Han.",intermediate,en,facts_yaml,facts
qna,general_knowledge,history,asian_history,Who was Genghis Khan?,"Genghis Khan united the Mongol tribes and founded the Mongol Empire in 1206. Under him and his successors, it became the largest contiguous land empire in history, stretching from East Asia to Eastern Europe.",beginner,en,facts_yaml,facts
qna,general_knowledge,history,ancient_history,Who was Cyrus the Great?,"Cyrus the Great founded the Achaemenid Persian Empire in the 6th century BCE, which became the largest empire of its time. He is remembered for tolerating the customs and religions of conquered peoples.",intermediate,en,facts_yaml,facts
qna,general_knowledge,history,ancient_history,Who was Alexander the Great?,"Alexander the Great was a king of Macedon who, between 336 and 323 BCE, conquered an empire stretching from Greece to Egypt and northwest India. His conquests spread Greek culture across the region, beginning the Hellenistic period.",beginner,en,facts_yaml,facts
qna,general_knowledge,history,ancient_history,Who was Julius Caesar?,"Julius Caesar was a Roman general and statesman who conquered Gaul, won a civil war, and became dictator of Rome. His assassination on 15 March 44 BCE led to the end of the Roman Republic and the rise of the Roman Empire under his heir Augustus.",beginner,en,facts_yaml,facts
qna,general_knowledge,history,ancient_history,What were the Punic Wars?,The Punic Wars were three wars fought between Rome and Carthage from 264 to 146 BCE. They included Hannibal's famous crossing of the Alps with elephants and ended with Rome destroying Carthage and dominating the western Mediterranean.,intermediate,en,facts_yaml,facts
qna,general_knowledge,history,ancient_history,What was the Code of Hammurabi?,"The Code of Hammurabi is one of the earliest known written legal codes, issued by King Hammurabi of Babylon around 1754 BCE. It listed laws and punishments, often based on the principle of ""an eye for an eye.""",intermediate,en,facts_yaml,facts
qna,general_knowledge,history,ancient_history,What is the Phoenicians' most lasting contribution?,"The Phoenicians, seafaring traders of the eastern Mediterranean, developed an alphabet of consonant letters around 1050 BCE. It was adapted by the Greeks and became the ancestor of most modern alphabets.",intermediate,en,facts_yaml,facts
qna,general_knowledge,history,ancient_history,Why were the pyramids of Giza built?,"The pyramids of Giza were built around 2600–2500 BCE as tombs for Egyptian pharaohs, including Khufu, whose Great Pyramid is the largest. They were meant to protect the pharaoh's body and help his journey to the afterlife.",beginner,en,facts_yaml,facts
qna,general_knowledge,history,ancient_history,Why is the Rosetta Stone important?,"The Rosetta Stone, found in 1799, carries the same decree in Egyptian hieroglyphs, Demotic script, and ancient Greek. Because scholars could read the Greek, it allowed Jean-François Champollion to decipher hieroglyphs in 1822.",intermediate,en,facts_yaml,facts
qna,general_knowledge,history,prehistory,What was the Neolithic Revolution?,"The Neolithic Revolution was the shift, beginning about 12,000 years ago, from hunting and gathering to farming and settled life. It led to permanent villages, population growth, and eventually the first cities and civilizations.",intermediate,en,facts_yaml,facts
qna,general_knowledge,history,prehistory,"What are the Stone Age, Bronze Age, and Iron Age?","They are periods of human prehistory named after the main material used for tools. The Stone Age used stone, the Bronze Age introduced bronze (copper and tin), and the Iron Age brought stronger, more widely available iron tools and weapons.",beginner,en,facts_yaml,facts
qna,general_knowledge,history,east_asian_history,Why was the Great Wall of China built?,"The Great Wall was built and rebuilt over many centuries, mainly to protect Chinese states and empires from raids and invasions by nomadic groups from the north. Most of the surviving wall dates from the Ming dynasty.",beginner,en,facts_yaml,facts
qna,general_knowledge,history,early_modern_history,What was the significance of the Peace of Westphalia?,"The Peace of Westphalia, signed in 1648, ended the Thirty Years' War in Europe. It established the principle of state sovereignty, in which each state controls its own territory and religion, which became a foundation of modern international relations.",advanced,en,facts_yaml,facts
qna,general_knowledge,history,early_modern_history,What was the Scientific Revolution?,"The Scientific Revolution was the period in the 16th and 17th centuries when figures such as Copernicus, Galileo, Kepler, and Newton transformed views of nature. It established observation, experimentation, and mathematics as the basis of scientific knowledge.",intermediate,en,facts_yaml,facts
qna,general_knowledge,history,modern_history,How was Germany unified in 1871?,"Germany was unified in 1871 under Prussian leadership, largely through the policies of Otto von Bismarck and victories in wars against Denmark, Austria, and France. King Wilhelm I of Prussia was proclaimed German emperor.",intermediate,en,facts_yaml,facts
qna,general_knowledge,history,modern_history,Who was Giuseppe Garibaldi?,"Giuseppe Garibaldi was an Italian general and nationalist whose military campaigns, especially the Expedition of the Thousand in 1860, helped unify Italy. He is regarded as one of Italy's founding fathers.",intermediate,en,facts_yaml,facts
qna,general_knowledge,history,americas_history,What were the main causes of the American Civil War?,"The American Civil War (1861–1865) was fought mainly over slavery and its expansion into new territories, which divided the Northern and Southern states. Disputes over states' rights and the election of Abraham Lincoln led eleven Southern states to secede.",intermediate,en,facts_yaml,facts
qna,general_knowledge,history,americas_history,What was the Emancipation Proclamation?,The Emancipation Proclamation was an order issued by President Abraham Lincoln on 1 January 1863 declaring that enslaved people in the rebelling Confederate states were free. Slavery was abolished nationwide in 1865 by the Thirteenth Amendment.,intermediate,en,facts_yaml,facts
qna,general_knowledge,history,americas_history,What was the Louisiana Purchase?,The Louisiana Purchase was the United States' acquisition of about 2.1 million square kilometers of territory from France in 1803 for 15 million dollars. It roughly doubled the size of the country.,intermediate,en,facts_yaml,facts
qna,general_knowledge,history,modern_history,Which country first gave women the right to vote in national elections?,"New Zealand became the first self-governing country to grant women the right to vote in national elections, in 1893. The suffrage movement spread worldwide over the following decades.",intermediate,en,facts_yaml,facts
qna,general_knowledge,history,modern_history,What was the Irish Potato Famine?,The Irish Potato Famine (1845–1852) was caused by a potato disease called blight that destroyed the main food crop of Ireland's poor. About one million people died and more than a million emigrated.,intermediate,en,facts_yaml,facts
qna,general_knowledge,history,east_asian_history,What were the Opium Wars?,"The Opium Wars (1839–1842 and 1856–1860) were fought between China and Britain, later joined by France, over the British opium trade and access to Chinese markets. China's defeat led to unequal treaties and the cession of Hong Kong to Britain.",intermediate,en,facts_yaml,facts
qna,general_knowledge,history,modern_history,When was the European Union established?,"The European Union was formally established by the Maastricht Treaty, which took effect in 1993. It grew out of earlier organizations such as the European Economic Community, founded in 1957.",intermediate,en,facts_yaml,facts
qna,general_knowledge,history,modern_history,What was the Rwandan genocide?,"The Rwandan genocide was the mass killing of an estimated 500,000 to 800,000 people, mostly Tutsi, by Hutu extremists over about 100 days in 1994.",intermediate,en,facts_yaml,facts
qna,general_knowledge,history,modern_history,What was the Arab Spring?,"The Arab Spring was a wave of protests and uprisings across the Middle East and North Africa beginning in late 2010 in Tunisia. It toppled leaders in Tunisia, Egypt, Libya, and Yemen and led to civil wars in Syria and elsewhere.",intermediate,en,facts_yaml,facts
qna,general_knowledge,history,modern_history,What happened on 11 September 2001?,"On 11 September 2001, al-Qaeda terrorists hijacked four airliners, crashing two into the World Trade Center in New York and one into the Pentagon, while the fourth crashed in Pennsylvania. Nearly 3,000 people were killed.",beginner,en,facts_yaml,facts
qna,general_knowledge,history,modern_history,What was the Chernobyl disaster?,The Chernobyl disaster was an explosion and fire at a nuclear power plant in Soviet Ukraine on 26 April 1986. It released large amounts of radioactive material across Europe and is considered the worst nuclear accident in history.,intermediate,en,facts_yaml,facts
qna,general_knowledge,history,modern_history,What happened to the Titanic?,"The RMS Titanic, a British passenger liner thought to be almost unsinkable, struck an iceberg and sank in the North Atlantic on its maiden voyage on 15 April 1912. More than 1,500 people died.",beginner,en,facts_yaml,facts
qna,general_knowledge,history,medieval_history,What was the Hanseatic League?,The Hanseatic League was a powerful commercial and defensive alliance of merchant guilds and market towns in northern Europe from the 13th to the 17th century. It dominated trade in the Baltic and North Seas.,intermediate,en,facts_yaml,facts
qna,general_knowledge,history,medieval_history,Who were the Vikings?,"The Vikings were seafaring Norse people from Scandinavia who raided, traded, and settled across Europe from the late 8th to the 11th century. They reached as far as North America, Russia, and the Mediterranean.",beginner,en,facts_yaml,facts
qna,general_knowledge,history,medieval_history,Who was Charlemagne?,Charlemagne was king of the Franks who united much of Western Europe and was crowned emperor by the Pope in 800 CE. His reign encouraged a revival of learning known as the Carolingian Renaissance.,intermediate,en,facts_yaml,facts
qna,general_knowledge,history,medieval_history,What was the Holy Roman Empire?,"The Holy Roman Empire was a complex union of territories in central Europe, centered on Germany, that lasted from 800 or 962 until 1806. It was ruled by an elected emperor, though real power often lay with local princes.",intermediate,en,facts_yaml,facts
qna,general_knowledge,history,medieval_history,What was the Great Schism of 1054?,"The Great Schism of 1054 was the split of Christianity into the Roman Catholic Church in the West and the Eastern Orthodox Church in the East, caused by theological and political disputes, including papal authority.",advanced,en,facts_yaml,facts
qna,general_knowledge,history,east_asian_history,What was the Tokugawa shogunate?,"The Tokugawa shogunate was the military government that ruled Japan from 1603 to 1868. It brought long peace, strict social order, and a policy of limiting contact with foreigners, and it ended with the Meiji Restoration.",intermediate,en,facts_yaml,facts
qna,general_knowledge,history,asian_history,What was the Khmer Empire?,"The Khmer Empire was a powerful Southeast Asian state centered in present-day Cambodia from the 9th to the 15th century. Its capital region of Angkor includes Angkor Wat, one of the largest religious monuments in the world.",intermediate,en,facts_yaml,facts
qna,general_knowledge,history,african_history,What was Great Zimbabwe?,"Great Zimbabwe was a medieval city in southern Africa, flourishing from about the 11th to the 15th century. It is known for its massive dry-stone walls and was the center of a trading empire dealing in gold and ivory.",intermediate,en,facts_yaml,facts
qna,general_knowledge,history,african_history,What was the Kingdom of Aksum?,"The Kingdom of Aksum was an ancient trading power in present-day Ethiopia and Eritrea, flourishing from about the 1st to the 7th century CE. It minted its own coins, built tall stone obelisks, and adopted Christianity in the 4th century.",intermediate,en,facts_yaml,facts
qna,general_knowledge,history,south_asian_history,What was the Vijayanagara Empire?,"The Vijayanagara Empire was a powerful South Indian state from 1336 to the mid-1600s. Its capital, Hampi, was one of the largest and richest cities of its time and is now a UNESCO World Heritage Site.",intermediate,en,facts_yaml,facts
qna,general_knowledge,history,south_asian_history,What was the Delhi Sultanate?,The Delhi Sultanate was a series of Muslim dynasties that ruled much of northern India from Delhi between 1206 and 1526. It ended when Babur defeated the last sultan and founded the Mughal Empire.,intermediate,en,facts_yaml,facts
qna,general_knowledge,history,south_asian_history,Why was the Battle of Plassey significant?,"At the Battle of Plassey in 1757, the British East India Company, led by Robert Clive, defeated the Nawab of Bengal. The victory gave the company control of Bengal and began British political dominance in India.",intermediate,en,facts_yaml,facts
qna,general_knowledge,history,south_asian_history,What was the Indian Rebellion of 1857?,"The Indian Rebellion of 1857 was a widespread uprising against the rule of the British East India Company, beginning with a mutiny of Indian soldiers. After it was suppressed, the British Crown took direct control of India in 1858.",intermediate,en,facts_yaml,facts
qna,general_knowledge,history,south_asian_history,What was the Quit India Movement?,"The Quit India Movement was a mass civil disobedience campaign launched by Mahatma Gandhi in August 1942, demanding an end to British rule in India. British authorities responded by arresting Congress leaders.",intermediate,en,facts_yaml,facts
qna,general_knowledge,history,modern_history,What was the East India Company?,The British East India Company was a trading company founded in 1600 that grew into a powerful force controlling large parts of India with its own army. Its rule in India ended in 1858.,intermediate,en,facts_yaml,facts
qna,general_knowledge,geography,capitals,What is the capital of Turkey?,The capital of Turkey is Ankara. Istanbul is the country's largest city but not its capital.,beginner,en,facts_yaml,facts
qna,general_knowledge,geography,capitals,What is the capital of Nigeria?,"The capital of Nigeria is Abuja, which replaced Lagos as the capital in 1991.",beginner,en,facts_yaml,facts
qna,general_knowledge,geography,capitals,What are the capitals of South Africa?,"South Africa has three capital cities: Pretoria (executive), Cape Town (legislative), and Bloemfontein (judicial).",intermediate,en,facts_yaml,facts
qna,general_knowledge,geography,capitals,What is the capital of Pakistan?,"The capital of Pakistan is Islamabad, a planned city built in the 1960s. Karachi is the largest city.",beginner,en,facts_yaml,facts
qna,general_knowledge,geography,capitals,What is the capital of Switzerland?,"Bern is the Swiss federal city and de facto capital, where the federal government and parliament are based. Zurich is the largest city.",beginner,en,facts_yaml,facts
qna,general_knowledge,geography,capitals,What is the capital of Myanmar?,"The capital of Myanmar is Naypyidaw, which replaced Yangon as the seat of government in 2005 and 2006.",intermediate,en,facts_yaml,facts
qna,general_knowledge,geography,capitals,What is the capital of Saudi Arabia?,The capital of Saudi Arabia is Riyadh.,beginner,en,facts_yaml,facts
qna,general_knowledge,geography,capitals,What is the capital of Peru?,"The capital of Peru is Lima, located on the Pacific coast.",beginner,en,facts_yaml,facts
qna,general_knowledge,geography,capitals,What is the capital of Colombia?,"The capital of Colombia is Bogotá, a high-altitude city in the Andes.",beginner,en,facts_yaml,facts
qna,general_knowledge,geography,capitals,What is the capital of Ethiopia?,"The capital of Ethiopia is Addis Ababa, which also hosts the headquarters of the African Union.",beginner,en,facts_yaml,facts
qna,general_knowledge,geography,capitals,What is the capital of Ukraine?,"The capital of Ukraine is Kyiv, located on the Dnipro River.",beginner,en,facts_yaml,facts
qna,general_knowledge,geography,capitals,What is the capital of the Netherlands?,"Amsterdam is the constitutional capital of the Netherlands, but the government, parliament, and royal working palace are in The Hague.",intermediate,en,facts_yaml,facts
qna,general_knowledge,geography,capitals,What is the capital of Malaysia?,"The capital of Malaysia is Kuala Lumpur, although many federal government offices have moved to the planned city of Putrajaya.",beginner,en,facts_yaml,facts
qna,general_knowledge,geography,capitals,What is the capital of Kazakhstan?,"The capital of Kazakhstan is Astana, which replaced Almaty as the capital in 1997.",beginner,en,facts_yaml,facts
qna,general_knowledge,geography,capitals,What is the capital of Morocco?,The capital of Morocco is Rabat. Casablanca is the country's largest city.,beginner,en,facts_yaml,facts
qna,general_knowledge,geography,maps,What is the difference between latitude and longitude?,"Latitude measures distance north or south of the Equator in degrees, from 0° to 90°. Longitude measures distance east or west of the Prime Meridian, from 0° to 180°. Together they pinpoint any location on Earth.",beginner,en,facts_yaml,facts
qna,general_knowledge,geography,maps,Why does the world have different time zones?,"As Earth rotates, different places face the Sun at different times, so noon occurs at different moments around the globe. Time zones, roughly 15° of longitude apart, keep local clock time roughly in step with daylight.",beginner,en,facts_yaml,facts
qna,general_knowledge,geography,maps,What is the International Date Line?,"The International Date Line is an imaginary line running roughly along 180° longitude through the Pacific Ocean. Crossing it westward adds a day to the calendar date, and crossing eastward subtracts a day.",intermediate,en,facts_yaml,facts
qna,general_knowledge,geography,maps,What is Coordinated Universal Time (UTC)?,"Coordinated Universal Time is the primary world time standard, based on atomic clocks and closely matching mean solar time at the Prime Meridian. Time zones are expressed as offsets from UTC, such as UTC+5:30 for India.",intermediate,en,facts_yaml,facts
qna,general_knowledge,geography,maps,Why does the Mercator projection distort the size of countries?,"The Mercator projection preserves shapes and directions, which is useful for navigation, but it stretches areas increasingly toward the poles. As a result, Greenland appears about as large as Africa, although Africa is about 14 times bigger.",intermediate,en,facts_yaml,facts
qna,general_knowledge,geography,maps,What do contour lines on a map show?,"Contour lines connect points of equal elevation on a map. Lines close together indicate steep slopes, while lines far apart indicate gentle slopes.",beginner,en,facts_yaml,facts
qna,general_knowledge,geography,maps,What does a map scale show?,"A map scale shows the relationship between a distance on the map and the actual distance on the ground, such as 1:50,000, meaning 1 centimeter on the map equals 50,000 centimeters (500 meters) in reality.",beginner,en,facts_yaml,facts
qna,general_knowledge,geography,maps,What is a geographic information system (GIS)?,"A GIS is a computer system for capturing, storing, analyzing, and displaying data linked to locations. It is used for mapping, urban planning, environmental monitoring, and navigation.",intermediate,en,facts_yaml,facts
qna,general_knowledge,geography,human_geography,What is population density?,"Population density is the number of people living per unit of area, usually per square kilometer. Bangladesh and Singapore are among the most densely populated countries.",beginner,en,facts_yaml,facts
qna,general_knowledge,geography,human_geography,What is urbanization?,"Urbanization is the increase in the proportion of a population living in towns and cities, usually driven by migration from rural areas in search of jobs and services. More than half of the world's people now live in urban areas.",beginner,en,facts_yaml,facts
qna,general_knowledge,geography,human_geography,What is the demographic transition model?,"The demographic transition model describes how a country's population changes as it develops, moving from high birth and death rates, through a stage of falling death rates and rapid growth, to low birth and death rates with stable or declining population.",advanced,en,facts_yaml,facts
qna,general_knowledge,geography,human_geography,Which country has the largest population?,"India became the world's most populous country in 2023, overtaking China. Each has more than 1.4 billion people.",beginner,en,facts_yaml,facts
qna,general_knowledge,geography,physical_geography,Which is the longest river in the world?,"The Nile, at about 6,650 kilometers, is traditionally considered the longest river in the world. Some measurements suggest the Amazon may be slightly longer, depending on where its source is defined.",intermediate,en,facts_yaml,facts
qna,general_knowledge,geography,physical_geography,What is the highest waterfall in the world?,"Angel Falls in Venezuela is the world's highest uninterrupted waterfall, with a drop of about 979 meters.",beginner,en,facts_yaml,facts
qna,general_knowledge,geography,physical_geography,What is the lowest point on land?,"The shore of the Dead Sea, on the border of Jordan, Israel, and the West Bank, is the lowest point on land, more than 430 meters below sea level.",beginner,en,facts_yaml,facts
qna,general_knowledge,geography,physical_geography,What is the Great Barrier Reef?,"The Great Barrier Reef, off the coast of Queensland, Australia, is the world's largest coral reef system, stretching over 2,300 kilometers. It is home to thousands of species and is a UNESCO World Heritage Site.",beginner,en,facts_yaml,facts
qna,general_knowledge,geography,physical_geography,Why is the Amazon rainforest important?,"The Amazon is the world's largest tropical rainforest and holds a huge share of Earth's species. It stores vast amounts of carbon, influences rainfall across South America, and releases large amounts of water vapor into the atmosphere.",intermediate,en,facts_yaml,facts
qna,general_knowledge,geography,physical_geography,What is Mount Kilimanjaro?,"Mount Kilimanjaro in Tanzania is the highest mountain in Africa, rising about 5,895 meters. It is a dormant volcano with snow near its summit despite being close to the Equator.",beginner,en,facts_yaml,facts
qna,general_knowledge,geography,physical_geography,What is the second-highest mountain in the world?,"K2, on the border between Pakistan and China in the Karakoram range, is the second-highest mountain at about 8,611 meters. It is considered much more difficult and dangerous to climb than Everest.",beginner,en,facts_yaml,facts
qna,general_knowledge,geography,physical_geography,What is the Strait of Malacca?,"The Strait of Malacca is a narrow waterway between the Malay Peninsula and the Indonesian island of Sumatra. It is one of the busiest shipping lanes in the world, linking the Indian and Pacific Oceans.",intermediate,en,facts_yaml,facts
qna,general_knowledge,geography,physical_geography,What does the Bosphorus separate?,The Bosphorus is a narrow strait in Turkey that connects the Black Sea to the Sea of Marmara. It divides the city of Istanbul and marks part of the boundary between Europe and Asia.,intermediate,en,facts_yaml,facts
qna,general_knowledge,geography,political_geography,What is a landlocked country?,"A landlocked country has no coastline on an ocean or sea connected to one. Examples include Switzerland, Nepal, and Bolivia.",beginner,en,facts_yaml,facts
qna,general_knowledge,geography,political_geography,What is the largest landlocked country?,"Kazakhstan is the world's largest landlocked country by area, covering about 2.7 million square kilometers.",intermediate,en,facts_yaml,facts
qna,general_knowledge,geography,political_geography,What is an enclave?,"An enclave is a territory entirely surrounded by another country. Lesotho is completely surrounded by South Africa, and Vatican City and San Marino are surrounded by Italy.",intermediate,en,facts_yaml,facts
qna,general_knowledge,geography,landforms,What is a peninsula?,A peninsula is a piece of land surrounded by water on three sides but connected to a larger landmass. Italy and the Arabian Peninsula are examples.,beginner,en,facts_yaml,facts
qna,general_knowledge,geography,landforms,What is an isthmus?,An isthmus is a narrow strip of land connecting two larger land areas and separating two bodies of water. The Isthmus of Panama connects North and South America.,intermediate,en,facts_yaml,facts
qna,general_knowledge,geography,biomes,What is tundra?,"Tundra is a cold, treeless biome found in Arctic regions and on high mountains. It has a short growing season, permanently frozen subsoil, and vegetation of mosses, lichens, grasses, and small shrubs.",beginner,en,facts_yaml,facts
qna,general_knowledge,geography,biomes,What is a savanna?,"A savanna is a tropical grassland with scattered trees, found in places such as East Africa. It has a long dry season and a wet season, and it supports large herds of grazing animals.",beginner,en,facts_yaml,facts
qna,general_knowledge,geography,biomes,What is taiga?,"Taiga, or boreal forest, is the largest land biome, stretching across northern North America, Europe, and Asia. It consists mainly of coniferous trees such as spruce, pine, and fir, and has long, cold winters.",intermediate,en,facts_yaml,facts
qna,general_knowledge,geography,biomes,What is a steppe?,"A steppe is a large area of flat, treeless grassland with a semi-arid climate, such as those in Central Asia and Ukraine. It receives too little rainfall to support forests.",intermediate,en,facts_yaml,facts
qna,general_knowledge,geography,climate_regions,What is a Mediterranean climate?,"A Mediterranean climate has hot, dry summers and mild, wet winters. It occurs around the Mediterranean Sea and in places such as California, central Chile, South Africa's Western Cape, and southwestern Australia.",intermediate,en,facts_yaml,facts
qna,general_knowledge,geography,physical_geography,What separates Europe from Asia?,"The conventional boundary between Europe and Asia runs along the Ural Mountains and Ural River, the Caspian Sea, the Caucasus region, and the Black Sea and its straits.",intermediate,en,facts_yaml,facts
qna,general_knowledge,geography,political_geography,What is a transcontinental country?,"A transcontinental country has territory on more than one continent. Russia and Turkey span Europe and Asia, and Egypt extends into Asia through the Sinai Peninsula.",intermediate,en,facts_yaml,facts
qna,general_knowledge,geography,physical_geography,What are the seven continents?,"The seven continents, from largest to smallest, are Asia, Africa, North America, South America, Antarctica, Europe, and Australia (Oceania).",beginner,en,facts_yaml,facts
qna,general_knowledge,geography,physical_geography,What are the five oceans?,"The five oceans, from largest to smallest, are the Pacific, Atlantic, Indian, Southern (Antarctic), and Arctic Oceans.",beginner,en,facts_yaml,facts
qna,general_knowledge,geography,physical_geography,What are the Great Lakes of North America?,"The Great Lakes are Superior, Michigan, Huron, Erie, and Ontario. Together they form the largest group of freshwater lakes on Earth by area, and most are shared by the United States and Canada.",intermediate,en,facts_yaml,facts
qna,general_knowledge,geography,physical_geography,What is the longest river in Asia?,"The Yangtze River in China is the longest river in Asia, flowing about 6,300 kilometers from the Tibetan Plateau to the East China Sea.",beginner,en,facts_yaml,facts
qna,general_knowledge,geography,physical_geography,Which river flows through the most countries?,"The Danube flows through or along the borders of ten countries, more than any other river, passing capitals including Vienna, Bratislava, Budapest, and Belgrade before reaching the Black Sea.",intermediate,en,facts_yaml,facts
qna,general_knowledge,geography,physical_geography,Why is the Ganges River important in India?,"The Ganges is sacred in Hinduism and is used for ritual bathing and ceremonies. Its fertile plain supports hundreds of millions of people through agriculture, and it provides water for drinking, irrigation, and industry.",beginner,en,facts_yaml,facts
qna,general_knowledge,geography,physical_geography,Which countries does the Mekong River flow through?,"The Mekong flows from the Tibetan Plateau through China, Myanmar, Laos, Thailand, Cambodia, and Vietnam, where it forms a large delta before entering the South China Sea.",intermediate,en,facts_yaml,facts
qna,general_knowledge,geography,physical_geography,What makes Antarctica unique among the continents?,"Antarctica is the coldest, windiest, and driest continent and has the highest average elevation. About 98% of it is covered by ice, and it has no permanent human population.",intermediate,en,facts_yaml,facts
qna,general_knowledge,geography,physical_geography,What is the driest non-polar desert in the world?,"The Atacama Desert in Chile is the driest non-polar desert, with some weather stations having recorded almost no rainfall for years.",intermediate,en,facts_yaml,facts
qna,general_knowledge,geography,physical_geography,Where has the highest air temperature on Earth been recorded?,"The highest officially recognized air temperature, 56.7 °C (134 °F), was recorded at Furnace Creek in Death Valley, California, in 1913.",intermediate,en,facts_yaml,facts
qna,general_knowledge,geography,physical_geography,What is the Gobi Desert?,The Gobi is a large cold desert covering parts of northern China and southern Mongolia. It is known for extreme temperature swings and important dinosaur fossil finds.,beginner,en,facts_yaml,facts
qna,general_knowledge,civics,government,What is the separation of powers?,"The separation of powers divides government into three branches: the legislature, which makes laws; the executive, which carries them out; and the judiciary, which interprets them. This prevents any one branch from holding too much power.",beginner,en,facts_yaml,facts
qna,general_knowledge,civics,government,What are checks and balances?,"Checks and balances are mechanisms that let each branch of government limit the powers of the others. For example, a president may veto a bill, the legislature can override the veto, and courts can strike down unconstitutional laws.",intermediate,en,facts_yaml,facts
qna,general_knowledge,civics,government,What is the rule of law?,"The rule of law is the principle that everyone, including government officials, is subject to the same laws, which are publicly known, fairly applied, and enforced by independent courts.",beginner,en,facts_yaml,facts
qna,general_knowledge,civics,democracy,What is the difference between direct and representative democracy?,"In a direct democracy, citizens vote on laws and policies themselves. In a representative democracy, citizens elect officials who make laws and decisions on their behalf.",beginner,en,facts_yaml,facts
qna,general_knowledge,civics,government,What is the purpose of a constitution?,"A constitution sets out the fundamental rules of a state: how the government is organized, how power is divided and limited, and what rights citizens have. It is usually the supreme law, overriding ordinary laws.",beginner,en,facts_yaml,facts
qna,general_knowledge,civics,government,What is the difference between a federal and a unitary system of government?,"In a federal system, such as the United States or India, power is constitutionally divided between a national government and regional governments like states. In a unitary system, such as France or Japan, the central government holds supreme authority and regional bodies have only delegated powers.",intermediate,en,facts_yaml,facts
qna,general_knowledge,civics,government,What is the difference between a parliamentary and a presidential system?,"In a parliamentary system, the head of government, usually a prime minister, comes from and is accountable to the legislature. In a presidential system, the president is elected separately, heads the executive, and cannot normally be removed by a simple legislative vote.",intermediate,en,facts_yaml,facts
qna,general_knowledge,civics,government,What is a bicameral legislature?,"A bicameral legislature has two separate chambers, or houses, such as the US Senate and House of Representatives or the UK's House of Lords and House of Commons.",beginner,en,facts_yaml,facts
qna,general_knowledge,civics,judiciary,What is judicial review?,Judicial review is the power of courts to examine laws and government actions and declare them invalid if they violate the constitution.,intermediate,en,facts_yaml,facts
qna,general_knowledge,civics,rights,What is the Universal Declaration of Human Rights?,"The Universal Declaration of Human Rights is a document adopted by the United Nations General Assembly in 1948. It sets out fundamental rights and freedoms, such as the rights to life, liberty, equality, and freedom of expression, to which all people are entitled.",intermediate,en,facts_yaml,facts
qna,general_knowledge,civics,democracy,What is universal suffrage?,"Universal suffrage is the right of all adult citizens to vote in elections, regardless of wealth, gender, race, or other status.",beginner,en,facts_yaml,facts
qna,general_knowledge,civics,democracy,What is a referendum?,"A referendum is a direct vote in which the whole electorate is asked to accept or reject a specific proposal, such as a constitutional change or a major policy.",beginner,en,facts_yaml,facts
qna,general_knowledge,civics,democracy,What is the role of a political party?,A political party is an organization of people with similar political aims that seeks to win elections and gain power so that it can put its policies into effect.,beginner,en,facts_yaml,facts
qna,general_knowledge,civics,democracy,What is the role of the opposition in a parliamentary democracy?,"The opposition consists of parties not in government. It scrutinizes and criticizes the government's policies, proposes alternatives, and holds ministers accountable, offering voters a choice at the next election.",intermediate,en,facts_yaml,facts
qna,general_knowledge,civics,judiciary,Why is an independent judiciary important?,"An independent judiciary can decide cases fairly according to the law without pressure from the government, politicians, or other powerful interests. This protects citizens' rights and upholds the rule of law.",intermediate,en,facts_yaml,facts
qna,general_knowledge,civics,judiciary,What is due process?,"Due process is the legal principle that the government must respect all of a person's legal rights and follow fair procedures, such as notice and a fair hearing, before depriving them of life, liberty, or property.",intermediate,en,facts_yaml,facts
qna,general_knowledge,civics,judiciary,What does the presumption of innocence mean?,"The presumption of innocence means that a person accused of a crime is considered innocent until proven guilty. The prosecution must prove guilt, usually beyond a reasonable doubt.",beginner,en,facts_yaml,facts
qna,general_knowledge,civics,judiciary,What is a jury trial?,"A jury trial is a trial in which a group of ordinary citizens, the jury, hears the evidence and decides the facts of the case, such as whether the accused is guilty.",beginner,en,facts_yaml,facts
qna,general_knowledge,civics,law,What is the difference between civil law and criminal law?,"Criminal law deals with offenses against society, such as theft or assault, prosecuted by the state and punishable by fines or imprisonment. Civil law deals with disputes between individuals or organizations, such as contracts or property, usually resolved by compensation.",beginner,en,facts_yaml,facts
qna,general_knowledge,civics,rights,Are there limits to freedom of speech?,"Yes. Even in countries with strong free-speech protections, laws typically restrict speech such as defamation, direct incitement to violence, fraud, and true threats. The exact limits vary from country to country.",intermediate,en,facts_yaml,facts
qna,general_knowledge,civics,government,What is the separation of church and state?,"The separation of church and state is the principle that government and religious institutions should be kept apart, so the state neither establishes an official religion nor interferes with religious practice.",intermediate,en,facts_yaml,facts
qna,general_knowledge,civics,government,What is the difference between an absolute monarchy and a constitutional monarchy?,"In an absolute monarchy, the monarch holds nearly unlimited power. In a constitutional monarchy, such as the United Kingdom or Japan, the monarch's powers are limited by a constitution and real political power lies with elected officials.",beginner,en,facts_yaml,facts
qna,general_knowledge,civics,government,What is authoritarianism?,"Authoritarianism is a form of government in which power is concentrated in a single leader or small group that is not accountable to the people. It limits political freedoms, opposition, and free elections.",beginner,en,facts_yaml,facts
qna,general_knowledge,civics,international,Which countries are the permanent members of the UN Security Council?,"The five permanent members of the UN Security Council are China, France, Russia, the United Kingdom, and the United States. Each can veto substantive resolutions.",intermediate,en,facts_yaml,facts
qna,general_knowledge,civics,international,What is the International Court of Justice?,"The International Court of Justice, in The Hague, is the main judicial body of the United Nations. It settles legal disputes between states and gives advisory opinions on international law.",intermediate,en,facts_yaml,facts
qna,general_knowledge,civics,international,What are the Geneva Conventions?,"The Geneva Conventions are international treaties that set rules for humane treatment in war, protecting wounded soldiers, prisoners of war, and civilians.",intermediate,en,facts_yaml,facts
qna,general_knowledge,civics,international,What is state sovereignty?,"State sovereignty is the principle that a state has supreme authority over its own territory and affairs, free from outside interference.",beginner,en,facts_yaml,facts
qna,general_knowledge,civics,international,What does an embassy do?,"An embassy is a country's official diplomatic mission in another country's capital, led by an ambassador. It represents its government, conducts diplomacy, and helps its citizens abroad.",beginner,en,facts_yaml,facts
qna,general_knowledge,civics,government,What is a census?,"A census is an official count of a country's population, usually carried out every ten years, collecting information such as age, household, and occupation. Governments use it to plan services and allocate resources and political representation.",beginner,en,facts_yaml,facts
qna,general_knowledge,civics,elections,What is the difference between first-past-the-post and proportional representation?,"In first-past-the-post, the candidate with the most votes in each district wins, even without a majority. In proportional representation, parties win seats in proportion to their share of the total vote.",intermediate,en,facts_yaml,facts
qna,general_knowledge,civics,government,What is impeachment?,"Impeachment is a formal process by which a legislature brings charges against a high official, such as a president, for serious misconduct. It can lead to a trial and removal from office.",intermediate,en,facts_yaml,facts
qna,general_knowledge,civics,government,What is a coalition government?,"A coalition government is formed when two or more parties agree to govern together, usually because no single party has won a majority of seats in the legislature.",intermediate,en,facts_yaml,facts
qna,general_knowledge,civics,government,What is the difference between a head of state and a head of government?,"A head of state is the symbolic representative of a country, such as a monarch or ceremonial president. A head of government, such as a prime minister, runs the government's day-to-day business; in some countries, like the United States, one person holds both roles.",beginner,en,facts_yaml,facts
qna,general_knowledge,civics,government,What is an ombudsman?,An ombudsman is an independent official appointed to investigate complaints from citizens about government agencies or other organizations and to recommend remedies.,intermediate,en,facts_yaml,facts
qna,general_knowledge,economics,microeconomics,Why does the demand curve usually slope downward?,"The law of demand states that, other things equal, people buy more of a good when its price falls and less when it rises. Lower prices make the good more affordable and more attractive compared with alternatives.",beginner,en,facts_yaml,facts
qna,general_knowledge,economics,microeconomics,What does the law of supply state?,"The law of supply states that, other things equal, producers are willing to supply more of a good as its price rises, because higher prices make production more profitable.",beginner,en,facts_yaml,facts
qna,general_knowledge,economics,microeconomics,What factors can shift a demand curve?,"A demand curve shifts when something other than the good's own price changes, such as consumer income, tastes, the prices of related goods, expectations about future prices, or the number of buyers.",intermediate,en,facts_yaml,facts
qna,general_knowledge,economics,microeconomics,What is the difference between substitute and complementary goods?,"Substitutes can replace each other, like tea and coffee, so a price rise in one increases demand for the other. Complements are used together, like cars and gasoline, so a price rise in one reduces demand for the other.",intermediate,en,facts_yaml,facts
qna,general_knowledge,economics,microeconomics,What is the difference between normal goods and inferior goods?,"Demand for a normal good rises when consumers' incomes rise. Demand for an inferior good, such as cheap instant noodles, falls when incomes rise because people switch to preferred alternatives.",intermediate,en,facts_yaml,facts
qna,general_knowledge,economics,microeconomics,What happens when a government sets a price ceiling below the market price?,"A price ceiling below the equilibrium price, such as strict rent control, causes a shortage because demand exceeds supply at the lower price. It can also lead to waiting lists, black markets, and reduced quality.",intermediate,en,facts_yaml,facts
qna,general_knowledge,economics,microeconomics,What is a price floor?,"A price floor is a legal minimum price set above the equilibrium price, such as a minimum wage. It can cause a surplus, because the quantity supplied exceeds the quantity demanded at that price.",intermediate,en,facts_yaml,facts
qna,general_knowledge,economics,microeconomics,What is the difference between a shortage and a surplus?,"A shortage occurs when the quantity demanded exceeds the quantity supplied at the current price, usually because the price is too low. A surplus occurs when the quantity supplied exceeds the quantity demanded, usually because the price is too high.",beginner,en,facts_yaml,facts
qna,general_knowledge,economics,microeconomics,What is diminishing marginal utility?,Diminishing marginal utility is the idea that each additional unit of a good provides less extra satisfaction than the one before. The first slice of pizza is usually more satisfying than the fifth.,intermediate,en,facts_yaml,facts
qna,general_knowledge,economics,microeconomics,What is the law of diminishing returns?,"The law of diminishing returns states that adding more of one input, such as workers, while keeping other inputs fixed, eventually produces smaller and smaller increases in output.",intermediate,en,facts_yaml,facts
qna,general_knowledge,economics,microeconomics,What are economies of scale?,"Economies of scale are cost advantages that firms gain as they increase production, because fixed costs are spread over more units and larger operations can buy in bulk and specialize. The average cost per unit falls.",intermediate,en,facts_yaml,facts
qna,general_knowledge,economics,microeconomics,What is marginal cost?,Marginal cost is the additional cost of producing one more unit of a good. Firms maximize profit by producing up to the point where marginal cost equals marginal revenue.,intermediate,en,facts_yaml,facts
qna,general_knowledge,economics,microeconomics,What is a sunk cost?,"A sunk cost is money or effort that has already been spent and cannot be recovered. Rational decisions should ignore sunk costs, since they are the same whatever choice is made.",intermediate,en,facts_yaml,facts
qna,general_knowledge,economics,fundamentals,What is the difference between microeconomics and macroeconomics?,"Microeconomics studies the decisions of individual consumers, firms, and markets. Macroeconomics studies the economy as a whole, including national output, inflation, unemployment, and growth.",beginner,en,facts_yaml,facts
qna,general_knowledge,economics,market_structures,What is monopolistic competition?,"Monopolistic competition is a market structure with many firms selling similar but differentiated products, such as restaurants or clothing brands. Each firm has some control over its price, and entry and exit are relatively easy.",intermediate,en,facts_yaml,facts
qna,general_knowledge,economics,market_structures,What is a cartel?,"A cartel is a group of independent producers that agree to coordinate prices or limit output to increase their profits. OPEC is a well-known example; in most countries, business cartels are illegal.",intermediate,en,facts_yaml,facts
qna,general_knowledge,economics,market_structures,What are barriers to entry?,"Barriers to entry are obstacles that make it hard for new firms to enter a market, such as high start-up costs, patents, government licenses, or strong brand loyalty to existing firms.",intermediate,en,facts_yaml,facts
qna,general_knowledge,economics,market_failure,What is market failure?,"Market failure occurs when a free market allocates resources inefficiently. Causes include externalities such as pollution, public goods, monopoly power, and missing information.",intermediate,en,facts_yaml,facts
qna,general_knowledge,economics,market_failure,What is the free-rider problem?,"The free-rider problem arises when people can benefit from a good or service without paying for it, as with street lighting or national defense. Because many choose not to pay, such goods tend to be underprovided by markets.",intermediate,en,facts_yaml,facts
qna,general_knowledge,economics,market_failure,What is moral hazard?,"Moral hazard occurs when someone takes greater risks because they are protected from the consequences, for example, a driver who becomes less careful after buying full insurance.",advanced,en,facts_yaml,facts
qna,general_knowledge,economics,market_failure,What is adverse selection?,"Adverse selection occurs when one side of a transaction has more information than the other, leading to undesirable outcomes. For example, people with higher health risks are more likely to buy health insurance, which can raise premiums for everyone.",advanced,en,facts_yaml,facts
qna,general_knowledge,economics,inequality,What does the Gini coefficient measure?,"The Gini coefficient measures income or wealth inequality within a population on a scale from 0, meaning perfect equality, to 1, meaning one person has everything.",advanced,en,facts_yaml,facts
qna,general_knowledge,economics,taxation,What is the difference between a progressive and a regressive tax?,"A progressive tax takes a larger percentage of income from people with higher incomes, as with most income taxes. A regressive tax takes a larger percentage from people with lower incomes, as sales taxes on necessities often do.",intermediate,en,facts_yaml,facts
qna,general_knowledge,economics,macroeconomics,What is hyperinflation?,"Hyperinflation is extremely rapid inflation, often defined as prices rising more than 50% per month. It usually results from governments printing money excessively and can destroy savings, as in Germany in 1923 and Zimbabwe in the late 2000s.",intermediate,en,facts_yaml,facts
qna,general_knowledge,economics,macroeconomics,What is stagflation?,"Stagflation is a combination of high inflation, high unemployment, and stagnant economic growth. It is hard to fix because measures that reduce inflation can worsen unemployment, as seen in the 1970s.",advanced,en,facts_yaml,facts
qna,general_knowledge,economics,macroeconomics,What is the Consumer Price Index (CPI)?,The Consumer Price Index measures the average change over time in the prices paid by consumers for a fixed basket of goods and services. It is the most common measure of inflation.,intermediate,en,facts_yaml,facts
qna,general_knowledge,economics,monetary,How does raising interest rates help a central bank control inflation?,"Higher interest rates make borrowing more expensive and saving more attractive, so households and businesses spend and invest less. The fall in demand eases upward pressure on prices.",intermediate,en,facts_yaml,facts
qna,general_knowledge,economics,monetary,What is quantitative easing?,"Quantitative easing is a monetary policy in which a central bank creates money to buy large amounts of financial assets, such as government bonds. It aims to lower long-term interest rates and stimulate the economy when normal rate cuts are not enough.",advanced,en,facts_yaml,facts
qna,general_knowledge,economics,monetary,What is fractional-reserve banking?,"In fractional-reserve banking, banks keep only a fraction of their deposits as reserves and lend out the rest. Because loans are redeposited and lent again, this process expands the total money supply.",advanced,en,facts_yaml,facts
qna,general_knowledge,economics,money,What are the main functions of money?,"Money serves as a medium of exchange for buying and selling, a unit of account for measuring value, and a store of value for saving purchasing power over time.",beginner,en,facts_yaml,facts
qna,general_knowledge,economics,money,What is barter?,"Barter is the direct exchange of goods or services without using money. It requires a double coincidence of wants, meaning each party must want what the other has.",beginner,en,facts_yaml,facts
qna,general_knowledge,economics,money,What is fiat money?,Fiat money is currency that a government has declared to be legal tender but that is not backed by a physical commodity such as gold. Its value comes from trust in the issuing government and from its acceptance in trade.,intermediate,en,facts_yaml,facts
qna,general_knowledge,economics,money,What was the gold standard?,"The gold standard was a monetary system in which a country's currency could be exchanged for a fixed amount of gold. Most countries abandoned it during the 20th century, and the US ended the convertibility of the dollar to gold in 1971.",intermediate,en,facts_yaml,facts
qna,general_knowledge,economics,macroeconomics,What does the Phillips curve describe?,The Phillips curve describes an observed inverse relationship between unemployment and inflation in the short run: lower unemployment tends to come with higher inflation. The relationship is less stable over the long run.,advanced,en,facts_yaml,facts
qna,general_knowledge,economics,labor,What are the main types of unemployment?,"The main types are frictional unemployment (people between jobs), structural unemployment (a mismatch between workers' skills and available jobs), and cyclical unemployment (caused by economic downturns).",intermediate,en,facts_yaml,facts
qna,general_knowledge,economics,macroeconomics,What is the difference between GDP and GNP?,"GDP measures the value of all goods and services produced within a country's borders. GNP measures the value produced by a country's residents and businesses, wherever in the world the production takes place.",advanced,en,facts_yaml,facts
qna,general_knowledge,economics,international_trade,What is purchasing power parity?,Purchasing power parity compares currencies by how much the same basket of goods costs in each country. It gives a more realistic comparison of living standards than market exchange rates.,advanced,en,facts_yaml,facts
qna,general_knowledge,economics,international_trade,What is a tariff?,"A tariff is a tax on imported goods. It raises the price of imports, which can protect domestic producers but also increases costs for consumers and can provoke retaliation.",intermediate,en,facts_yaml,facts
qna,general_knowledge,economics,international_trade,What is protectionism?,"Protectionism is a government policy of restricting imports through tariffs, quotas, or subsidies to domestic industries, in order to protect local businesses and jobs from foreign competition.",intermediate,en,facts_yaml,facts
qna,general_knowledge,economics,international_trade,What does the World Trade Organization do?,"The World Trade Organization sets and enforces rules for international trade between its member countries, negotiates trade agreements, and settles trade disputes. It was established in 1995.",intermediate,en,facts_yaml,facts
qna,general_knowledge,economics,international,What is the difference between the IMF and the World Bank?,"The International Monetary Fund promotes global monetary stability and lends to countries facing balance-of-payments crises. The World Bank provides loans and grants for long-term development projects, such as infrastructure and poverty reduction.",intermediate,en,facts_yaml,facts
qna,general_knowledge,economics,systems,What is a mixed economy?,A mixed economy combines private enterprise and free markets with government intervention and public services. Most modern economies are mixed.,beginner,en,facts_yaml,facts
qna,general_knowledge,economics,systems,What is the difference between a market economy and a command economy?,"In a market economy, prices and production are determined mainly by supply and demand through private businesses. In a command economy, the government decides what is produced, how, and at what price, as in the former Soviet Union.",intermediate,en,facts_yaml,facts
qna,general_knowledge,economics,systems,What is the difference between capitalism and socialism?,"Under capitalism, the means of production are mostly privately owned and operated for profit in markets. Under socialism, the means of production are owned or controlled collectively or by the state, with the aim of distributing wealth more equally.",beginner,en,facts_yaml,facts
qna,general_knowledge,economics,schools_of_thought,What did Adam Smith mean by the invisible hand?,"Adam Smith used the ""invisible hand"" to describe how individuals pursuing their own self-interest in a free market can unintentionally promote the good of society, as competition leads to efficient production and pricing.",intermediate,en,facts_yaml,facts
qna,general_knowledge,economics,schools_of_thought,What is Keynesian economics?,"Keynesian economics, based on the ideas of John Maynard Keynes, holds that total spending in the economy drives output and employment. It argues that governments should increase spending or cut taxes during recessions to boost demand.",advanced,en,facts_yaml,facts
qna,general_knowledge,economics,macroeconomics,What is the multiplier effect?,"The multiplier effect is the process by which an initial increase in spending leads to a larger increase in national income, because one person's spending becomes another's income, which is partly spent again.",advanced,en,facts_yaml,facts
qna,general_knowledge,economics,fiscal,What is the difference between a budget deficit and the national debt?,"A budget deficit is the shortfall in a single year when government spending exceeds revenue. The national debt is the total amount the government owes, accumulated from past deficits minus surpluses.",intermediate,en,facts_yaml,facts
qna,general_knowledge,economics,fiscal,What is austerity?,"Austerity refers to government policies that reduce budget deficits through spending cuts, tax increases, or both. Supporters see it as restoring fiscal discipline, while critics argue it can deepen recessions.",intermediate,en,facts_yaml,facts
qna,general_knowledge,finance,personal_finance,What is the difference between simple interest and compound interest?,"Simple interest is calculated only on the original principal. Compound interest is calculated on the principal plus the interest already earned, so the balance grows faster over time.",beginner,en,facts_yaml,facts
qna,general_knowledge,finance,personal_finance,What is the rule of 72?,"The rule of 72 estimates how long an investment will take to double: divide 72 by the annual interest rate. At 8% a year, money roughly doubles in 72 ÷ 8 = 9 years.",intermediate,en,facts_yaml,facts
qna,general_knowledge,finance,personal_finance,What is the difference between APR and APY?,"APR (annual percentage rate) is the yearly interest rate without accounting for compounding. APY (annual percentage yield) includes the effect of compounding, so it shows the actual yearly return or cost.",intermediate,en,facts_yaml,facts
qna,general_knowledge,finance,personal_finance,What is a personal budget?,"A personal budget is a plan that tracks expected income and allocates it to spending, saving, and debt repayment. It helps people control spending and reach financial goals.",beginner,en,facts_yaml,facts
qna,general_knowledge,finance,personal_finance,What is an emergency fund?,"An emergency fund is money set aside to cover unexpected expenses, such as medical bills or job loss. It is often recommended to hold several months of living expenses in an easily accessible account.",beginner,en,facts_yaml,facts
qna,general_knowledge,finance,personal_finance,What is a credit score?,A credit score is a number that summarizes a person's creditworthiness based on their borrowing and repayment history. Lenders use it to decide whether to lend and at what interest rate.,intermediate,en,facts_yaml,facts
qna,general_knowledge,finance,investing,What is diversification in investing?,"Diversification is spreading investments across different assets, industries, or regions to reduce risk. If one investment performs poorly, others may perform well and offset the loss.",beginner,en,facts_yaml,facts
qna,general_knowledge,finance,investing,Why are stocks generally riskier than bonds?,"Stockholders own part of a company and share in its profits and losses, so stock prices can swing widely. Bondholders are lenders who receive fixed interest payments and are repaid before stockholders if a company fails.",intermediate,en,facts_yaml,facts
qna,general_knowledge,finance,investing,What is an index fund?,"An index fund is an investment fund that aims to match the performance of a market index, such as the S&P 500, by holding the same securities. It offers broad diversification and usually low fees.",intermediate,en,facts_yaml,facts
qna,general_knowledge,finance,investing,What is a mutual fund?,"A mutual fund pools money from many investors to buy a diversified portfolio of stocks, bonds, or other assets, managed by professional fund managers.",beginner,en,facts_yaml,facts
qna,general_knowledge,finance,investing,What is an ETF?,An exchange-traded fund is a pooled investment fund that trades on a stock exchange like a single share. Most ETFs track an index and have low costs.,intermediate,en,facts_yaml,facts
qna,general_knowledge,finance,investing,What is the risk-return tradeoff?,The risk-return tradeoff is the principle that investments with higher potential returns generally carry higher risk. Investors must balance the returns they want against the losses they can tolerate.,beginner,en,facts_yaml,facts
qna,general_knowledge,finance,markets,What is the difference between a bull market and a bear market?,"A bull market is a period of rising stock prices and investor optimism. A bear market is a period of falling prices, often defined as a decline of 20% or more from a recent peak.",beginner,en,facts_yaml,facts
qna,general_knowledge,finance,markets,What is market capitalization?,"Market capitalization is the total market value of a company's shares, calculated by multiplying the share price by the number of shares outstanding.",intermediate,en,facts_yaml,facts
qna,general_knowledge,finance,markets,What is the price-to-earnings ratio?,The price-to-earnings (P/E) ratio is a company's share price divided by its earnings per share. It indicates how much investors are paying for each unit of profit and is used to compare valuations.,intermediate,en,facts_yaml,facts
qna,general_knowledge,finance,markets,What is an IPO?,"An initial public offering is the first time a private company sells its shares to the public on a stock exchange, raising capital and becoming a publicly traded company.",beginner,en,facts_yaml,facts
qna,general_knowledge,finance,personal_finance,How does inflation affect savings?,"Inflation reduces the purchasing power of money over time. If savings earn an interest rate below the inflation rate, their real value falls even though the nominal amount grows.",beginner,en,facts_yaml,facts
qna,general_knowledge,finance,investing,What is the time value of money?,"The time value of money is the principle that money available now is worth more than the same amount in the future, because it can be invested to earn a return.",intermediate,en,facts_yaml,facts
qna,general_knowledge,finance,investing,What is present value?,"Present value is the current worth of a future sum of money, calculated by discounting it at an appropriate interest rate. It helps compare cash flows occurring at different times.",advanced,en,facts_yaml,facts
qna,general_knowledge,finance,loans,What is a mortgage?,"A mortgage is a loan used to buy property, in which the property itself serves as collateral. If the borrower fails to repay, the lender can take the property.",beginner,en,facts_yaml,facts
qna,general_knowledge,finance,loans,What is loan amortization?,"Amortization is paying off a loan through regular fixed payments over time, each covering interest and part of the principal. Early payments are mostly interest, while later payments are mostly principal.",intermediate,en,facts_yaml,facts
qna,general_knowledge,finance,loans,What is the difference between a secured and an unsecured loan?,"A secured loan is backed by collateral, such as a house or car, which the lender can take if the loan is not repaid. An unsecured loan, such as most credit cards, has no collateral and usually carries a higher interest rate.",beginner,en,facts_yaml,facts
qna,general_knowledge,finance,loans,What is bankruptcy?,"Bankruptcy is a legal process for individuals or businesses that cannot repay their debts. A court oversees the sale of assets or a repayment plan, and some debts may be discharged.",intermediate,en,facts_yaml,facts
qna,general_knowledge,finance,personal_finance,What is a pension?,"A pension is a retirement plan that provides regular income after a person stops working. It is funded by contributions from the employee, the employer, or the government during working years.",intermediate,en,facts_yaml,facts
qna,general_knowledge,finance,investing,What is an options contract?,"An options contract gives the buyer the right, but not the obligation, to buy (call) or sell (put) an asset at a set price before a certain date. Options are used for speculation and hedging.",advanced,en,facts_yaml,facts
qna,general_knowledge,finance,investing,What is short selling?,"Short selling is borrowing shares and selling them, hoping to buy them back later at a lower price and return them. The seller profits if the price falls but faces potentially unlimited losses if it rises.",advanced,en,facts_yaml,facts
qna,general_knowledge,finance,investing,Why do bond prices fall when interest rates rise?,"Existing bonds pay a fixed interest rate. When new bonds offer higher rates, older bonds become less attractive, so their market price falls until their effective yield matches current rates.",advanced,en,facts_yaml,facts
qna,general_knowledge,finance,markets,What is cryptocurrency?,"Cryptocurrency is a digital currency that uses cryptography to secure transactions and typically runs on a decentralized network rather than being issued by a central bank. Bitcoin, created in 2009, was the first.",intermediate,en,facts_yaml,facts
qna,general_knowledge,finance,technology,What is a blockchain?,"A blockchain is a shared digital ledger made of blocks of records linked by cryptographic hashes. Because each block depends on the previous one and copies are held by many computers, past records are very hard to alter.",intermediate,en,facts_yaml,facts
qna,general_knowledge,finance,investing,What is venture capital?,"Venture capital is financing provided by investors to startups and young companies with high growth potential, in exchange for an ownership stake. It is high-risk but can yield large returns.",intermediate,en,facts_yaml,facts
qna,general_knowledge,finance,investing,What is return on investment (ROI)?,"Return on investment measures the profitability of an investment, calculated as the gain from the investment minus its cost, divided by its cost, usually expressed as a percentage.",beginner,en,facts_yaml,facts
qna,general_knowledge,finance,personal_finance,What is net worth?,Net worth is the total value of everything a person or organization owns (assets) minus everything they owe (liabilities).,beginner,en,facts_yaml,facts
qna,general_knowledge,finance,investing,What is dollar-cost averaging?,"Dollar-cost averaging is investing a fixed amount of money at regular intervals regardless of price. It buys more shares when prices are low and fewer when high, reducing the impact of market timing.",intermediate,en,facts_yaml,facts
qna,general_knowledge,finance,markets,What do credit rating agencies do?,"Credit rating agencies, such as Standard & Poor's, Moody's, and Fitch, assess the creditworthiness of governments and companies that issue debt. Their ratings affect how much these borrowers pay in interest.",intermediate,en,facts_yaml,facts
qna,general_knowledge,business,strategy,What is a SWOT analysis?,A SWOT analysis is a planning tool that evaluates an organization's strengths and weaknesses (internal factors) and the opportunities and threats it faces (external factors).,beginner,en,facts_yaml,facts
qna,general_knowledge,business,strategy,What is a business plan?,"A business plan is a document that describes a business's goals, products, target market, competition, operations, and financial projections. It guides the business and is used to attract investors or lenders.",beginner,en,facts_yaml,facts
qna,general_knowledge,business,strategy,What is the difference between a mission statement and a vision statement?,A mission statement describes an organization's purpose and what it does now. A vision statement describes what the organization aspires to become in the future.,intermediate,en,facts_yaml,facts
qna,general_knowledge,business,marketing,What is a target market?,"A target market is the specific group of consumers a business aims to reach with its products and marketing, defined by characteristics such as age, income, location, or interests.",beginner,en,facts_yaml,facts
qna,general_knowledge,business,marketing,What is market segmentation?,"Market segmentation is dividing a broad market into smaller groups of consumers with similar needs or characteristics, so that products and marketing can be tailored to each group.",intermediate,en,facts_yaml,facts
qna,general_knowledge,business,marketing,What are the four Ps of marketing?,"The four Ps of marketing are product, price, place (distribution), and promotion. Together they form the marketing mix that a business uses to reach its target market.",beginner,en,facts_yaml,facts
qna,general_knowledge,business,marketing,What is a unique selling proposition?,A unique selling proposition is the specific benefit or feature that makes a product stand out from its competitors and gives customers a reason to choose it.,intermediate,en,facts_yaml,facts
qna,general_knowledge,business,strategy,What is competitive advantage?,"Competitive advantage is an attribute that allows a company to outperform its rivals, such as lower costs, a superior product, a strong brand, or exclusive technology.",intermediate,en,facts_yaml,facts
qna,general_knowledge,business,ownership,What is a franchise?,"A franchise is a business arrangement in which a franchisor licenses its brand, products, and business model to a franchisee, who runs a local outlet in exchange for fees and royalties. Many fast-food chains operate this way.",beginner,en,facts_yaml,facts
qna,general_knowledge,business,ownership,What is the difference between a merger and an acquisition?,"A merger is when two companies combine to form a single new company, usually by mutual agreement. An acquisition is when one company buys another and takes control of it.",intermediate,en,facts_yaml,facts
qna,general_knowledge,business,startups,What is a startup?,"A startup is a newly founded company, often in technology, that aims to develop an innovative product or service and grow rapidly.",beginner,en,facts_yaml,facts
qna,general_knowledge,business,startups,What is a minimum viable product?,A minimum viable product is the simplest version of a product that has just enough features to be used by early customers. It lets a company test demand and gather feedback before investing heavily.,intermediate,en,facts_yaml,facts
qna,general_knowledge,business,management,What are key performance indicators (KPIs)?,"Key performance indicators are measurable values that show how effectively an organization or person is achieving important objectives, such as monthly sales, customer retention, or delivery times.",intermediate,en,facts_yaml,facts
qna,general_knowledge,business,management,What is a stakeholder in business?,"A stakeholder is any person or group affected by or with an interest in a business's activities, including employees, customers, suppliers, shareholders, and the local community.",beginner,en,facts_yaml,facts
qna,general_knowledge,business,management,What is corporate social responsibility?,"Corporate social responsibility is a company's commitment to operating ethically and contributing positively to society and the environment, beyond simply making a profit.",intermediate,en,facts_yaml,facts
qna,general_knowledge,business,management,What does a human resources department do?,"A human resources department manages an organization's employees, including recruitment, training, pay and benefits, employee relations, and compliance with employment law.",beginner,en,facts_yaml,facts
qna,general_knowledge,business,management,What is the difference between a hierarchical and a flat organizational structure?,"A hierarchical structure has many layers of management with a clear chain of command. A flat structure has few management layers, giving employees more autonomy and faster communication.",intermediate,en,facts_yaml,facts
qna,general_knowledge,business,management,What are the roles of a CEO and a CFO?,"The chief executive officer (CEO) is the highest-ranking executive, responsible for overall strategy and major decisions. The chief financial officer (CFO) manages the company's finances, including planning, reporting, and risk.",beginner,en,facts_yaml,facts
qna,general_knowledge,business,management,What is the role of a board of directors?,"A board of directors is elected by shareholders to oversee a company's management, set major policies, appoint and supervise senior executives, and protect shareholders' interests.",intermediate,en,facts_yaml,facts
qna,general_knowledge,business,operations,What is outsourcing?,"Outsourcing is hiring an outside company to perform tasks or services that a business could do itself, such as customer support or manufacturing, often to reduce costs.",intermediate,en,facts_yaml,facts
qna,general_knowledge,business,operations,What is just-in-time inventory management?,"Just-in-time inventory management means receiving materials only as they are needed for production, rather than keeping large stocks. It reduces storage costs and waste but depends on reliable suppliers.",intermediate,en,facts_yaml,facts
qna,general_knowledge,business,operations,What is lean manufacturing?,"Lean manufacturing is a production approach, developed largely by Toyota, that focuses on eliminating waste, such as excess inventory, waiting, and defects, while continuously improving processes.",intermediate,en,facts_yaml,facts
qna,general_knowledge,business,operations,What is Six Sigma?,"Six Sigma is a data-driven quality-management method that aims to reduce defects and variation in processes, targeting no more than 3.4 defects per million opportunities.",advanced,en,facts_yaml,facts
qna,general_knowledge,business,marketing,What is market share?,Market share is the percentage of total sales in a market that is earned by a particular company or product.,beginner,en,facts_yaml,facts
qna,general_knowledge,business,marketing,What is penetration pricing?,"Penetration pricing is setting a low initial price for a new product to attract customers quickly and gain market share, with the plan of raising prices later.",intermediate,en,facts_yaml,facts
qna,general_knowledge,business,marketing,What is price skimming?,"Price skimming is setting a high initial price for a new product, often to early adopters, and lowering it over time as demand from those customers is satisfied and competition increases.",intermediate,en,facts_yaml,facts
qna,general_knowledge,business,marketing,What are the stages of the product life cycle?,"The product life cycle has four stages: introduction, growth, maturity, and decline. Sales, profits, and marketing strategies change at each stage.",intermediate,en,facts_yaml,facts
qna,general_knowledge,business,startups,What is crowdfunding?,"Crowdfunding is raising money for a project or business by collecting small contributions from a large number of people, usually through online platforms.",beginner,en,facts_yaml,facts
qna,general_knowledge,business,work,What is the gig economy?,"The gig economy is a labor market made up of short-term, flexible jobs and freelance work, often arranged through digital platforms such as ride-hailing and delivery apps.",beginner,en,facts_yaml,facts
qna,general_knowledge,business,law,"What is the difference between a patent, a trademark, and a copyright?","A patent protects an invention for a limited time. A trademark protects brand names, logos, and slogans that identify a business. A copyright protects original creative works, such as books, music, and software.",intermediate,en,facts_yaml,facts
qna,general_knowledge,business,law,What is a non-disclosure agreement?,A non-disclosure agreement is a legal contract in which parties agree not to share specified confidential information with others.,beginner,en,facts_yaml,facts
qna,general_knowledge,business,accounting,What is profit margin?,"Profit margin is the percentage of revenue that remains as profit after costs are deducted. For example, a company with 100,000 dollars in revenue and 20,000 dollars in net profit has a 20% net profit margin.",intermediate,en,facts_yaml,facts
qna,general_knowledge,business,accounting,What are overhead costs?,"Overhead costs are ongoing business expenses not directly tied to producing a specific product, such as rent, utilities, insurance, and administrative salaries.",beginner,en,facts_yaml,facts
qna,general_knowledge,business,accounting,What is the difference between cash and accrual accounting?,"Cash accounting records revenue and expenses when money is actually received or paid. Accrual accounting records them when they are earned or incurred, regardless of when cash changes hands.",intermediate,en,facts_yaml,facts
qna,general_knowledge,business,accounting,What is an audit?,An audit is an independent examination of an organization's financial records and statements to check that they are accurate and comply with laws and accounting standards.,intermediate,en,facts_yaml,facts
qna,general_knowledge,psychology,motivation,What is Maslow's hierarchy of needs?,"Maslow's hierarchy of needs is a theory of motivation arranged as a pyramid: physiological needs, safety, love and belonging, esteem, and self-actualization at the top. Maslow proposed that lower needs generally must be met before higher ones become motivating.",beginner,en,facts_yaml,facts
qna,general_knowledge,psychology,personality,What are the Big Five personality traits?,"The Big Five are openness to experience, conscientiousness, extraversion, agreeableness, and neuroticism. This model, often remembered as OCEAN, is the most widely used framework in personality research.",intermediate,en,facts_yaml,facts
qna,general_knowledge,psychology,development,What is the nature versus nurture debate?,The nature versus nurture debate concerns how much human traits and behavior are shaped by genetics (nature) versus environment and experience (nurture). Modern research shows that most traits result from an interaction of both.,beginner,en,facts_yaml,facts
qna,general_knowledge,psychology,development,What are Piaget's stages of cognitive development?,"Jean Piaget proposed four stages: sensorimotor (birth to about 2 years), preoperational (2 to 7), concrete operational (7 to 11), and formal operational (12 and up). Each stage involves new ways of thinking and understanding the world.",intermediate,en,facts_yaml,facts
qna,general_knowledge,psychology,development,What is object permanence?,"Object permanence is the understanding that objects continue to exist even when they cannot be seen, heard, or touched. According to Piaget, infants develop it during the first year or two of life.",beginner,en,facts_yaml,facts
qna,general_knowledge,psychology,development,What is attachment theory?,"Attachment theory, developed by John Bowlby and Mary Ainsworth, proposes that the early emotional bond between a child and caregiver shapes later relationships and emotional development. Secure attachment develops when caregivers respond consistently to a child's needs.",intermediate,en,facts_yaml,facts
qna,general_knowledge,psychology,development,What is Vygotsky's zone of proximal development?,The zone of proximal development is the gap between what a learner can do alone and what they can do with guidance from a more skilled person. Lev Vygotsky argued that learning happens best within this zone.,advanced,en,facts_yaml,facts
qna,general_knowledge,psychology,learning,What is the difference between negative reinforcement and punishment?,"Negative reinforcement increases a behavior by removing something unpleasant, such as a seatbelt alarm stopping once you buckle up. Punishment decreases a behavior by adding something unpleasant or removing something pleasant.",intermediate,en,facts_yaml,facts
qna,general_knowledge,psychology,motivation,What is the difference between intrinsic and extrinsic motivation?,"Intrinsic motivation comes from within, doing something because it is enjoyable or meaningful. Extrinsic motivation comes from outside rewards or pressures, such as money, grades, or praise.",beginner,en,facts_yaml,facts
qna,general_knowledge,psychology,cognitive_biases,What is the Dunning-Kruger effect?,"The Dunning-Kruger effect is a cognitive bias in which people with low ability in an area tend to overestimate their competence, partly because they lack the knowledge needed to recognize their mistakes.",intermediate,en,facts_yaml,facts
qna,general_knowledge,psychology,social_psychology,What is the bystander effect?,"The bystander effect is the tendency for people to be less likely to help a victim when other people are present. Responsibility feels shared among the group, so each person feels less obligated to act.",intermediate,en,facts_yaml,facts
qna,general_knowledge,psychology,social_psychology,What did Solomon Asch's conformity experiments show?,"In Asch's experiments in the 1950s, participants judged line lengths in groups where others deliberately gave wrong answers. Many participants conformed to the obviously incorrect group answer at least some of the time, showing the power of social pressure.",intermediate,en,facts_yaml,facts
qna,general_knowledge,psychology,social_psychology,What did Stanley Milgram's obedience experiments show?,"In Milgram's experiments in the 1960s, many participants obeyed an authority figure's instructions to give what they believed were increasingly dangerous electric shocks to another person. The studies showed how strongly people can obey authority even against their conscience.",intermediate,en,facts_yaml,facts
qna,general_knowledge,psychology,social_psychology,What is groupthink?,"Groupthink is a pattern in which a group's desire for harmony and agreement leads to poor decisions, because members suppress doubts and fail to consider alternatives critically.",intermediate,en,facts_yaml,facts
qna,general_knowledge,psychology,cognitive_biases,What is the fundamental attribution error?,"The fundamental attribution error is the tendency to explain other people's behavior by their personality while underestimating the influence of the situation. For example, assuming a driver who cuts you off is rude rather than in an emergency.",intermediate,en,facts_yaml,facts
qna,general_knowledge,psychology,cognitive_biases,What is the halo effect?,"The halo effect is a cognitive bias in which a positive impression of one quality of a person, such as attractiveness, influences judgments about their other qualities, such as intelligence or kindness.",beginner,en,facts_yaml,facts
qna,general_knowledge,psychology,social_psychology,What is a self-fulfilling prophecy?,"A self-fulfilling prophecy is a belief or expectation that causes itself to come true because it influences behavior. For example, a teacher's high expectations of a student can lead the student to perform better.",intermediate,en,facts_yaml,facts
qna,general_knowledge,psychology,research_methods,What is the nocebo effect?,"The nocebo effect occurs when negative expectations cause a person to experience real negative symptoms, such as side effects from an inactive pill. It is the opposite of the placebo effect.",intermediate,en,facts_yaml,facts
qna,general_knowledge,psychology,memory,How much information can short-term memory hold?,"Short-term memory can hold a limited amount of information, traditionally estimated at about seven items, plus or minus two, for around 15 to 30 seconds without rehearsal. More recent research suggests a limit closer to about four chunks.",intermediate,en,facts_yaml,facts
qna,general_knowledge,psychology,memory,What is the Ebbinghaus forgetting curve?,"The forgetting curve, described by Hermann Ebbinghaus, shows that newly learned information is forgotten rapidly at first and then more slowly over time unless it is reviewed.",intermediate,en,facts_yaml,facts
qna,general_knowledge,psychology,memory,What is the spacing effect?,The spacing effect is the finding that information is remembered better when study sessions are spread out over time rather than crammed into one session.,intermediate,en,facts_yaml,facts
qna,general_knowledge,psychology,memory,What is the serial position effect?,The serial position effect is the tendency to remember the first items (primacy effect) and last items (recency effect) in a list better than those in the middle.,intermediate,en,facts_yaml,facts
qna,general_knowledge,psychology,memory,What are false memories?,False memories are recollections of events that did not happen or that differ from how they actually happened. Research by Elizabeth Loftus showed that leading questions and suggestion can create or distort memories.,advanced,en,facts_yaml,facts
qna,general_knowledge,psychology,biological_psychology,What is REM sleep?,"REM (rapid eye movement) sleep is a stage of sleep characterized by rapid eye movements, vivid dreaming, and temporary paralysis of most muscles. It recurs in cycles about every 90 minutes during the night.",intermediate,en,facts_yaml,facts
qna,general_knowledge,psychology,biological_psychology,What is a circadian rhythm?,"A circadian rhythm is the body's roughly 24-hour internal clock that regulates sleep, wakefulness, hormone release, and body temperature. It is influenced mainly by light and darkness.",beginner,en,facts_yaml,facts
qna,general_knowledge,psychology,biological_psychology,What is neuroplasticity?,Neuroplasticity is the brain's ability to reorganize itself by forming new neural connections throughout life. It enables learning and recovery from brain injuries.,intermediate,en,facts_yaml,facts
qna,general_knowledge,psychology,biological_psychology,Is it true that people are either left-brained or right-brained?,"No. Although some functions, such as language, are more strongly based in one hemisphere, brain imaging shows that people use both hemispheres extensively and do not have a dominant side that determines personality.",intermediate,en,facts_yaml,facts
qna,general_knowledge,psychology,clinical,What is learned helplessness?,"Learned helplessness is a state in which a person or animal, after repeatedly facing uncontrollable bad events, stops trying to avoid them even when escape becomes possible. It has been linked to depression.",intermediate,en,facts_yaml,facts
qna,general_knowledge,psychology,learning,What is a growth mindset?,"A growth mindset, a concept developed by Carol Dweck, is the belief that abilities and intelligence can be developed through effort, learning, and persistence, rather than being fixed traits.",beginner,en,facts_yaml,facts
qna,general_knowledge,psychology,clinical,What is cognitive behavioral therapy?,"Cognitive behavioral therapy (CBT) is a form of talk therapy that helps people identify and change unhelpful thought patterns and behaviors. It is widely used to treat anxiety, depression, and other conditions.",intermediate,en,facts_yaml,facts
qna,general_knowledge,psychology,psychoanalysis,What are defense mechanisms in psychology?,"Defense mechanisms are unconscious strategies that protect people from anxiety or uncomfortable feelings, a concept from Sigmund and Anna Freud. Examples include denial, repression, projection, and rationalization.",intermediate,en,facts_yaml,facts
qna,general_knowledge,psychology,psychoanalysis,"What are the id, ego, and superego in Freud's theory?","In Freud's model, the id is the source of basic instinctive drives, the superego holds internalized moral standards, and the ego mediates between them and reality.",intermediate,en,facts_yaml,facts
qna,general_knowledge,psychology,perception,What are Gestalt principles of perception?,"Gestalt principles describe how people naturally organize visual elements into groups or wholes. They include proximity, similarity, closure, continuity, and figure-ground relationships.",advanced,en,facts_yaml,facts
qna,general_knowledge,psychology,attention,What is the cocktail party effect?,"The cocktail party effect is the ability to focus on one conversation in a noisy room while filtering out others, yet still notice important information, such as hearing your own name spoken elsewhere.",intermediate,en,facts_yaml,facts
qna,general_knowledge,psychology,attention,What is inattentional blindness?,"Inattentional blindness is failing to notice an obvious object or event because attention is focused elsewhere. In a famous experiment, many viewers counting basketball passes failed to see a person in a gorilla suit walk through the scene.",intermediate,en,facts_yaml,facts
qna,general_knowledge,psychology,social_psychology,What is the mere exposure effect?,"The mere exposure effect is the tendency for people to develop a preference for things simply because they are familiar with them, such as liking a song more after hearing it several times.",intermediate,en,facts_yaml,facts
qna,general_knowledge,psychology,cognitive_biases,What is loss aversion?,Loss aversion is the tendency for people to feel the pain of a loss more strongly than the pleasure of an equal gain. It was described by psychologists Daniel Kahneman and Amos Tversky.,intermediate,en,facts_yaml,facts
qna,general_knowledge,psychology,cognitive_biases,What is the framing effect?,"The framing effect is a cognitive bias in which people make different decisions depending on how the same information is presented. For example, a treatment described as having a 90% survival rate is judged more favorably than one with a 10% death rate.",intermediate,en,facts_yaml,facts
qna,general_knowledge,psychology,research_methods,What is the Hawthorne effect?,The Hawthorne effect is the tendency of people to change their behavior when they know they are being observed. It can distort the results of studies.,intermediate,en,facts_yaml,facts
qna,general_knowledge,psychology,research_methods,What is a double-blind study?,"In a double-blind study, neither the participants nor the researchers who interact with them know who is receiving the real treatment and who is receiving a placebo. This reduces bias from expectations.",intermediate,en,facts_yaml,facts
qna,general_knowledge,psychology,research_methods,What is the difference between longitudinal and cross-sectional studies?,"A longitudinal study follows the same participants over a long period, tracking changes over time. A cross-sectional study compares different groups of people at a single point in time.",intermediate,en,facts_yaml,facts
qna,general_knowledge,psychology,emotion,What is emotional intelligence?,"Emotional intelligence is the ability to recognize, understand, and manage one's own emotions and to recognize and influence the emotions of others. It is linked to effective communication and relationships.",intermediate,en,facts_yaml,facts
qna,general_knowledge,psychology,emotion,What is the Yerkes-Dodson law?,"The Yerkes-Dodson law describes the relationship between arousal and performance: performance improves with arousal up to an optimal point, then declines when arousal becomes too high. The optimal level is lower for complex tasks.",advanced,en,facts_yaml,facts
qna,general_knowledge,psychology,clinical,What is a phobia?,"A phobia is an intense, irrational fear of a specific object or situation, such as heights, spiders, or flying, that leads to avoidance and distress out of proportion to the actual danger.",beginner,en,facts_yaml,facts
qna,general_knowledge,philosophy,logic,What is Occam's razor?,"Occam's razor is the principle that, among competing explanations that fit the evidence equally well, the one requiring the fewest assumptions should be preferred.",beginner,en,facts_yaml,facts
qna,general_knowledge,philosophy,philosophy_of_religion,What is Pascal's wager?,"Pascal's wager is Blaise Pascal's argument that a rational person should live as though God exists, because believing costs little if God does not exist, while not believing risks infinite loss if God does exist.",intermediate,en,facts_yaml,facts
qna,general_knowledge,philosophy,logic,What are Zeno's paradoxes?,"Zeno's paradoxes are arguments by the ancient Greek philosopher Zeno of Elea that seem to show motion is impossible. In one, Achilles can never overtake a tortoise because he must first reach where it was, by which time it has moved ahead; the paradoxes are resolved mathematically by infinite series.",intermediate,en,facts_yaml,facts
qna,general_knowledge,philosophy,epistemology,What did John Locke mean by tabula rasa?,"Tabula rasa, or blank slate, is John Locke's idea that the human mind at birth contains no innate ideas, and that all knowledge comes from experience and perception.",intermediate,en,facts_yaml,facts
qna,general_knowledge,philosophy,metaphysics,What are Aristotle's four causes?,"Aristotle identified four causes to explain why a thing exists: the material cause (what it is made of), the formal cause (its form or design), the efficient cause (what brought it about), and the final cause (its purpose).",advanced,en,facts_yaml,facts
qna,general_knowledge,philosophy,eastern_philosophy,What are the core ideas of Confucianism?,"Confucianism, founded on the teachings of Confucius, emphasizes moral character, respect for family and elders (filial piety), proper social relationships, ritual propriety, and virtuous government.",intermediate,en,facts_yaml,facts
qna,general_knowledge,philosophy,eastern_philosophy,What is Taoism?,"Taoism is a Chinese philosophical and religious tradition traditionally attributed to Laozi. It emphasizes living in harmony with the Tao, the natural way of the universe, through simplicity, humility, and effortless action (wu wei).",intermediate,en,facts_yaml,facts
qna,general_knowledge,philosophy,eastern_philosophy,What are the Four Noble Truths in Buddhism?,"The Four Noble Truths are that life involves suffering, suffering arises from craving, suffering can end, and the path to its end is the Noble Eightfold Path.",intermediate,en,facts_yaml,facts
qna,general_knowledge,philosophy,political_philosophy,What is Machiavelli's The Prince about?,"The Prince, written by Niccolò Machiavelli in 1513, is a guide for rulers on gaining and keeping power. It argues that effective rulers must sometimes act ruthlessly, and it is often summarized, somewhat simplistically, as ""the ends justify the means.""",intermediate,en,facts_yaml,facts
qna,general_knowledge,philosophy,political_philosophy,What is John Stuart Mill's harm principle?,The harm principle states that the only justification for exercising power over an individual against their will is to prevent harm to others. Mill set it out in On Liberty in 1859.,intermediate,en,facts_yaml,facts
qna,general_knowledge,philosophy,political_philosophy,What is historical materialism?,"Historical materialism is Karl Marx's theory that the economic organization of society, especially who owns the means of production, shapes its politics, culture, and ideas, and that history develops through conflicts between social classes.",advanced,en,facts_yaml,facts
qna,general_knowledge,philosophy,existentialism,"What did Jean-Paul Sartre mean by ""existence precedes essence""?",Sartre meant that humans have no predetermined nature or purpose; they first exist and then define themselves through their choices and actions. With this freedom comes full responsibility for who one becomes.,intermediate,en,facts_yaml,facts
qna,general_knowledge,philosophy,feminist_philosophy,What is Simone de Beauvoir known for?,"Simone de Beauvoir was a French existentialist philosopher best known for The Second Sex (1949), which argued that women have been defined as ""the Other"" relative to men. It is a foundational text of modern feminism.",intermediate,en,facts_yaml,facts
qna,general_knowledge,philosophy,philosophy_of_mind,What is the Chinese room argument?,"The Chinese room argument, proposed by John Searle in 1980, imagines a person who follows rules to produce correct Chinese answers without understanding Chinese. Searle argued that a computer running a program likewise manipulates symbols without real understanding.",advanced,en,facts_yaml,facts
qna,general_knowledge,philosophy,epistemology,What is the Gettier problem?,"The Gettier problem, from Edmund Gettier's 1963 paper, presents cases where someone has a justified true belief that seems not to count as knowledge, because it is true only by luck. It challenged the traditional definition of knowledge as justified true belief.",advanced,en,facts_yaml,facts
qna,general_knowledge,philosophy,logic,What is an ad hominem fallacy?,"An ad hominem fallacy attacks the person making an argument rather than the argument itself, for example dismissing a claim because of the speaker's character instead of the evidence.",beginner,en,facts_yaml,facts
qna,general_knowledge,philosophy,logic,What is a straw man fallacy?,"A straw man fallacy misrepresents or oversimplifies someone's argument to make it easier to attack, and then refutes the distorted version rather than the real one.",beginner,en,facts_yaml,facts
qna,general_knowledge,philosophy,logic,What is a slippery slope fallacy?,"A slippery slope fallacy claims that a small first step will inevitably lead to a chain of extreme consequences, without evidence that the chain will actually occur.",intermediate,en,facts_yaml,facts
qna,general_knowledge,philosophy,logic,What is circular reasoning?,"Circular reasoning, or begging the question, is a fallacy in which an argument assumes the very conclusion it is trying to prove, such as ""this book is true because the book says it is true.""",intermediate,en,facts_yaml,facts
qna,general_knowledge,philosophy,logic,What is a false dilemma?,"A false dilemma presents only two options as if they were the only possibilities, when in fact other alternatives exist. ""You are either with us or against us"" is a common example.",beginner,en,facts_yaml,facts
qna,general_knowledge,philosophy,logic,What is an appeal to authority fallacy?,"An appeal to authority fallacy treats a claim as true simply because an authority figure says so, especially when that person is not an expert on the topic or when experts disagree.",intermediate,en,facts_yaml,facts
qna,general_knowledge,philosophy,logic,What is the bandwagon fallacy?,The bandwagon fallacy argues that something is true or good because many people believe or do it.,intermediate,en,facts_yaml,facts
qna,general_knowledge,sociology,fundamentals,What is sociology?,"Sociology is the scientific study of society, social relationships, institutions, and human behavior in groups. It examines how factors such as class, culture, and institutions shape people's lives.",beginner,en,facts_yaml,facts
qna,general_knowledge,sociology,socialization,What is socialization?,"Socialization is the lifelong process by which people learn the norms, values, language, and behaviors of their society. Family, schools, peers, and the media are major agents of socialization.",beginner,en,facts_yaml,facts
qna,general_knowledge,sociology,norms,What are social norms?,"Social norms are the unwritten rules and expectations about how people should behave in a particular group or society, such as queuing in line or shaking hands when greeting.",beginner,en,facts_yaml,facts
qna,general_knowledge,sociology,norms,What is deviance in sociology?,Deviance is behavior that violates the social norms of a group or society. What counts as deviant varies across cultures and over time.,intermediate,en,facts_yaml,facts
qna,general_knowledge,sociology,stratification,What is social stratification?,"Social stratification is the ranking of people in a society into layers based on factors such as wealth, income, occupation, education, and power.",intermediate,en,facts_yaml,facts
qna,general_knowledge,sociology,stratification,What is social mobility?,"Social mobility is the movement of individuals or groups between social positions, such as rising from a working-class to a middle-class occupation. It can be upward or downward and can occur within a lifetime or across generations.",intermediate,en,facts_yaml,facts
qna,general_knowledge,sociology,culture,What is culture in sociology?,"Culture is the shared beliefs, values, customs, language, knowledge, and material objects of a group of people, passed down from one generation to the next.",beginner,en,facts_yaml,facts
qna,general_knowledge,sociology,culture,What is the difference between a subculture and a counterculture?,"A subculture is a group that shares distinctive values or practices while still accepting the main culture, such as a group of gamers. A counterculture actively rejects and opposes the dominant culture's values, such as the 1960s hippie movement.",intermediate,en,facts_yaml,facts
qna,general_knowledge,sociology,culture,What is ethnocentrism?,Ethnocentrism is judging other cultures by the standards of one's own culture and regarding one's own as superior.,intermediate,en,facts_yaml,facts
qna,general_knowledge,sociology,culture,What is cultural relativism?,"Cultural relativism is the principle of understanding a culture's beliefs and practices on its own terms, rather than judging them by the standards of another culture.",intermediate,en,facts_yaml,facts
qna,general_knowledge,sociology,global,What is globalization?,"Globalization is the growing interconnection of the world's economies, cultures, and populations through trade, technology, travel, and communication.",beginner,en,facts_yaml,facts
qna,general_knowledge,sociology,groups,What is the difference between primary and secondary groups?,"A primary group is small and close-knit, with personal, long-lasting relationships, such as a family or close friends. A secondary group is larger and more impersonal, organized around a specific goal, such as coworkers or a club.",intermediate,en,facts_yaml,facts
qna,general_knowledge,sociology,organizations,What are the characteristics of bureaucracy according to Max Weber?,"Max Weber described bureaucracy as an organization with a clear hierarchy of authority, specialized roles, written rules and procedures, impersonal relationships, and hiring and promotion based on qualifications.",intermediate,en,facts_yaml,facts
qna,general_knowledge,sociology,theory,What did Émile Durkheim mean by anomie?,"Anomie is a condition in which society provides little moral guidance to individuals, leaving them without clear norms. Durkheim argued it can arise during rapid social change and linked it to higher suicide rates.",advanced,en,facts_yaml,facts
qna,general_knowledge,sociology,theory,What is conflict theory in sociology?,"Conflict theory, rooted in the work of Karl Marx, views society as an arena of inequality in which groups compete for limited resources and power. It focuses on how dominant groups maintain their advantages.",intermediate,en,facts_yaml,facts
qna,general_knowledge,sociology,theory,What is functionalism in sociology?,"Functionalism views society as a system of interconnected parts, such as family, education, and religion, each serving a function that helps maintain stability and order.",intermediate,en,facts_yaml,facts
qna,general_knowledge,sociology,theory,What is symbolic interactionism?,"Symbolic interactionism is a sociological perspective that focuses on how people create and interpret meaning through everyday social interactions and shared symbols, such as language and gestures.",advanced,en,facts_yaml,facts
qna,general_knowledge,sociology,family,What is the difference between a nuclear family and an extended family?,"A nuclear family consists of parents and their children living together. An extended family also includes other relatives, such as grandparents, aunts, uncles, and cousins, often living together or nearby.",beginner,en,facts_yaml,facts
qna,general_knowledge,sociology,institutions,What is a social institution?,"A social institution is an established system of norms and structures that meets basic needs of society, such as family, education, religion, government, and the economy.",beginner,en,facts_yaml,facts
qna,general_knowledge,sociology,urban,What is gentrification?,"Gentrification is the process by which wealthier people move into a lower-income urban neighborhood, raising property values and rents. It can improve housing and services but often displaces long-time, lower-income residents.",intermediate,en,facts_yaml,facts
qna,general_knowledge,sociology,inequality,What is institutional racism?,"Institutional racism is discrimination that is built into the policies, practices, and structures of institutions, such as schools, employers, or legal systems, producing unequal outcomes for racial groups even without individual intent.",intermediate,en,facts_yaml,facts
qna,general_knowledge,sociology,inequality,What is the difference between prejudice and discrimination?,"Prejudice is a negative attitude or preconceived judgment about a group of people. Discrimination is unfair treatment of people based on their group membership. Prejudice is a belief, while discrimination is an action.",beginner,en,facts_yaml,facts
qna,general_knowledge,sociology,stratification,What is the difference between ascribed status and achieved status?,"Ascribed status is a social position a person is born into or given involuntarily, such as age or family background. Achieved status is earned through one's own efforts, such as becoming a doctor.",intermediate,en,facts_yaml,facts
qna,general_knowledge,sociology,roles,What is role conflict?,"Role conflict occurs when the expectations of two or more social roles a person holds clash, such as a working parent having to choose between a work meeting and a child's school event.",intermediate,en,facts_yaml,facts
qna,general_knowledge,sociology,groups,What is social capital?,"Social capital is the value that comes from social networks and relationships, such as trust, mutual help, and access to information and opportunities.",advanced,en,facts_yaml,facts
qna,general_knowledge,sociology,technology,What is the digital divide?,"The digital divide is the gap between people who have access to modern information technology, such as computers and the internet, and those who do not, often reflecting differences in income, location, age, or education.",intermediate,en,facts_yaml,facts
qna,general_knowledge,sociology,stratification,What is meritocracy?,A meritocracy is a system in which people advance based on their abilities and achievements rather than on wealth or social background. Critics argue that unequal opportunities make true meritocracy hard to achieve.,advanced,en,facts_yaml,facts
qna,general_knowledge,sociology,religion,What is secularization?,"Secularization is the process by which religion loses social and cultural influence in a society, as institutions such as government, education, and science become separate from religious authority.",advanced,en,facts_yaml,facts
qna,general_knowledge,sociology,change,What is a social movement?,"A social movement is an organized collective effort by a large group of people to bring about or resist social, political, or cultural change, such as the women's suffrage and environmental movements.",intermediate,en,facts_yaml,facts
qna,general_knowledge,sociology,media,What is agenda-setting theory?,"Agenda-setting theory holds that the mass media influence which issues the public considers important, not by telling people what to think but by deciding what to cover and how prominently.",advanced,en,facts_yaml,facts
qna,general_knowledge,sociology,inequality,What is the difference between absolute poverty and relative poverty?,"Absolute poverty is lacking the basic necessities for survival, such as food, clean water, and shelter. Relative poverty is having much less income or resources than the average in one's society, making it hard to participate fully.",intermediate,en,facts_yaml,facts
qna,general_knowledge,sociology,welfare,What is a welfare state?,"A welfare state is a system in which the government takes primary responsibility for citizens' social and economic well-being through public services and benefits, such as healthcare, pensions, unemployment support, and education.",intermediate,en,facts_yaml,facts
qna,general_knowledge,sociology,organizations,What is McDonaldization?,"McDonaldization, a term coined by sociologist George Ritzer, describes how the principles of fast-food restaurants, namely efficiency, calculability, predictability, and control, increasingly dominate other areas of society.",advanced,en,facts_yaml,facts
qna,general_knowledge,sociology,groups,What is peer pressure?,"Peer pressure is the influence that members of a social group exert on one another to adopt certain attitudes, values, or behaviors in order to fit in.",beginner,en,facts_yaml,facts
qna,language_skills,literature,authors_and_works,Who wrote Romeo and Juliet?,Romeo and Juliet was written by William Shakespeare in the 1590s. It is a tragedy about two young lovers from feuding families in Verona.,beginner,en,facts_yaml,facts
qna,language_skills,literature,authors_and_works,What is Hamlet about?,"Hamlet, a tragedy by William Shakespeare, tells of Prince Hamlet of Denmark, who seeks revenge on his uncle Claudius for murdering his father and marrying his mother. It explores themes of indecision, madness, and mortality.",beginner,en,facts_yaml,facts
qna,language_skills,literature,authors_and_works,Who wrote Pride and Prejudice?,"Pride and Prejudice was written by Jane Austen and published in 1813. It follows Elizabeth Bennet and Mr. Darcy and examines class, marriage, and first impressions.",beginner,en,facts_yaml,facts
qna,language_skills,literature,authors_and_works,What is George Orwell's novel 1984 about?,"Nineteen Eighty-Four, published in 1949, depicts a totalitarian state ruled by the Party and its figurehead Big Brother, which uses constant surveillance, propaganda, and the rewriting of history to control citizens.",beginner,en,facts_yaml,facts
qna,language_skills,literature,authors_and_works,Who wrote Don Quixote?,Don Quixote was written by the Spanish author Miguel de Cervantes and published in two parts in 1605 and 1615. It is often considered the first modern novel.,intermediate,en,facts_yaml,facts
qna,language_skills,literature,authors_and_works,Who wrote War and Peace?,War and Peace was written by the Russian author Leo Tolstoy and published in the 1860s. It follows several aristocratic families during Napoleon's invasion of Russia.,intermediate,en,facts_yaml,facts
qna,language_skills,literature,authors_and_works,What is Homer's Odyssey about?,"The Odyssey is an ancient Greek epic poem attributed to Homer. It tells of the hero Odysseus's ten-year journey home to Ithaca after the Trojan War and his struggles against monsters, gods, and suitors.",beginner,en,facts_yaml,facts
qna,language_skills,literature,authors_and_works,Who wrote the Divine Comedy?,"The Divine Comedy was written by the Italian poet Dante Alighieri in the early 14th century. It describes Dante's journey through Hell, Purgatory, and Paradise.",intermediate,en,facts_yaml,facts
qna,language_skills,literature,authors_and_works,Who wrote One Hundred Years of Solitude?,One Hundred Years of Solitude was written by the Colombian author Gabriel García Márquez and published in 1967. It is a landmark of magical realism.,intermediate,en,facts_yaml,facts
qna,language_skills,literature,authors_and_works,What is Things Fall Apart about?,"Things Fall Apart, published in 1958 by the Nigerian author Chinua Achebe, tells the story of Okonkwo, an Igbo leader, and the effects of British colonialism and Christian missionaries on his community.",intermediate,en,facts_yaml,facts
qna,language_skills,literature,authors_and_works,Who wrote To Kill a Mockingbird?,"To Kill a Mockingbird was written by Harper Lee and published in 1960. Narrated by the child Scout Finch, it deals with racial injustice in the American South.",beginner,en,facts_yaml,facts
qna,language_skills,literature,authors_and_works,Who wrote Frankenstein?,"Frankenstein was written by Mary Shelley and published in 1818. It tells of Victor Frankenstein, who creates a living being, and is often regarded as one of the first science fiction novels.",beginner,en,facts_yaml,facts
qna,language_skills,literature,authors_and_works,Who wrote The Great Gatsby?,"The Great Gatsby was written by F. Scott Fitzgerald and published in 1925. It portrays the wealth, excess, and disillusionment of the American Jazz Age.",intermediate,en,facts_yaml,facts
qna,language_skills,literature,authors_and_works,Why is Rabindranath Tagore significant in literature?,"Rabindranath Tagore was a Bengali poet, writer, and composer who in 1913 became the first non-European to win the Nobel Prize in Literature, largely for his collection Gitanjali. He also wrote the national anthems of India and Bangladesh.",intermediate,en,facts_yaml,facts
qna,language_skills,literature,authors_and_works,Who wrote Crime and Punishment?,"Crime and Punishment was written by the Russian novelist Fyodor Dostoevsky and published in 1866. It follows Raskolnikov, a poor student who commits a murder and struggles with guilt.",intermediate,en,facts_yaml,facts
qna,language_skills,literature,authors_and_works,Who wrote Moby-Dick?,Moby-Dick was written by the American author Herman Melville and published in 1851. It tells of Captain Ahab's obsessive hunt for a white whale.,intermediate,en,facts_yaml,facts
qna,language_skills,literature,authors_and_works,Who wrote Les Misérables?,"Les Misérables was written by the French author Victor Hugo and published in 1862. It follows the ex-convict Jean Valjean and explores justice, poverty, and redemption in 19th-century France.",intermediate,en,facts_yaml,facts
qna,language_skills,literature,authors_and_works,What is The Tale of Genji?,The Tale of Genji is a Japanese classic written by the noblewoman Murasaki Shikibu in the early 11th century. It depicts court life in the Heian period and is often called one of the world's first novels.,advanced,en,facts_yaml,facts
qna,language_skills,literature,authors_and_works,Who wrote The Canterbury Tales?,"The Canterbury Tales was written by Geoffrey Chaucer in the late 14th century. It is a collection of stories told by pilgrims traveling to Canterbury, written in Middle English.",intermediate,en,facts_yaml,facts
qna,language_skills,literature,authors_and_works,Who wrote Paradise Lost?,"Paradise Lost is an epic poem by the English poet John Milton, first published in 1667. It retells the biblical story of the fall of Adam and Eve and Satan's rebellion.",intermediate,en,facts_yaml,facts
qna,language_skills,literature,authors_and_works,What is Animal Farm about?,"Animal Farm, a 1945 novella by George Orwell, is an allegory in which farm animals overthrow their human farmer, only for the pigs to become tyrants. It satirizes the Russian Revolution and Stalinism.",intermediate,en,facts_yaml,facts
qna,language_skills,literature,authors_and_works,Who wrote Brave New World?,"Brave New World was written by Aldous Huxley and published in 1932. It depicts a future society controlled through genetic engineering, conditioning, and pleasure.",intermediate,en,facts_yaml,facts
qna,language_skills,literature,authors_and_works,What are the Ramayana and the Mahabharata?,"The Ramayana and the Mahabharata are the two great Sanskrit epics of ancient India. The Ramayana tells of Prince Rama's rescue of his wife Sita, and the Mahabharata centers on a war between two branches of a royal family and includes the Bhagavad Gita.",intermediate,en,facts_yaml,facts
qna,language_skills,literature,authors_and_works,What is the Epic of Gilgamesh?,"The Epic of Gilgamesh is an ancient Mesopotamian poem, one of the oldest surviving works of literature. It follows King Gilgamesh of Uruk and his quest for immortality.",intermediate,en,facts_yaml,facts
qna,language_skills,literature,forms,What is iambic pentameter?,"Iambic pentameter is a line of verse with five iambs, each made of an unstressed syllable followed by a stressed one, giving ten syllables per line. Shakespeare used it extensively.",intermediate,en,facts_yaml,facts
qna,language_skills,literature,forms,What is a limerick?,"A limerick is a humorous five-line poem with an AABBA rhyme scheme. The first, second, and fifth lines are longer, and the third and fourth are shorter.",beginner,en,facts_yaml,facts
qna,language_skills,literature,forms,What is an ode?,"An ode is a formal lyric poem that praises or celebrates a person, object, or idea, often in an elevated style. Keats's ""Ode to a Nightingale"" is a famous example.",intermediate,en,facts_yaml,facts
qna,language_skills,literature,forms,What is an elegy?,"An elegy is a poem of serious reflection, usually a lament for someone who has died.",intermediate,en,facts_yaml,facts
qna,language_skills,literature,forms,What is a ballad?,"A ballad is a poem or song that tells a story in short stanzas, often with a refrain. Traditional ballads were passed down orally.",intermediate,en,facts_yaml,facts
qna,language_skills,literature,genres,What is a literary genre?,"A literary genre is a category of literature defined by shared form, style, or subject matter, such as poetry, drama, fiction, mystery, science fiction, or fantasy.",beginner,en,facts_yaml,facts
qna,language_skills,literature,genres,What is magical realism?,Magical realism is a literary style in which magical or supernatural events are presented matter-of-factly within an otherwise realistic setting. It is associated especially with Latin American writers such as Gabriel García Márquez.,intermediate,en,facts_yaml,facts
qna,language_skills,literature,movements,What was Romanticism in literature?,"Romanticism was a literary movement of the late 18th and early 19th centuries that emphasized emotion, imagination, individualism, and nature. Leading writers included Wordsworth, Coleridge, Keats, and Shelley.",intermediate,en,facts_yaml,facts
qna,language_skills,literature,movements,What is stream of consciousness in literature?,"Stream of consciousness is a narrative technique that presents a character's thoughts and feelings as a continuous flow, often without conventional structure. Virginia Woolf and James Joyce used it in modernist fiction.",advanced,en,facts_yaml,facts
qna,language_skills,literature,devices,What is a tragic flaw?,"A tragic flaw, or hamartia, is a character trait or error that leads to the downfall of a tragic hero. Macbeth's ambition is a classic example.",intermediate,en,facts_yaml,facts
qna,language_skills,literature,devices,What is catharsis in literature?,"Catharsis is the release of emotions, particularly pity and fear, that an audience experiences through art, especially tragedy. The concept comes from Aristotle's Poetics.",advanced,en,facts_yaml,facts
qna,language_skills,literature,devices,What does in medias res mean?,"In medias res is Latin for ""in the middle of things"" and describes a story that begins in the middle of the action, with earlier events revealed later. Homer's epics use this technique.",intermediate,en,facts_yaml,facts
qna,language_skills,literature,devices,What is deus ex machina?,"Deus ex machina, Latin for ""god from the machine,"" is a plot device in which an unsolvable problem is suddenly resolved by an unexpected and improbable event or character.",intermediate,en,facts_yaml,facts
qna,language_skills,literature,devices,What is an archetype in literature?,"An archetype is a recurring character type, symbol, or situation found across many stories and cultures, such as the hero, the mentor, or the journey.",intermediate,en,facts_yaml,facts
qna,language_skills,literature,devices,What is the difference between a motif and a theme?,"A theme is a story's central idea or message, such as the corrupting effect of power. A motif is a recurring element, such as an image, symbol, or phrase, that helps develop the theme.",intermediate,en,facts_yaml,facts
qna,language_skills,literature,devices,What is the difference between tone and mood in literature?,"Tone is the author's attitude toward the subject or audience, such as humorous or serious. Mood is the feeling or atmosphere the text creates in the reader, such as suspense or calm.",intermediate,en,facts_yaml,facts
qna,language_skills,literature,structure,What is Freytag's pyramid?,"Freytag's pyramid is a model of dramatic structure with five parts: exposition, rising action, climax, falling action, and resolution (or denouement).",intermediate,en,facts_yaml,facts
qna,language_skills,literature,characters,What is an antihero?,"An antihero is a central character who lacks conventional heroic qualities, such as morality or courage, yet still engages the audience's interest or sympathy.",intermediate,en,facts_yaml,facts
qna,language_skills,literature,characters,What is a foil in literature?,"A foil is a character who contrasts with another character, usually the protagonist, to highlight particular qualities. Dr. Watson serves as a foil to Sherlock Holmes.",intermediate,en,facts_yaml,facts
qna,language_skills,literature,genres,What is an epistolary novel?,"An epistolary novel is told through documents such as letters, diary entries, or emails. Bram Stoker's Dracula and Mary Shelley's Frankenstein use this form.",intermediate,en,facts_yaml,facts
qna,language_skills,literature,genres,What is Gothic fiction?,"Gothic fiction is a genre that combines horror, mystery, and romance, often set in gloomy castles or old houses, with supernatural elements and a dark atmosphere. Early examples include The Castle of Otranto and Dracula.",intermediate,en,facts_yaml,facts
qna,language_skills,literature,genres,What is the difference between a fable and a parable?,"A fable is a short story, usually featuring animals, that teaches a moral lesson, as in Aesop's fables. A parable is a short story with human characters that illustrates a moral or religious lesson.",intermediate,en,facts_yaml,facts
qna,language_skills,linguistics,language_and_thought,What is the Sapir-Whorf hypothesis?,"The Sapir-Whorf hypothesis, or linguistic relativity, proposes that the language a person speaks influences how they think and perceive the world. Its strong form is widely rejected, but weaker influences are supported by some research.",advanced,en,facts_yaml,facts
qna,language_skills,linguistics,language_acquisition,What is Chomsky's theory of universal grammar?,"Noam Chomsky's theory of universal grammar proposes that humans are born with an innate set of grammatical principles shared by all languages, which explains how children acquire language so quickly.",advanced,en,facts_yaml,facts
qna,language_skills,linguistics,language_acquisition,What is the critical period hypothesis in language learning?,"The critical period hypothesis proposes that there is an early window in life, roughly before puberty, during which language can be acquired most easily and fully, especially native-like pronunciation.",intermediate,en,facts_yaml,facts
qna,language_skills,linguistics,language_families,What is the Indo-European language family?,"The Indo-European family is the world's largest language family by number of speakers. It includes most languages of Europe and many of South Asia and Iran, such as English, Spanish, Russian, Hindi, and Persian.",intermediate,en,facts_yaml,facts
qna,language_skills,linguistics,world_languages,Which languages have the most speakers?,"By total speakers, including second-language speakers, English and Mandarin Chinese are the most widely spoken languages, followed by Hindi and Spanish. Mandarin has the most native speakers.",beginner,en,facts_yaml,facts
qna,language_skills,linguistics,language_contact,What is the difference between a pidgin and a creole?,"A pidgin is a simplified language that develops between groups with no common language, used for limited purposes and with no native speakers. A creole develops when a pidgin becomes the native language of a community and grows into a full language.",intermediate,en,facts_yaml,facts
qna,language_skills,linguistics,sign_language,Are sign languages full languages?,"Yes. Sign languages, such as American Sign Language and British Sign Language, are complete natural languages with their own grammar, vocabulary, and regional variation. They are not simply gestures or signed versions of spoken languages.",beginner,en,facts_yaml,facts
qna,language_skills,linguistics,phonology,What is a minimal pair?,"A minimal pair is two words that differ in only one sound, such as ""pat"" and ""bat."" Minimal pairs show which sounds are distinct phonemes in a language.",intermediate,en,facts_yaml,facts
qna,language_skills,linguistics,writing_systems,What is a grapheme?,"A grapheme is the smallest unit of a writing system, such as a letter or character. Several letters can sometimes represent one sound, like ""sh"" in English.",intermediate,en,facts_yaml,facts
qna,language_skills,linguistics,phonetics,What is a diphthong?,"A diphthong is a vowel sound that glides from one vowel quality to another within a single syllable, such as the vowel sounds in ""coin"" and ""time.""",intermediate,en,facts_yaml,facts
qna,language_skills,linguistics,phonetics,What is a schwa?,"The schwa is the most common vowel sound in English, a short, unstressed, neutral sound, represented as ə. It occurs in the first syllable of ""about"" and the second syllable of ""sofa.""",intermediate,en,facts_yaml,facts
qna,language_skills,linguistics,phonetics,What is the difference between a plosive and a fricative?,"A plosive, or stop, is a consonant made by completely blocking airflow and then releasing it, as in p, t, and k. A fricative is made by forcing air through a narrow gap, creating friction, as in f, s, and sh.",advanced,en,facts_yaml,facts
qna,language_skills,linguistics,morphology,What is an agglutinative language?,"An agglutinative language forms words by stringing together many distinct morphemes, each with a single meaning. Turkish, Finnish, and Swahili are examples.",advanced,en,facts_yaml,facts
qna,language_skills,linguistics,syntax,What is subject-verb-object word order?,"Subject-verb-object (SVO) is a sentence structure in which the subject comes first, followed by the verb and then the object, as in ""She reads books."" English, Chinese, and Spanish mostly use SVO, while Hindi and Japanese use SOV.",intermediate,en,facts_yaml,facts
qna,language_skills,linguistics,grammar,What is grammatical gender?,"Grammatical gender is a system that divides nouns into classes, such as masculine, feminine, and neuter, which affect the forms of related words like articles and adjectives. Languages such as French, German, and Hindi have it.",intermediate,en,facts_yaml,facts
qna,language_skills,linguistics,grammar,What is the difference between prescriptive and descriptive grammar?,"Prescriptive grammar sets out rules for how a language should be used, often based on a standard. Descriptive grammar describes how people actually use the language without judging it.",intermediate,en,facts_yaml,facts
qna,language_skills,linguistics,variation,What is an idiolect?,"An idiolect is the unique way an individual person speaks, including their particular vocabulary, pronunciation, and grammar.",intermediate,en,facts_yaml,facts
qna,language_skills,linguistics,vocabulary,What is the difference between jargon and slang?,"Jargon is specialized vocabulary used within a profession or field, such as medical or legal terms. Slang is informal, often short-lived vocabulary used within a social group, such as young people.",beginner,en,facts_yaml,facts
qna,language_skills,linguistics,vocabulary,What is a neologism?,"A neologism is a newly coined word or expression, or a new meaning for an existing word, such as ""selfie"" or ""podcast.""",beginner,en,facts_yaml,facts
qna,language_skills,linguistics,vocabulary,What is the difference between an acronym and an initialism?,"An acronym is formed from initial letters and pronounced as a word, such as NASA. An initialism is pronounced letter by letter, such as FBI.",intermediate,en,facts_yaml,facts
qna,language_skills,linguistics,vocabulary,What is a euphemism?,"A euphemism is a mild or indirect word or phrase used in place of one considered harsh or unpleasant, such as ""passed away"" for ""died.""",beginner,en,facts_yaml,facts
qna,language_skills,linguistics,vocabulary,What is an eponym?,"An eponym is a word derived from a person's name, such as ""sandwich,"" named after the Earl of Sandwich, or ""watt,"" after James Watt.",intermediate,en,facts_yaml,facts
qna,language_skills,linguistics,vocabulary,What is a portmanteau word?,"A portmanteau is a word formed by blending parts of two words and their meanings, such as ""brunch"" from breakfast and lunch, or ""smog"" from smoke and fog.",beginner,en,facts_yaml,facts
qna,language_skills,linguistics,history_of_english,What was the Great Vowel Shift?,"The Great Vowel Shift was a major change in the pronunciation of English long vowels between about 1400 and 1700. It explains why English spelling, fixed partly before the shift, often does not match modern pronunciation.",advanced,en,facts_yaml,facts
qna,language_skills,linguistics,history_of_english,What is Old English?,"Old English, or Anglo-Saxon, is the earliest form of the English language, spoken from about 450 to 1150 CE. It was heavily inflected and looks very different from modern English; Beowulf is its most famous work.",intermediate,en,facts_yaml,facts
qna,language_skills,linguistics,history_of_english,Why does English have so many words from French and Latin?,"After the Norman Conquest of 1066, French became the language of England's ruling class for centuries, adding thousands of words to English. Latin also contributed heavily through the church, scholarship, and science.",intermediate,en,facts_yaml,facts
qna,grammar,english_grammar,usage,"What is the difference between ""affect"" and ""effect""?","""Affect"" is usually a verb meaning to influence, as in ""The weather affects my mood."" ""Effect"" is usually a noun meaning a result, as in ""The medicine had a strong effect.""",beginner,en,facts_yaml,facts
qna,grammar,english_grammar,usage,"What is the difference between ""its"" and ""it's""?","""It's"" is a contraction of ""it is"" or ""it has,"" as in ""It's raining."" ""Its"" is the possessive form of ""it,"" as in ""The dog wagged its tail.""",beginner,en,facts_yaml,facts
qna,grammar,english_grammar,usage,"What is the difference between ""their,"" ""there,"" and ""they're""?","""Their"" shows possession (""their house""), ""there"" refers to a place or introduces a sentence (""over there,"" ""there is""), and ""they're"" is a contraction of ""they are.""",beginner,en,facts_yaml,facts
qna,grammar,english_grammar,usage,"When should you use ""who"" versus ""whom""?","Use ""who"" for the subject of a verb, as in ""Who called?"", and ""whom"" for the object of a verb or preposition, as in ""To whom did you give it?"" A simple test: if ""he"" fits, use ""who""; if ""him"" fits, use ""whom.""",intermediate,en,facts_yaml,facts
qna,grammar,english_grammar,usage,"What is the difference between ""fewer"" and ""less""?","""Fewer"" is traditionally used with countable nouns, as in ""fewer apples."" ""Less"" is used with uncountable nouns, as in ""less water.""",intermediate,en,facts_yaml,facts
qna,grammar,english_grammar,usage,"What is the difference between ""lay"" and ""lie""?","""Lay"" needs an object and means to put something down, as in ""Lay the book on the table."" ""Lie"" has no object and means to recline, as in ""I need to lie down."" The past tense of ""lie"" is ""lay,"" which adds to the confusion.",intermediate,en,facts_yaml,facts
qna,grammar,english_grammar,sentence_structure,What is a comma splice?,"A comma splice is the error of joining two independent clauses with only a comma, as in ""It was late, we went home."" It can be fixed with a period, a semicolon, or a conjunction.",intermediate,en,facts_yaml,facts
qna,grammar,english_grammar,sentence_structure,What is a run-on sentence?,"A run-on sentence joins two or more independent clauses without proper punctuation or conjunctions, as in ""I love reading I read every day.""",intermediate,en,facts_yaml,facts
qna,grammar,english_grammar,sentence_structure,What is a sentence fragment?,"A sentence fragment is an incomplete sentence that lacks a subject, a verb, or a complete thought, such as ""Because it was raining.""",beginner,en,facts_yaml,facts
qna,grammar,english_grammar,punctuation,When is a semicolon used?,"A semicolon joins two closely related independent clauses without a conjunction, as in ""It was late; we went home."" It is also used to separate items in a list when the items contain commas.",intermediate,en,facts_yaml,facts
qna,grammar,english_grammar,punctuation,When is a colon used?,"A colon introduces something that explains, lists, or expands on what comes before it, such as a list, a quotation, or an explanation: ""She had one goal: to win.""",intermediate,en,facts_yaml,facts
qna,grammar,english_grammar,punctuation,How is an apostrophe used to show possession?,"Add 's to singular nouns (""the cat's bowl"") and plural nouns not ending in s (""the children's toys""). For plural nouns ending in s, add only an apostrophe (""the students' books"").",beginner,en,facts_yaml,facts
qna,grammar,english_grammar,punctuation,What is the Oxford comma?,"The Oxford comma, or serial comma, is the comma placed before the final ""and"" or ""or"" in a list of three or more items, as in ""red, white, and blue."" Its use is a matter of style, but it can prevent ambiguity.",intermediate,en,facts_yaml,facts
qna,grammar,english_grammar,modifiers,What is a dangling modifier?,"A dangling modifier is a descriptive phrase that does not clearly refer to the word it is meant to modify. In ""Walking to school, the rain started,"" it wrongly suggests the rain was walking.",intermediate,en,facts_yaml,facts
qna,grammar,english_grammar,modifiers,What is a misplaced modifier?,"A misplaced modifier is a word or phrase placed too far from the word it describes, causing confusion, as in ""She almost drove her kids to school every day"" instead of ""She drove her kids to school almost every day.""",intermediate,en,facts_yaml,facts
qna,grammar,english_grammar,sentence_structure,What is a split infinitive?,"A split infinitive places a word between ""to"" and the verb, as in ""to boldly go."" It was once considered incorrect by some style guides, but it is generally accepted in modern English.",intermediate,en,facts_yaml,facts
qna,grammar,english_grammar,sentence_structure,What is parallel structure in writing?,"Parallel structure means using the same grammatical form for items in a list or series. ""She likes hiking, swimming, and biking"" is parallel, while ""She likes hiking, swimming, and to bike"" is not.",intermediate,en,facts_yaml,facts
qna,grammar,english_grammar,verbs,What is the subjunctive mood in English?,"The subjunctive mood expresses wishes, hypothetical situations, demands, or suggestions, as in ""If I were you"" or ""I suggest that he be on time."" It often uses a different verb form than normal.",advanced,en,facts_yaml,facts
qna,grammar,english_grammar,verbs,"What are the zero, first, and second conditionals in English?","The zero conditional expresses general truths (""If you heat ice, it melts""). The first conditional expresses likely future situations (""If it rains, I will stay home""). The second conditional expresses unreal or unlikely situations (""If I won the lottery, I would travel"").",intermediate,en,facts_yaml,facts
qna,grammar,english_grammar,tenses,What is the difference between the present perfect and the simple past?,"The simple past describes a finished action at a specific past time (""I saw that film yesterday""). The present perfect links the past to the present, often without a specific time (""I have seen that film"").",intermediate,en,facts_yaml,facts
qna,grammar,english_grammar,verbs,What is a phrasal verb?,"A phrasal verb is a verb combined with a preposition or adverb that together create a new meaning, such as ""give up,"" ""look after,"" or ""run into.""",intermediate,en,facts_yaml,facts
qna,grammar,english_grammar,nouns,What is a collective noun?,"A collective noun names a group of people, animals, or things as a single unit, such as ""team,"" ""flock,"" or ""committee.""",beginner,en,facts_yaml,facts
qna,grammar,english_grammar,nouns,What is the difference between a proper noun and a common noun?,"A proper noun names a specific person, place, or thing and is capitalized, such as ""London"" or ""Maria."" A common noun names a general category, such as ""city"" or ""girl.""",beginner,en,facts_yaml,facts
qna,grammar,english_grammar,nouns,What is the difference between countable and uncountable nouns?,"Countable nouns name things that can be counted and have plural forms, such as ""apple"" and ""apples."" Uncountable nouns name things that cannot be counted individually, such as ""water,"" ""information,"" and ""advice,"" and usually have no plural.",intermediate,en,facts_yaml,facts
qna,grammar,english_grammar,nouns,What is an abstract noun?,"An abstract noun names an idea, quality, or feeling that cannot be seen or touched, such as ""freedom,"" ""love,"" or ""courage.""",beginner,en,facts_yaml,facts
qna,grammar,english_grammar,adjectives,In what order do adjectives usually appear in English?,"English adjectives usually follow the order: opinion, size, age, shape, color, origin, material, and purpose, as in ""a lovely little old round red French wooden dining table.""",advanced,en,facts_yaml,facts
qna,grammar,english_grammar,punctuation,What is the difference between a hyphen and a dash?,"A hyphen (-) joins words or parts of words, as in ""well-known."" A dash, either the en dash (–) for ranges like 1990–2000 or the em dash (—) for breaks in thought, separates parts of a sentence.",intermediate,en,facts_yaml,facts
qna,grammar,english_grammar,punctuation,What is an ellipsis used for?,"An ellipsis (…) shows that words have been left out of a quotation, or indicates a pause or an unfinished thought.",beginner,en,facts_yaml,facts
qna,grammar,english_grammar,usage,"What is the difference between ""i.e."" and ""e.g.""?","""I.e."" (Latin id est) means ""that is"" and introduces a clarification or restatement. ""E.g."" (Latin exempli gratia) means ""for example"" and introduces one or more examples.",beginner,en,facts_yaml,facts
qna,grammar,english_grammar,usage,"What is the difference between ""principal"" and ""principle""?","""Principal"" can mean the head of a school or the main one of something, or an amount of money borrowed. ""Principle"" means a fundamental truth, rule, or belief.",beginner,en,facts_yaml,facts
qna,grammar,english_grammar,usage,"What is the difference between ""complement"" and ""compliment""?","""Complement"" means something that completes or goes well with something else, as in ""The wine complements the meal."" ""Compliment"" means an expression of praise.",beginner,en,facts_yaml,facts
qna,grammar,english_grammar,usage,"What is the difference between ""then"" and ""than""?","""Than"" is used for comparisons, as in ""She is taller than me."" ""Then"" refers to time or sequence, as in ""We ate, then we left.""",beginner,en,facts_yaml,facts
qna,grammar,english_grammar,usage,"What is the difference between ""your"" and ""you're""?","""Your"" is a possessive, as in ""your book."" ""You're"" is a contraction of ""you are,"" as in ""You're late.""",beginner,en,facts_yaml,facts
qna,grammar,english_grammar,usage,"What is the difference between ""whose"" and ""who's""?","""Whose"" is a possessive, as in ""Whose bag is this?"" ""Who's"" is a contraction of ""who is"" or ""who has.""",beginner,en,facts_yaml,facts
qna,grammar,english_grammar,usage,What is a double negative?,"A double negative uses two negative words in the same clause, as in ""I don't know nothing."" In standard English it is considered incorrect, since the negatives can logically cancel out, although it occurs in many dialects.",intermediate,en,facts_yaml,facts
qna,grammar,english_grammar,pronouns,What is pronoun-antecedent agreement?,"Pronoun-antecedent agreement means a pronoun must match the noun it refers to (its antecedent) in number and person. For example, ""The students finished their work"" uses a plural pronoun for a plural noun.",intermediate,en,facts_yaml,facts
qna,grammar,english_grammar,pronouns,What is a reflexive pronoun?,"A reflexive pronoun refers back to the subject of the sentence, such as ""myself,"" ""yourself,"" ""herself,"" or ""themselves,"" as in ""She taught herself to code.""",beginner,en,facts_yaml,facts
qna,grammar,english_grammar,pronouns,What are demonstrative pronouns?,"Demonstrative pronouns point to specific things: ""this"" and ""these"" for things near the speaker, and ""that"" and ""those"" for things farther away.",beginner,en,facts_yaml,facts
qna,grammar,english_grammar,adverbs,What is a conjunctive adverb?,"A conjunctive adverb, such as ""however,"" ""therefore,"" or ""moreover,"" connects two independent clauses and shows their relationship. It is usually preceded by a semicolon and followed by a comma.",intermediate,en,facts_yaml,facts
qna,general_knowledge,art_and_artists,elements,What are the seven elements of art?,"The seven elements of art are line, shape, form, space, color, value, and texture. They are the basic building blocks artists use to create a work.",beginner,en,facts_yaml,facts
qna,general_knowledge,art_and_artists,principles,What are the principles of design in art?,"The principles of design, such as balance, contrast, emphasis, movement, pattern, rhythm, proportion, and unity, describe how artists organize the elements of art in a composition.",intermediate,en,facts_yaml,facts
qna,general_knowledge,art_and_artists,color,What is the difference between warm and cool colors?,"Warm colors, such as red, orange, and yellow, suggest heat and energy and tend to appear closer. Cool colors, such as blue, green, and purple, suggest calm and distance and tend to recede.",beginner,en,facts_yaml,facts
qna,general_knowledge,art_and_artists,color,"What is the difference between hue, saturation, and value?","Hue is the basic color, such as red or blue. Saturation is the intensity or purity of the color, and value is how light or dark it is.",intermediate,en,facts_yaml,facts
qna,general_knowledge,art_and_artists,color,What is the difference between a tint and a shade?,"A tint is a color lightened by adding white, while a shade is a color darkened by adding black. Adding gray produces a tone.",beginner,en,facts_yaml,facts
qna,general_knowledge,art_and_artists,techniques,What is atmospheric perspective?,"Atmospheric (aerial) perspective is a technique that creates an illusion of depth by painting distant objects paler, bluer, and less detailed, imitating the effect of the atmosphere.",intermediate,en,facts_yaml,facts
qna,general_knowledge,art_and_artists,techniques,What is a mosaic?,"A mosaic is an image or pattern made by arranging small pieces of colored glass, stone, tile, or other materials, set into a surface.",beginner,en,facts_yaml,facts
qna,general_knowledge,art_and_artists,techniques,What is a collage?,"A collage is an artwork made by gluing various materials, such as paper, photographs, and fabric, onto a surface. Pablo Picasso and Georges Braque helped make it a fine-art technique.",beginner,en,facts_yaml,facts
qna,general_knowledge,art_and_artists,artists,What is ukiyo-e?,"Ukiyo-e is a Japanese art genre of woodblock prints and paintings that flourished from the 17th to 19th centuries, depicting landscapes, actors, and scenes of everyday life. Hokusai's The Great Wave off Kanagawa is its most famous work.",intermediate,en,facts_yaml,facts
qna,general_knowledge,art_and_artists,artists,What is Frida Kahlo known for?,"Frida Kahlo was a Mexican painter known for her vivid self-portraits, which explore identity, pain, and Mexican culture. Many of her works reflect her physical suffering after a serious bus accident.",intermediate,en,facts_yaml,facts
qna,general_knowledge,art_and_artists,architecture,What are the features of Gothic architecture?,"Gothic architecture, which flourished in Europe from the 12th to 16th centuries, features pointed arches, ribbed vaults, flying buttresses, and large stained-glass windows. Notre-Dame de Paris is a famous example.",intermediate,en,facts_yaml,facts
qna,general_knowledge,art_and_artists,movements,What is Art Nouveau?,"Art Nouveau was a style of art, architecture, and design popular from about 1890 to 1910, characterized by flowing, curving lines inspired by natural forms such as plants and flowers.",intermediate,en,facts_yaml,facts
qna,general_knowledge,art_and_artists,movements,What is Art Deco?,"Art Deco was a design style of the 1920s and 1930s known for bold geometric shapes, rich colors, and luxurious materials. The Chrysler Building in New York is a famous example.",intermediate,en,facts_yaml,facts
qna,general_knowledge,art_and_artists,movements,What was the Bauhaus?,"The Bauhaus was a German art and design school, founded in 1919 by Walter Gropius, that combined fine arts, crafts, and technology. It promoted simple, functional design and greatly influenced modern architecture.",intermediate,en,facts_yaml,facts
qna,general_knowledge,art_and_artists,movements,What is Pointillism?,"Pointillism is a painting technique developed by Georges Seurat and Paul Signac in which small dots of pure color are applied in patterns. From a distance, the viewer's eye blends them into an image.",intermediate,en,facts_yaml,facts
qna,general_knowledge,art_and_artists,movements,What is Post-Impressionism?,"Post-Impressionism was an art movement of the late 19th century that grew out of Impressionism but emphasized structure, symbolic content, and expressive color. Key artists include Vincent van Gogh, Paul Cézanne, and Paul Gauguin.",intermediate,en,facts_yaml,facts
qna,general_knowledge,art_and_artists,movements,What is Abstract Expressionism?,"Abstract Expressionism was an American art movement of the 1940s and 1950s emphasizing spontaneous, gestural, or emotional abstraction. Jackson Pollock's drip paintings and Mark Rothko's color fields are key examples.",advanced,en,facts_yaml,facts
qna,general_knowledge,art_and_artists,crafts,What is calligraphy?,"Calligraphy is the art of beautiful, decorative handwriting or lettering, produced with a pen or brush. It has rich traditions in Chinese, Arabic, Japanese, and Western cultures.",beginner,en,facts_yaml,facts
qna,general_knowledge,music,instruments,What are the four main families of orchestral instruments?,"The four main families are strings (such as violins and cellos), woodwinds (such as flutes and clarinets), brass (such as trumpets and horns), and percussion (such as drums and xylophones).",beginner,en,facts_yaml,facts
qna,general_knowledge,music,performance,What does a conductor do?,"A conductor directs an orchestra or choir, setting the tempo, cueing entries, shaping dynamics and expression, and unifying the performers' interpretation of the music.",beginner,en,facts_yaml,facts
qna,general_knowledge,music,composers,Who was Ludwig van Beethoven?,"Ludwig van Beethoven (1770–1827) was a German composer who bridged the Classical and Romantic eras. He wrote nine symphonies, including the Fifth and Ninth, and continued composing after becoming almost completely deaf.",beginner,en,facts_yaml,facts
qna,general_knowledge,music,composers,Who was Wolfgang Amadeus Mozart?,"Wolfgang Amadeus Mozart (1756–1791) was an Austrian composer of the Classical era and a child prodigy. He composed over 600 works, including operas such as The Magic Flute and The Marriage of Figaro.",beginner,en,facts_yaml,facts
qna,general_knowledge,music,composers,Who was Johann Sebastian Bach?,"Johann Sebastian Bach (1685–1750) was a German Baroque composer known for his mastery of counterpoint. His works include the Brandenburg Concertos, the Mass in B minor, and The Well-Tempered Clavier.",intermediate,en,facts_yaml,facts
qna,general_knowledge,music,notation,What do sharp and flat symbols mean in music?,"A sharp (♯) raises a note by a semitone, and a flat (♭) lowers a note by a semitone. A natural sign (♮) cancels a previous sharp or flat.",beginner,en,facts_yaml,facts
qna,general_knowledge,music,notation,What is a key signature?,"A key signature is a set of sharps or flats placed at the beginning of each staff that indicates the key of the piece, telling the performer which notes to play sharp or flat throughout.",intermediate,en,facts_yaml,facts
qna,general_knowledge,music,theory,What is an interval in music?,"An interval is the distance in pitch between two notes, such as a third or a fifth. Intervals are the basis of melodies and harmonies.",beginner,en,facts_yaml,facts
qna,general_knowledge,music,theory,What is the circle of fifths?,The circle of fifths is a diagram arranging the 12 musical keys so that each is a perfect fifth from its neighbors. It shows how many sharps or flats each key has and which keys are closely related.,intermediate,en,facts_yaml,facts
qna,general_knowledge,music,theory,What is a chord progression?,"A chord progression is a sequence of chords played in succession. The I–IV–V progression, using the chords built on the first, fourth, and fifth notes of the scale, underlies many folk, blues, and rock songs.",intermediate,en,facts_yaml,facts
qna,general_knowledge,music,genres,What is the 12-bar blues?,"The 12-bar blues is a chord progression spanning 12 measures, usually built from the I, IV, and V chords. It is the foundation of blues music and much of early rock and roll.",intermediate,en,facts_yaml,facts
qna,general_knowledge,music,genres,Where did jazz originate?,"Jazz originated in African American communities in New Orleans in the late 19th and early 20th centuries. It blended blues, ragtime, brass band music, and African rhythms and emphasizes improvisation and swing.",intermediate,en,facts_yaml,facts
qna,general_knowledge,music,genres,Where did hip hop originate?,"Hip hop originated in the Bronx, New York City, in the 1970s among African American and Latino youth. It encompasses rapping, DJing, breakdancing, and graffiti art.",intermediate,en,facts_yaml,facts
qna,general_knowledge,music,world_music,What is a raga in Indian classical music?,"A raga is a melodic framework in Indian classical music that specifies a set of notes, characteristic phrases, and mood, within which musicians improvise. Ragas are often associated with particular times of day or seasons.",intermediate,en,facts_yaml,facts
qna,general_knowledge,music,world_music,What is tala in Indian classical music?,"Tala is the rhythmic cycle in Indian classical music, a repeating pattern of beats that organizes a performance. Teentaal, with 16 beats, is one of the most common.",intermediate,en,facts_yaml,facts
qna,general_knowledge,music,world_music,What is a sitar?,The sitar is a long-necked plucked string instrument used in Hindustani classical music. It has movable frets and sympathetic strings that resonate to create its distinctive sound.,beginner,en,facts_yaml,facts
qna,general_knowledge,music,world_music,What is gamelan?,"Gamelan is the traditional ensemble music of Indonesia, especially Java and Bali, played mainly on bronze metallophones, gongs, and drums.",intermediate,en,facts_yaml,facts
qna,general_knowledge,music,theory,What is a pentatonic scale?,"A pentatonic scale has five notes per octave instead of seven. It is found in folk music worldwide and is common in blues, rock, and many Asian traditions.",intermediate,en,facts_yaml,facts
qna,general_knowledge,music,acoustics,How does a guitar player produce different notes on one string?,"Pressing a string against a fret shortens the vibrating length of the string, which raises its frequency and therefore its pitch. The pitch also depends on the string's tension and thickness.",intermediate,en,facts_yaml,facts
qna,general_knowledge,music,acoustics,What are overtones or harmonics in music?,"When an instrument plays a note, it produces the fundamental frequency plus higher frequencies called overtones or harmonics. The mix of these overtones gives each instrument its characteristic sound.",advanced,en,facts_yaml,facts
qna,general_knowledge,music,technology,What is MIDI?,"MIDI (Musical Instrument Digital Interface) is a technical standard that lets electronic instruments, computers, and other devices communicate. It transmits performance data, such as which notes are played and how hard, rather than audio.",intermediate,en,facts_yaml,facts
qna,general_knowledge,music,theory,What is a cadence in music?,"A cadence is a chord progression that ends a musical phrase or section, giving a sense of resolution or pause. A perfect (authentic) cadence moves from the V chord to the I chord.",advanced,en,facts_yaml,facts
qna,general_knowledge,music,theory,What is an ostinato?,"An ostinato is a short musical pattern that is persistently repeated, often in the bass or rhythm, while other parts change above it.",intermediate,en,facts_yaml,facts
qna,general_knowledge,music,theory,What is a leitmotif?,"A leitmotif is a recurring musical theme associated with a particular character, place, or idea. Richard Wagner used leitmotifs extensively in his operas, and film scores use them widely.",advanced,en,facts_yaml,facts
qna,general_knowledge,sports,olympics,When were the first modern Olympic Games held?,"The first modern Olympic Games were held in Athens, Greece, in 1896. They were revived largely through the efforts of the French educator Pierre de Coubertin.",beginner,en,facts_yaml,facts
qna,general_knowledge,sports,olympics,What do the five Olympic rings represent?,"The five interlocking Olympic rings represent the union of the five inhabited continents, as the movement counted them, and the meeting of athletes from around the world. At least one of their colors appears in every nation's flag.",beginner,en,facts_yaml,facts
qna,general_knowledge,sports,football,How often is the FIFA World Cup held?,"The men's FIFA World Cup is held every four years. The first tournament took place in Uruguay in 1930, and Uruguay won it.",beginner,en,facts_yaml,facts
qna,general_knowledge,sports,tennis,What are the four Grand Slam tennis tournaments?,"The four Grand Slam tournaments are the Australian Open, the French Open (Roland-Garros), Wimbledon, and the US Open. Wimbledon is the oldest and is played on grass.",intermediate,en,facts_yaml,facts
qna,general_knowledge,sports,cycling,What is the Tour de France?,The Tour de France is an annual multi-stage men's cycling race held mainly in France over about three weeks each July. The overall leader wears the yellow jersey.,beginner,en,facts_yaml,facts
qna,general_knowledge,sports,chess,What is checkmate in chess?,Checkmate occurs when a player's king is under attack (in check) and there is no legal move to escape the attack. Checkmate ends the game with a win for the attacking player.,beginner,en,facts_yaml,facts
qna,general_knowledge,sports,chess,What is castling in chess?,"Castling is a special move in which the king moves two squares toward a rook and the rook jumps over to the square beside the king. It is allowed only if neither piece has moved, the squares between are empty, and the king is not in, passing through, or landing in check.",intermediate,en,facts_yaml,facts
qna,general_knowledge,sports,swimming,What are the four competitive swimming strokes?,"The four competitive swimming strokes are freestyle (usually front crawl), backstroke, breaststroke, and butterfly. All four are combined in individual medley events.",beginner,en,facts_yaml,facts
qna,general_knowledge,sports,olympics,What are the Paralympic Games?,"The Paralympic Games are a major international multi-sport event for athletes with disabilities, held shortly after the Olympic Games in the same host city.",beginner,en,facts_yaml,facts
qna,general_knowledge,sports,governance,What is doping in sports?,"Doping is the use of banned performance-enhancing substances or methods, such as anabolic steroids or blood doping, by athletes. The World Anti-Doping Agency sets the list of prohibited substances.",intermediate,en,facts_yaml,facts
qna,general_knowledge,sports,football,What is VAR in football?,"VAR (video assistant referee) is a system in which officials review video footage to help the on-field referee with key decisions, such as goals, penalties, red cards, and mistaken identity.",intermediate,en,facts_yaml,facts
qna,general_knowledge,sports,football,What is a hat-trick in football?,"In football, a hat-trick is when one player scores three goals in a single match.",beginner,en,facts_yaml,facts
qna,general_knowledge,sports,athletics,What is a photo finish?,A photo finish is when two or more competitors cross the finish line so close together that a high-speed camera image is needed to determine the order.,intermediate,en,facts_yaml,facts
qna,general_knowledge,sports,motorsport,What is Formula One?,"Formula One is the highest class of international single-seater auto racing, sanctioned by the FIA. A season consists of races called Grands Prix held around the world.",beginner,en,facts_yaml,facts
qna,general_knowledge,sports,combat_sports,What is sumo?,Sumo is a traditional Japanese form of wrestling in which a wrestler wins by forcing the opponent out of the circular ring or making them touch the ground with any part of the body other than the soles of the feet.,intermediate,en,facts_yaml,facts
qna,general_knowledge,sports,combat_sports,What is judo?,"Judo is a Japanese martial art and Olympic sport, founded by Jigoro Kano in 1882, that focuses on throws, pins, and holds. The goal is to throw or take down an opponent using their own momentum.",beginner,en,facts_yaml,facts
qna,general_knowledge,sports,combat_sports,What are the three weapons used in Olympic fencing?,"Olympic fencing uses three weapons: the foil, the épée, and the sabre. Each has different target areas and rules for scoring.",intermediate,en,facts_yaml,facts
qna,general_knowledge,sports,winter_sports,What is curling?,Curling is a team sport played on ice in which players slide heavy granite stones toward a target called the house. Teammates sweep the ice in front of the stone to influence its speed and direction.,beginner,en,facts_yaml,facts
qna,general_knowledge,sports,cricket,"What is the difference between Test, ODI, and T20 cricket?","Test cricket is the longest format, played over up to five days with two innings per side. One Day Internationals (ODIs) give each team 50 overs, and Twenty20 (T20) matches give each team 20 overs, lasting about three hours.",intermediate,en,facts_yaml,facts
qna,general_knowledge,sports,tennis,How does a tiebreak work in tennis?,"A tiebreak is played when a set reaches 6–6 in games. Players alternate serves and score points 1, 2, 3, and so on, and the first to reach 7 points with a margin of at least 2 wins the set.",intermediate,en,facts_yaml,facts
qna,general_knowledge,sports,sports_science,What is VO2 max?,VO2 max is the maximum rate at which a person's body can take in and use oxygen during intense exercise. It is a key measure of aerobic fitness and endurance capacity.,advanced,en,facts_yaml,facts
qna,general_knowledge,sports,american_football,What is the Super Bowl?,The Super Bowl is the annual championship game of the National Football League (NFL) in the United States. It is one of the most-watched sporting events in the world.,beginner,en,facts_yaml,facts
qna,general_knowledge,agriculture,soil,How does soil pH affect crops?,Soil pH affects how available nutrients are to plants. Most crops grow best in slightly acidic to neutral soil (about pH 6 to 7); very acidic or alkaline soil can lock up nutrients or release toxic elements.,intermediate,en,facts_yaml,facts
qna,general_knowledge,agriculture,soil,What do the letters NPK on a fertilizer bag mean?,"NPK stands for nitrogen, phosphorus, and potassium, the three main plant nutrients. The numbers show the percentage of each, with nitrogen supporting leaf growth, phosphorus supporting roots and flowers, and potassium supporting overall plant health.",beginner,en,facts_yaml,facts
qna,general_knowledge,agriculture,farming_systems,What is slash-and-burn agriculture?,"Slash-and-burn agriculture clears forest by cutting and burning vegetation, using the ash to fertilize the soil for a few seasons before farmers move on. It can be sustainable at low population densities but causes deforestation when practiced widely.",intermediate,en,facts_yaml,facts
qna,general_knowledge,agriculture,history,What was the Green Revolution?,"The Green Revolution was a period from the 1940s to the 1970s when high-yielding crop varieties, chemical fertilizers, pesticides, and irrigation greatly increased food production in developing countries, especially India and Mexico.",intermediate,en,facts_yaml,facts
qna,general_knowledge,agriculture,technology,What is precision agriculture?,"Precision agriculture uses technologies such as GPS, sensors, drones, and data analysis to apply water, fertilizer, and pesticides exactly where and when they are needed, improving yields and reducing waste.",intermediate,en,facts_yaml,facts
qna,general_knowledge,agriculture,crops,What is the difference between kharif and rabi crops?,"In South Asia, kharif crops, such as rice, maize, and cotton, are sown at the start of the monsoon and harvested in autumn. Rabi crops, such as wheat, barley, and mustard, are sown in winter and harvested in spring.",intermediate,en,facts_yaml,facts
qna,general_knowledge,agriculture,crops,Why are rice paddies flooded?,"Flooding rice paddies suppresses weeds and pests that cannot survive underwater, while rice plants tolerate it well. The standing water also helps regulate temperature and nutrient availability.",intermediate,en,facts_yaml,facts
qna,general_knowledge,agriculture,soil,What is no-till farming?,"No-till farming grows crops without plowing the soil, planting seeds directly into the previous crop's residue. It reduces erosion, conserves moisture, and improves soil structure.",intermediate,en,facts_yaml,facts
qna,general_knowledge,agriculture,soil,What is soil salinization?,"Soil salinization is the buildup of salts in soil, often caused by irrigation in dry climates where water evaporates and leaves salts behind. It reduces crop yields and can make land unusable.",advanced,en,facts_yaml,facts
qna,general_knowledge,agriculture,pest_management,What is integrated pest management?,"Integrated pest management is an approach to controlling pests that combines biological, cultural, physical, and chemical methods, using pesticides only when needed. It aims to reduce costs and environmental harm.",intermediate,en,facts_yaml,facts
qna,general_knowledge,agriculture,pest_management,What is biological pest control?,"Biological pest control uses natural enemies, such as predators, parasites, or diseases, to control pest populations. For example, ladybirds are used to control aphids.",intermediate,en,facts_yaml,facts
qna,general_knowledge,agriculture,technology,What is vertical farming?,"Vertical farming grows crops in stacked layers indoors, often using hydroponics and LED lighting in controlled environments. It uses little land and water but has high energy costs.",intermediate,en,facts_yaml,facts
qna,general_knowledge,agriculture,fisheries,What is aquaculture?,"Aquaculture is the farming of fish, shellfish, and aquatic plants in controlled environments such as ponds, tanks, or ocean enclosures. It now supplies a large share of the world's seafood.",beginner,en,facts_yaml,facts
qna,general_knowledge,agriculture,livestock,What is silage?,"Silage is fodder made from green crops, such as grass or maize, that are compacted and stored airtight so they ferment. It preserves animal feed for use in winter or dry seasons.",intermediate,en,facts_yaml,facts
qna,general_knowledge,agriculture,food_systems,What is food security?,"Food security exists when all people at all times have physical and economic access to sufficient, safe, and nutritious food to meet their dietary needs for an active and healthy life.",intermediate,en,facts_yaml,facts
qna,general_knowledge,agriculture,conservation,What is the Svalbard Global Seed Vault?,"The Svalbard Global Seed Vault is a secure facility built into a mountain on a Norwegian Arctic island that stores backup copies of seeds from gene banks around the world, protecting crop diversity against disasters.",intermediate,en,facts_yaml,facts
qna,general_knowledge,agriculture,crops,What are the world's most important staple crops?,"The world's most important staple crops are rice, wheat, and maize (corn), which together provide a large share of the calories people eat. Other staples include potatoes, cassava, and soybeans.",beginner,en,facts_yaml,facts
qna,general_knowledge,agriculture,soil,What is fallow land?,Fallow land is farmland left unplanted for one or more growing seasons to allow the soil to recover its fertility and moisture.,beginner,en,facts_yaml,facts
qna,general_knowledge,agriculture,livestock,Why can cows digest grass when humans cannot?,"Cows are ruminants with a four-chambered stomach. Microbes in the rumen break down cellulose in grass, and cows chew their cud to further digest the plant material.",intermediate,en,facts_yaml,facts
qna,general_knowledge,agriculture,farming_systems,What is the difference between subsistence and commercial farming?,"Subsistence farming produces food mainly for the farmer's own family, with little left to sell. Commercial farming grows crops or raises animals on a larger scale mainly for sale and profit.",beginner,en,facts_yaml,facts
qna,general_knowledge,agriculture,farming_systems,What is plantation agriculture?,"Plantation agriculture is large-scale farming of a single cash crop, such as tea, coffee, sugarcane, rubber, or bananas, usually for export. It developed largely during colonial times.",intermediate,en,facts_yaml,facts
qna,general_knowledge,agriculture,soil,How does contour plowing reduce soil erosion?,"Contour plowing means plowing across a slope, following its contour lines, rather than up and down. The furrows act as small barriers that slow water runoff and help keep soil in place.",intermediate,en,facts_yaml,facts
qna,general_knowledge,agriculture,soil,What are windbreaks or shelterbelts?,"Windbreaks, or shelterbelts, are rows of trees or shrubs planted along the edges of fields to reduce wind speed. They protect crops and soil from wind erosion and can shelter livestock.",intermediate,en,facts_yaml,facts
qna,general_knowledge,agriculture,soil,What are mycorrhizae?,"Mycorrhizae are symbiotic associations between fungi and plant roots. The fungi help plants absorb water and nutrients, especially phosphorus, and the plants supply the fungi with sugars.",advanced,en,facts_yaml,facts
qna,general_knowledge,technology,devices,How does a capacitive touchscreen work?,"A capacitive touchscreen has a grid of transparent electrodes that holds a small electric field. When a finger touches the screen, it changes the capacitance at that point, and the device calculates where the touch occurred.",intermediate,en,facts_yaml,facts
qna,general_knowledge,technology,devices,How does a microwave oven heat food?,A microwave oven produces microwaves that make water molecules in food rotate rapidly as they try to align with the changing electric field. This molecular motion generates heat that cooks the food.,beginner,en,facts_yaml,facts
qna,general_knowledge,technology,devices,How do noise-cancelling headphones work?,Active noise-cancelling headphones use microphones to pick up ambient sound and generate a sound wave that is the exact opposite (inverted phase). The two waves cancel each other out through destructive interference.,intermediate,en,facts_yaml,facts
qna,general_knowledge,technology,devices,What is a QR code?,"A QR code is a two-dimensional barcode made of black and white squares that stores information such as a web address. Smartphone cameras can scan it quickly, and it includes error correction so it still works if partly damaged.",beginner,en,facts_yaml,facts
qna,general_knowledge,technology,devices,What is USB?,"USB (Universal Serial Bus) is a standard for connecting devices such as keyboards, storage drives, and phones to computers, transferring data and power through one type of connection.",beginner,en,facts_yaml,facts
qna,general_knowledge,technology,displays,What is the difference between OLED and LCD screens?,"An LCD uses a backlight shining through liquid crystals that control how much light passes. In an OLED screen, each pixel produces its own light, allowing true blacks, higher contrast, and thinner displays.",intermediate,en,facts_yaml,facts
qna,general_knowledge,technology,displays,What is a pixel?,"A pixel is the smallest element of a digital image or display. Each pixel shows one color, and millions of them together form the images on a screen.",beginner,en,facts_yaml,facts
qna,general_knowledge,technology,displays,What does screen resolution mean?,"Screen resolution is the number of pixels a display shows, given as width by height, such as 1920 × 1080. Higher resolution means more detail.",beginner,en,facts_yaml,facts
qna,general_knowledge,technology,displays,What is a display's refresh rate?,"The refresh rate is how many times per second a display updates its image, measured in hertz. A 120 Hz screen updates 120 times per second, making motion look smoother than a 60 Hz screen.",intermediate,en,facts_yaml,facts
qna,general_knowledge,technology,devices,How does a digital camera capture an image?,"A digital camera focuses light through a lens onto an image sensor made of millions of light-sensitive photosites. Each converts light into an electrical signal, which is processed into pixel data to form the image.",intermediate,en,facts_yaml,facts
qna,general_knowledge,technology,internet,What is the Internet of Things?,"The Internet of Things refers to everyday physical devices, such as thermostats, appliances, and sensors, that are connected to the internet and can collect and exchange data.",beginner,en,facts_yaml,facts
qna,general_knowledge,technology,transport,What is the difference between a hybrid car and an electric car?,"A hybrid car combines a gasoline engine with an electric motor and battery, using both to improve fuel efficiency. A fully electric car runs only on an electric motor powered by a battery charged from the grid.",intermediate,en,facts_yaml,facts
qna,general_knowledge,technology,devices,How does an induction cooktop heat a pan?,"An induction cooktop uses a rapidly alternating magnetic field to induce electric currents in a pan made of magnetic material, such as iron. The pan itself heats up while the cooktop surface stays relatively cool.",intermediate,en,facts_yaml,facts
qna,general_knowledge,technology,devices,Why are LED bulbs more efficient than incandescent bulbs?,"Incandescent bulbs make light by heating a filament, so about 90% of their energy is lost as heat. LEDs produce light directly from a semiconductor, using about 75 to 90% less energy for the same brightness.",beginner,en,facts_yaml,facts
qna,general_knowledge,technology,devices,How does a barcode scanner read a barcode?,A barcode scanner shines light across the barcode and detects the pattern of light reflected by the white spaces and absorbed by the black bars. The pattern is decoded into a number that identifies the product.,beginner,en,facts_yaml,facts
qna,general_knowledge,technology,security,How does a smartphone fingerprint sensor work?,"Most smartphone fingerprint sensors capture the pattern of ridges and valleys on a finger, using capacitance, light, or ultrasound. The pattern is compared with a stored template of the owner's fingerprint to unlock the device.",intermediate,en,facts_yaml,facts
qna,general_knowledge,technology,computing,What is the difference between virtual reality and augmented reality?,"Virtual reality immerses the user in a completely computer-generated environment, usually through a headset. Augmented reality overlays digital images or information onto the real world, as seen through a phone or glasses.",intermediate,en,facts_yaml,facts
qna,general_knowledge,technology,devices,What is a drone?,"A drone is an unmanned aircraft controlled remotely or flying autonomously using onboard computers. Drones are used for photography, delivery, agriculture, and military purposes.",beginner,en,facts_yaml,facts
qna,general_knowledge,technology,devices,Why do smartphone batteries lose capacity over time?,"Lithium-ion batteries degrade with each charge cycle and with age, as chemical side reactions consume lithium and damage electrode materials. Heat and keeping the battery at 100% or near 0% charge speed up this aging.",intermediate,en,facts_yaml,facts
qna,general_knowledge,technology,devices,How does an e-ink display work?,"E-ink displays contain millions of tiny capsules with charged black and white particles. Electric fields move the particles to the surface to form text and images, and the display uses power only when the page changes.",intermediate,en,facts_yaml,facts
qna,general_knowledge,technology,internet,How does a search engine find and rank web pages?,"A search engine uses automated programs called crawlers to discover web pages, stores their content in a huge index, and ranks results for each query using algorithms that consider relevance, quality, links, and many other signals.",intermediate,en,facts_yaml,facts
qna,general_knowledge,technology,software,What is open-source software?,"Open-source software has source code that anyone can freely view, use, modify, and share under its license. Linux, Firefox, and Python are examples.",beginner,en,facts_yaml,facts
qna,general_knowledge,technology,security,What is a CAPTCHA?,"A CAPTCHA is a test used on websites to tell humans and automated bots apart, such as typing distorted text or selecting images that contain a certain object.",beginner,en,facts_yaml,facts
qna,general_knowledge,technology,internet,What is video streaming?,"Streaming is delivering video or audio over the internet so it can be played while it is still downloading, rather than waiting for the whole file. Services such as Netflix and Spotify use streaming.",beginner,en,facts_yaml,facts
qna,everyday,food,cooking_science,Why do onions make your eyes water when cut?,"Cutting an onion breaks its cells and releases enzymes that produce a volatile sulfur compound called syn-propanethial-S-oxide. When it reaches your eyes, it irritates them and triggers tears.",beginner,en,facts_yaml,facts
qna,everyday,food,cooking_science,Why does bread go stale?,"Bread goes stale mainly because its starch molecules recrystallize and moisture moves out of the crumb as it cools and ages, making it hard and dry. This process, called retrogradation, happens faster in the refrigerator than at room temperature.",beginner,en,facts_yaml,facts
qna,everyday,food,cooking_science,Why do cut apples turn brown?,"When an apple is cut, an enzyme called polyphenol oxidase reacts with compounds in the fruit and oxygen in the air to form brown pigments. Lemon juice slows browning because its acid inhibits the enzyme.",beginner,en,facts_yaml,facts
qna,everyday,food,food_preservation,How does salt preserve food?,"Salt draws water out of food and out of microbial cells by osmosis. Without enough available water, bacteria and molds cannot grow, so salted foods last much longer.",beginner,en,facts_yaml,facts
qna,everyday,food,food_safety,What is pasteurization?,"Pasteurization is heating foods such as milk or juice to a specific temperature for a set time to kill harmful microorganisms, then cooling them quickly. It was developed by Louis Pasteur in the 1860s.",beginner,en,facts_yaml,facts
qna,everyday,food,cooking_science,Why does popcorn pop?,"Each popcorn kernel contains a small amount of water inside a hard shell. When heated, the water turns to steam, building pressure until the shell bursts and the starch inside expands into a fluffy foam.",beginner,en,facts_yaml,facts
qna,everyday,food,cooking_science,Why does an egg become solid when cooked?,"Heat causes the proteins in egg white and yolk to unfold (denature) and then bond with each other, forming a solid network that traps water. This change cannot be reversed.",intermediate,en,facts_yaml,facts
qna,everyday,food,cooking_science,What is the Maillard reaction?,"The Maillard reaction is a chemical reaction between amino acids and sugars that occurs when food is heated, typically above about 140 °C. It creates the brown color and rich flavors of seared meat, toasted bread, and roasted coffee.",intermediate,en,facts_yaml,facts
qna,everyday,food,cooking_science,What is caramelization?,"Caramelization is the browning of sugar when it is heated to high temperatures, breaking down into hundreds of compounds that give caramel its color and flavor. Unlike the Maillard reaction, it involves only sugars.",intermediate,en,facts_yaml,facts
qna,everyday,food,nutrition,What is gluten?,"Gluten is a group of proteins found in wheat, barley, and rye. It gives bread dough its elasticity and chewy texture, and people with celiac disease must avoid it.",beginner,en,facts_yaml,facts
qna,everyday,food,food_safety,Why does milk spoil?,"Milk spoils when bacteria multiply and break down its sugars into lactic acid, which makes it sour and causes proteins to clump. Refrigeration slows but does not stop this growth.",beginner,en,facts_yaml,facts
qna,everyday,food,food_safety,Why does refrigeration keep food fresh longer?,"Low temperatures slow the growth of bacteria, molds, and yeasts and slow down chemical reactions that cause spoilage. Most refrigerators are kept at or below about 4 °C for food safety.",beginner,en,facts_yaml,facts
qna,everyday,food,food_safety,"What is the difference between ""best before"" and ""use by"" dates?","A ""best before"" date relates to quality: food may still be safe after it but may not taste as good. A ""use by"" date relates to safety, and food should not be eaten after it.",intermediate,en,facts_yaml,facts
qna,everyday,food,nutrition,What is a calorie in nutrition?,"In nutrition, a Calorie (kilocalorie) is the amount of energy needed to raise the temperature of one kilogram of water by one degree Celsius. It measures the energy provided by food.",beginner,en,facts_yaml,facts
qna,everyday,food,nutrition,Why is dietary fiber important?,"Dietary fiber, found in whole grains, fruits, vegetables, and legumes, helps digestion, prevents constipation, helps control blood sugar and cholesterol, and makes you feel full.",beginner,en,facts_yaml,facts
qna,everyday,food,nutrition,What is a balanced diet?,"A balanced diet provides the right amounts of carbohydrates, proteins, fats, vitamins, minerals, fiber, and water from a variety of foods to maintain health and energy.",beginner,en,facts_yaml,facts
qna,everyday,food,taste,Why do chili peppers taste hot?,"Chili peppers contain capsaicin, which activates the same pain receptors in the mouth (TRPV1) that detect heat. The brain interprets this signal as a burning sensation, even though no actual heat is present.",intermediate,en,facts_yaml,facts
qna,everyday,food,taste,Why does mint make your mouth feel cold?,"Mint contains menthol, which activates cold-sensing receptors (TRPM8) in the mouth and skin. The brain interprets this as a cooling sensation without any real change in temperature.",intermediate,en,facts_yaml,facts
qna,everyday,food,taste,What is umami?,"Umami is one of the five basic tastes, alongside sweet, sour, salty, and bitter. It is a savory taste caused mainly by glutamate and is found in foods such as meat broth, tomatoes, cheese, and soy sauce.",beginner,en,facts_yaml,facts
qna,everyday,food,food_preservation,How is yogurt made?,"Yogurt is made by fermenting milk with bacteria such as Lactobacillus bulgaricus and Streptococcus thermophilus. The bacteria convert lactose into lactic acid, which thickens the milk and gives yogurt its tangy flavor.",beginner,en,facts_yaml,facts
qna,everyday,food,nutrition,What is lactose intolerance?,"Lactose intolerance is the inability to fully digest lactose, the sugar in milk, because the body makes too little of the enzyme lactase. It can cause bloating, cramps, and diarrhea after eating dairy products.",intermediate,en,facts_yaml,facts
qna,everyday,household_objects,home_science,Why do windows fog up?,"Windows fog up when warm, moist air touches the cold glass and cools below its dew point. The water vapor condenses into tiny droplets on the surface.",beginner,en,facts_yaml,facts
qna,everyday,household_objects,home_safety,How does a smoke detector work?,"Ionization smoke detectors use a tiny radioactive source to ionize air in a chamber, creating a small current that is disrupted when smoke enters. Photoelectric detectors sense smoke when it scatters a light beam onto a sensor.",intermediate,en,facts_yaml,facts
qna,everyday,household_objects,home_safety,Why is a carbon monoxide detector important?,"Carbon monoxide is a colorless, odorless gas produced by incomplete burning of fuels in stoves, heaters, and cars. It prevents the blood from carrying oxygen and can be deadly, so a detector is needed to warn people of it.",intermediate,en,facts_yaml,facts
qna,everyday,household_objects,home_safety,Why should bleach never be mixed with ammonia?,"Mixing bleach (sodium hypochlorite) with ammonia produces toxic chloramine gases, which can cause coughing, breathing problems, and serious lung damage.",intermediate,en,facts_yaml,facts
qna,everyday,household_objects,household_mechanisms,How does a pin-tumbler lock work?,"A pin-tumbler lock contains spring-loaded pairs of pins that block the plug from turning. The correct key pushes each pin pair to exactly the right height, lining up the gaps with the edge of the plug so it can rotate.",intermediate,en,facts_yaml,facts
qna,everyday,household_objects,household_mechanisms,How does a flush toilet work?,"Pressing the handle releases water from the tank into the bowl, raising the water level until it overflows into an S-shaped trap and starts a siphon. The siphon pulls the bowl's contents into the drain, and the tank then refills.",intermediate,en,facts_yaml,facts
qna,everyday,household_objects,home_science,What does a dehumidifier do?,"A dehumidifier removes moisture from the air, usually by drawing air over cold coils so water vapor condenses and drips into a container. It helps prevent mold and dampness.",beginner,en,facts_yaml,facts
qna,everyday,household_objects,home_science,Why do some clothes shrink in hot water?,"Heat and agitation relax the stretched fibers in fabrics such as cotton and wool, letting them contract back toward their natural state. Wool fibers also mat together, a process called felting.",beginner,en,facts_yaml,facts
qna,everyday,household_objects,home_science,Why do mirrors appear to reverse left and right?,"A mirror actually reverses front and back, not left and right. Your reflection's raised right hand is on the same side as your real right hand, but because we imagine turning around to face ourselves, it seems to be a left hand.",beginner,en,facts_yaml,facts
qna,everyday,transportation,vehicles,How do car disc brakes work?,"Pressing the brake pedal pushes hydraulic fluid through lines to calipers at each wheel. The calipers squeeze brake pads against a rotating disc, and the friction converts the car's kinetic energy into heat, slowing it down.",intermediate,en,facts_yaml,facts
qna,everyday,transportation,vehicles,What does an anti-lock braking system (ABS) do?,ABS prevents a vehicle's wheels from locking up during hard braking by rapidly pulsing brake pressure. This keeps the tires gripping the road so the driver can still steer.,intermediate,en,facts_yaml,facts
qna,everyday,transportation,vehicles,Why do tires have treads?,"Tire treads channel water away from the contact area between the tire and the road, reducing the risk of hydroplaning on wet surfaces. They also improve grip on loose surfaces such as snow and gravel.",beginner,en,facts_yaml,facts
qna,everyday,transportation,vehicles,How do seatbelts and airbags protect people in a crash?,"Seatbelts hold occupants in place and spread the stopping force across the strong bones of the chest and pelvis. Airbags inflate in milliseconds to cushion the head and chest, increasing the time over which the body stops and so reducing the force.",beginner,en,facts_yaml,facts
qna,everyday,transportation,aviation,Why do airliners cruise at high altitudes?,"Air is thinner at high altitudes, around 10 to 12 kilometers, so there is less drag and jet engines burn less fuel. Flying high also keeps planes above most weather and turbulence.",intermediate,en,facts_yaml,facts
qna,everyday,transportation,rail,How do electric trains get their power?,"Most electric trains draw power from overhead wires through a pantograph on the roof, or from an electrified third rail alongside the track. The electricity drives electric motors that turn the wheels.",intermediate,en,facts_yaml,facts
qna,everyday,transportation,rail,How does a maglev train work?,"A maglev train uses powerful magnets to levitate above a guideway and to propel it forward. Because it does not touch the track, there is no wheel friction, allowing speeds of over 500 kilometers per hour.",intermediate,en,facts_yaml,facts
qna,everyday,transportation,roads,Why are road curves often banked?,"Banking a curve tilts the road toward the inside of the turn, so part of the normal force from the road provides the centripetal force needed to turn. This lets vehicles take curves safely at higher speeds with less reliance on tire friction.",intermediate,en,facts_yaml,facts
qna,everyday,time,timekeeping,Why is an hour divided into 60 minutes?,"The division of hours into 60 minutes and minutes into 60 seconds comes from the ancient Babylonians, who used a base-60 (sexagesimal) number system. Sixty is convenient because it has many divisors.",intermediate,en,facts_yaml,facts
qna,everyday,time,timekeeping,What is daylight saving time?,"Daylight saving time is the practice of setting clocks forward by one hour in spring and back again in autumn, so that evenings have more daylight during the warmer months. Many countries do not use it.",beginner,en,facts_yaml,facts
qna,everyday,time,calendars,What is the Gregorian calendar?,"The Gregorian calendar is the calendar used by most of the world today, introduced by Pope Gregory XIII in 1582 to correct errors in the Julian calendar. It refined the leap year rule so that century years are leap years only if divisible by 400.",intermediate,en,facts_yaml,facts
qna,everyday,time,calendars,What do BCE and CE mean?,"BCE (Before Common Era) and CE (Common Era) are secular alternatives to BC and AD. They use the same year numbering, so 500 BCE is the same year as 500 BC.",beginner,en,facts_yaml,facts
qna,everyday,time,timekeeping,How does an atomic clock keep time?,"An atomic clock measures time using the extremely regular frequency of radiation absorbed or emitted by atoms, usually cesium or rubidium, when they change energy states. The second is defined as 9,192,631,770 oscillations of cesium-133 radiation.",advanced,en,facts_yaml,facts
qna,everyday,time,timekeeping,What is jet lag?,"Jet lag is a temporary sleep and fatigue problem that occurs after flying quickly across several time zones, because the body's internal clock is out of sync with the new local time.",beginner,en,facts_yaml,facts
qna,everyday,health,hygiene,Why is washing hands with soap important?,"Washing hands with soap and water for at least 20 seconds removes dirt and breaks down the outer membranes of many germs, lifting them off the skin. It is one of the most effective ways to prevent the spread of infections.",beginner,en,facts_yaml,facts
qna,everyday,health,sun_safety,How does sunscreen protect the skin?,"Sunscreen contains ingredients that absorb or reflect ultraviolet radiation before it can damage skin cells. This reduces the risk of sunburn, premature skin aging, and skin cancer.",beginner,en,facts_yaml,facts
qna,everyday,health,sun_safety,What does SPF mean on sunscreen?,"SPF (sun protection factor) measures how well a sunscreen protects against UVB rays, which cause sunburn. SPF 30 blocks about 97% of UVB rays when applied properly, and it should be reapplied regularly.",intermediate,en,facts_yaml,facts
qna,everyday,health,sleep,Why is sleep important for health?,"Sleep allows the body and brain to recover. It supports memory consolidation, immune function, tissue repair, and hormone regulation, and lack of sleep is linked to poorer concentration and higher risk of many diseases.",beginner,en,facts_yaml,facts
qna,everyday,health,measurements,What is body mass index (BMI)?,"BMI is a person's weight in kilograms divided by the square of their height in meters. It is used as a rough screening tool for weight categories, but it does not distinguish between muscle and fat.",intermediate,en,facts_yaml,facts
qna,everyday,health,measurements,What do the two numbers in a blood pressure reading mean?,"The first (systolic) number is the pressure in the arteries when the heart beats, and the second (diastolic) number is the pressure when the heart rests between beats. A normal adult reading is below about 120/80 mmHg.",intermediate,en,facts_yaml,facts
qna,everyday,health,measurements,What is the normal human body temperature?,"Normal human body temperature is about 37 °C (98.6 °F), though it varies slightly between people and throughout the day, typically from about 36.1 °C to 37.2 °C.",beginner,en,facts_yaml,facts
qna,everyday,health,measurements,What is a normal resting heart rate for adults?,A normal resting heart rate for adults is generally between 60 and 100 beats per minute. Well-trained athletes often have lower resting heart rates.,beginner,en,facts_yaml,facts
qna,everyday,health,first_aid,What is CPR?,"CPR (cardiopulmonary resuscitation) is an emergency procedure of chest compressions, often with rescue breaths, performed when someone's heart has stopped. It keeps blood flowing to the brain until professional help or a defibrillator arrives.",beginner,en,facts_yaml,facts
qna,everyday,health,first_aid,What is the Heimlich maneuver?,"The Heimlich maneuver, or abdominal thrusts, is a first aid technique for a choking person. The rescuer stands behind the person and gives quick upward thrusts below the ribcage to force air out and dislodge the obstruction.",beginner,en,facts_yaml,facts
qna,everyday,health,first_aid,What is the correct first aid for a minor burn?,"Cool the burn under cool (not ice-cold) running water for about 20 minutes, remove tight items such as rings, and cover it loosely with a clean, non-stick dressing. Do not apply ice, butter, or ointments.",beginner,en,facts_yaml,facts
qna,everyday,health,first_aid,Why should water never be thrown on a burning oil pan?,"Water sinks under the hot oil and instantly turns to steam, which violently expands and sprays burning oil everywhere, spreading the fire. The fire should be smothered with a lid or fire blanket and the heat turned off.",beginner,en,facts_yaml,facts
qna,everyday,health,fire_safety,What is the fire triangle?,"The fire triangle shows the three things a fire needs: heat, fuel, and oxygen. Removing any one of them, for example by cooling, removing fuel, or smothering, puts out the fire.",beginner,en,facts_yaml,facts
qna,everyday,health,first_aid,What does RICE stand for in treating sprains?,"RICE stands for rest, ice, compression, and elevation. It is a traditional first aid approach for sprains and strains to reduce pain and swelling in the first days after injury.",intermediate,en,facts_yaml,facts
qna,everyday,health,environmental_health,What is hypothermia?,"Hypothermia is a dangerous drop in body temperature below about 35 °C, caused by prolonged exposure to cold. Symptoms include shivering, confusion, and slurred speech, and it can be life-threatening.",intermediate,en,facts_yaml,facts
qna,everyday,health,environmental_health,What is heatstroke?,"Heatstroke is a life-threatening condition in which the body's temperature rises above about 40 °C and its cooling system fails, often after exertion in hot weather. Symptoms include confusion, hot skin, and collapse, and it requires emergency treatment.",intermediate,en,facts_yaml,facts
qna,everyday,health,dental_health,Why does fluoride help prevent tooth decay?,"Fluoride strengthens tooth enamel by helping form fluorapatite, which is more resistant to acid, and it helps repair early decay. It is added to toothpaste and, in many places, to drinking water.",beginner,en,facts_yaml,facts
qna,everyday,health,conditions,What is the difference between LDL and HDL cholesterol?,"LDL cholesterol is often called ""bad"" cholesterol because high levels can build up in artery walls and increase heart disease risk. HDL is called ""good"" cholesterol because it helps carry cholesterol away to the liver for removal.",intermediate,en,facts_yaml,facts
qna,everyday,health,conditions,What is the difference between type 1 and type 2 diabetes?,"In type 1 diabetes, the immune system destroys the insulin-producing cells of the pancreas, so the body makes little or no insulin. In type 2 diabetes, the body becomes resistant to insulin or does not make enough, and it is strongly linked to lifestyle factors.",intermediate,en,facts_yaml,facts
qna,everyday,health,nutrition,Why does the body need vitamin D?,"Vitamin D helps the body absorb calcium and phosphorus, which are needed for strong bones and teeth. The skin makes it when exposed to sunlight, and it is also found in oily fish and fortified foods.",beginner,en,facts_yaml,facts
qna,everyday,health,conditions,What is iron-deficiency anemia?,"Iron-deficiency anemia occurs when the body lacks enough iron to make hemoglobin, so the blood carries less oxygen. It causes tiredness, weakness, and pale skin.",intermediate,en,facts_yaml,facts
qna,everyday,health,conditions,What causes food poisoning?,"Food poisoning is caused by eating food contaminated with harmful bacteria, viruses, parasites, or toxins, such as Salmonella or norovirus. Symptoms include nausea, vomiting, diarrhea, and stomach cramps.",beginner,en,facts_yaml,facts
qna,science,general_science,scientific_method,What are the steps of the scientific method?,"The scientific method typically involves making observations, asking a question, forming a testable hypothesis, conducting experiments, analyzing the data, and drawing conclusions. Results are then shared so others can test and build on them.",beginner,en,facts_yaml,facts
qna,science,general_science,scientific_method,What is the difference between a hypothesis and a scientific theory?,"A hypothesis is a proposed, testable explanation for a specific observation. A scientific theory is a well-substantiated explanation of some aspect of nature, supported by a large body of evidence and repeatedly tested, such as the theory of evolution.",beginner,en,facts_yaml,facts
qna,science,general_science,scientific_method,What is the difference between a scientific law and a scientific theory?,"A scientific law describes what happens under certain conditions, often as a mathematical relationship, such as Newton's law of gravitation. A theory explains why it happens. Theories do not become laws; they serve different purposes.",intermediate,en,facts_yaml,facts
qna,science,general_science,scientific_method,What is a controlled experiment?,"A controlled experiment tests the effect of one variable by changing only that variable while keeping all other conditions the same. A control group, which does not receive the change, provides a baseline for comparison.",beginner,en,facts_yaml,facts
qna,science,general_science,scientific_method,What is peer review?,"Peer review is the evaluation of a scientific paper by independent experts in the same field before it is published. It helps check the quality, validity, and originality of the research.",intermediate,en,facts_yaml,facts
qna,science,general_science,units,"What do the SI prefixes kilo, mega, milli, and micro mean?","Kilo means one thousand (10³), mega means one million (10⁶), milli means one thousandth (10⁻³), and micro means one millionth (10⁻⁶). For example, a kilometer is 1,000 meters.",beginner,en,facts_yaml,facts
qna,science,general_science,units,How do you convert Celsius to Fahrenheit?,"Multiply the Celsius temperature by 9/5 and then add 32. For example, 100 °C × 9/5 + 32 = 212 °F, the boiling point of water at sea level.",beginner,en,facts_yaml,facts
qna,science,general_science,scientific_method,Why is reproducibility important in science?,"Reproducibility means other scientists can repeat an experiment and get consistent results. It confirms that findings are reliable and not due to error, chance, or bias.",intermediate,en,facts_yaml,facts
qna,science,general_science,scientific_method,What is a scientific model?,"A scientific model is a simplified representation of a system or phenomenon, such as a diagram, physical replica, or mathematical equation, used to explain and predict how it behaves.",intermediate,en,facts_yaml,facts
qna,general_knowledge,inventions_and_discoveries,medicine,Who discovered penicillin?,"Penicillin was discovered by the Scottish scientist Alexander Fleming in 1928, when he noticed that a mold called Penicillium killed bacteria on a culture plate. It was developed into a mass-produced medicine in the 1940s by Howard Florey, Ernst Chain, and colleagues.",beginner,en,facts_yaml,facts
qna,general_knowledge,inventions_and_discoveries,aviation,Who made the first powered airplane flight?,"Orville and Wilbur Wright made the first controlled, sustained, powered airplane flight on 17 December 1903 at Kitty Hawk, North Carolina. The first flight lasted 12 seconds and covered about 37 meters.",beginner,en,facts_yaml,facts
qna,general_knowledge,inventions_and_discoveries,science,What is Marie Curie known for?,"Marie Curie was a Polish-French physicist and chemist who pioneered research on radioactivity and discovered the elements polonium and radium. She was the first woman to win a Nobel Prize and the only person to win Nobel Prizes in two different sciences, physics and chemistry.",beginner,en,facts_yaml,facts
qna,general_knowledge,inventions_and_discoveries,communication,Who is credited with inventing the telephone?,"Alexander Graham Bell is credited with inventing the telephone and received the first US patent for it in 1876. Other inventors, such as Elisha Gray and Antonio Meucci, worked on similar devices around the same time.",beginner,en,facts_yaml,facts
qna,general_knowledge,inventions_and_discoveries,electricity,What is Thomas Edison known for?,"Thomas Edison was an American inventor who developed a practical long-lasting incandescent light bulb, the phonograph, and early motion-picture equipment. He also built one of the first industrial research laboratories and early electric power systems.",intermediate,en,facts_yaml,facts
qna,general_knowledge,inventions_and_discoveries,electricity,What is Nikola Tesla known for?,"Nikola Tesla was a Serbian-American inventor and engineer best known for developing the alternating current (AC) induction motor and polyphase AC power system, which became the basis of modern electricity supply.",intermediate,en,facts_yaml,facts
qna,general_knowledge,inventions_and_discoveries,medicine,What did Edward Jenner contribute to medicine?,"In 1796, Edward Jenner showed that inoculating people with material from cowpox protected them against smallpox. His work laid the foundation for vaccination, and smallpox was eventually eradicated in 1980.",intermediate,en,facts_yaml,facts
qna,general_knowledge,inventions_and_discoveries,computing,Who is considered the first computer programmer?,"Ada Lovelace is often considered the first computer programmer. In the 1840s, she wrote an algorithm for Charles Babbage's proposed Analytical Engine and recognized that computers could do more than calculation.",intermediate,en,facts_yaml,facts
qna,general_knowledge,inventions_and_discoveries,computing,Who invented the World Wide Web?,"The World Wide Web was invented by the British scientist Tim Berners-Lee in 1989 while working at CERN. He created the first web browser and web server and developed HTML, HTTP, and URLs.",beginner,en,facts_yaml,facts
qna,general_knowledge,inventions_and_discoveries,science,What did Gregor Mendel discover?,"Gregor Mendel, an Augustinian friar, experimented with pea plants in the 1850s and 1860s and discovered the basic laws of inheritance. He showed that traits are passed on in discrete units, now called genes, making him the founder of genetics.",intermediate,en,facts_yaml,facts
qna,general_knowledge,inventions_and_discoveries,science,What is Isaac Newton best known for?,"Isaac Newton was an English scientist who formulated the laws of motion and the law of universal gravitation, developed calculus independently of Leibniz, and made major discoveries in optics, such as the composition of white light.",beginner,en,facts_yaml,facts
qna,general_knowledge,inventions_and_discoveries,science,What is Albert Einstein best known for?,Albert Einstein was a German-born physicist best known for his theories of special and general relativity and the equation E = mc². He received the 1921 Nobel Prize in Physics for explaining the photoelectric effect.,beginner,en,facts_yaml,facts
qna,general_knowledge,inventions_and_discoveries,science,What is Charles Darwin known for?,"Charles Darwin was an English naturalist who proposed the theory of evolution by natural selection, published in On the Origin of Species in 1859. His ideas were shaped by observations made during his voyage on HMS Beagle.",intermediate,en,facts_yaml,facts
qna,general_knowledge,culture,festivals,What is Diwali?,"Diwali is the Hindu festival of lights, celebrated in October or November and also observed by Sikhs and Jains. It symbolizes the victory of light over darkness and good over evil, and is marked with oil lamps, fireworks, sweets, and prayers.",beginner,en,facts_yaml,facts
qna,general_knowledge,culture,festivals,What is Ramadan?,"Ramadan is the ninth month of the Islamic lunar calendar, during which Muslims fast from dawn to sunset. It commemorates the first revelation of the Quran and ends with the festival of Eid al-Fitr.",beginner,en,facts_yaml,facts
qna,general_knowledge,culture,festivals,What is Hanukkah?,Hanukkah is an eight-day Jewish festival of lights that commemorates the rededication of the Second Temple in Jerusalem in the 2nd century BCE. It is celebrated by lighting a nine-branched candelabrum called a menorah or hanukkiah.,beginner,en,facts_yaml,facts
qna,general_knowledge,culture,festivals,What is the Lunar New Year?,"The Lunar New Year, also called Spring Festival in China, marks the start of the new year in the lunisolar calendar, falling between late January and mid-February. It is celebrated with family reunions, feasts, red decorations, and fireworks in many East and Southeast Asian countries.",beginner,en,facts_yaml,facts
qna,general_knowledge,culture,festivals,What is Holi?,"Holi is a Hindu spring festival known as the festival of colors, when people throw colored powder and water at each other. It celebrates the arrival of spring and the triumph of good over evil.",beginner,en,facts_yaml,facts
qna,general_knowledge,culture,heritage,What is a UNESCO World Heritage Site?,"A UNESCO World Heritage Site is a place recognized by the United Nations Educational, Scientific and Cultural Organization as having outstanding cultural or natural value for humanity. Examples include the Taj Mahal, Machu Picchu, and the Great Barrier Reef.",intermediate,en,facts_yaml,facts
qna,general_knowledge,culture,heritage,What were the Seven Wonders of the Ancient World?,"The Seven Wonders of the Ancient World were the Great Pyramid of Giza, the Hanging Gardens of Babylon, the Statue of Zeus at Olympia, the Temple of Artemis at Ephesus, the Mausoleum at Halicarnassus, the Colossus of Rhodes, and the Lighthouse of Alexandria. Only the Great Pyramid survives.",intermediate,en,facts_yaml,facts
qna,general_knowledge,culture,heritage,Why was the Taj Mahal built?,"The Taj Mahal in Agra, India, was built by the Mughal emperor Shah Jahan between about 1632 and 1653 as a mausoleum for his wife Mumtaz Mahal. It is considered a masterpiece of Mughal architecture.",beginner,en,facts_yaml,facts
qna,general_knowledge,culture,heritage,What is Machu Picchu?,"Machu Picchu is a 15th-century Inca citadel located high in the Andes Mountains of Peru. Built for the emperor Pachacuti, it is famous for its precise dry-stone construction and is a UNESCO World Heritage Site.",beginner,en,facts_yaml,facts
qna,general_knowledge,culture,religions,What are the world's largest religions by number of followers?,"The largest religions by number of followers are Christianity, Islam, and Hinduism, followed by Buddhism. A large share of the world's population is also nonreligious.",beginner,en,facts_yaml,facts
qna,general_knowledge,culture,religions,What are the Five Pillars of Islam?,"The Five Pillars of Islam are the declaration of faith (shahada), prayer five times a day (salat), almsgiving (zakat), fasting during Ramadan (sawm), and pilgrimage to Mecca (hajj) for those who are able.",intermediate,en,facts_yaml,facts
qna,general_knowledge,culture,religions,What is Sikhism?,"Sikhism is a monotheistic religion founded by Guru Nanak in the Punjab region of South Asia in the 15th century. Its scripture is the Guru Granth Sahib, and it emphasizes equality, service, and devotion to one God.",intermediate,en,facts_yaml,facts
qna,science,biology,marine_biology,What is plankton?,"Plankton are organisms that drift in water and cannot swim against currents. Phytoplankton are plant-like and produce a large share of Earth's oxygen through photosynthesis, while zooplankton are tiny animals that feed on them.",intermediate,en,facts_yaml,facts
qna,science,biology,marine_biology,How do fish breathe underwater?,"Fish breathe using gills, which have thin filaments with many blood vessels. As water flows over the gills, dissolved oxygen diffuses into the blood and carbon dioxide diffuses out.",intermediate,en,facts_yaml,facts
qna,science,biology,marine_biology,What is bioluminescence?,"Bioluminescence is the production of light by living organisms through a chemical reaction, usually involving the molecule luciferin and the enzyme luciferase. Fireflies, some fungi, and many deep-sea creatures are bioluminescent.",intermediate,en,facts_yaml,facts
qna,science,biology,human_body,What is the largest organ of the human body?,"The skin is the largest organ of the human body by surface area and weight. In an adult, it covers about 1.5 to 2 square meters.",beginner,en,facts_yaml,facts
qna,science,biology,human_body,How many bones are in the adult human body?,"An adult human body typically has 206 bones. Babies are born with around 270 bones, many of which fuse together during growth.",beginner,en,facts_yaml,facts
qna,science,biology,human_body,What is the function of the appendix?,"The appendix is a small pouch attached to the large intestine. It was long thought to be useless, but it contains lymphatic tissue and may serve as a reservoir for beneficial gut bacteria.",intermediate,en,facts_yaml,facts
qna,science,chemistry,everyday_chemistry,How does a fire extinguisher work?,"Fire extinguishers put out fires by removing one or more elements of the fire triangle. For example, carbon dioxide extinguishers displace oxygen, water cools the fuel, and dry powder interrupts the chemical reactions of combustion.",intermediate,en,facts_yaml,facts
qna,science,chemistry,everyday_chemistry,Why do fireworks produce different colors?,"Fireworks contain metal salts that emit specific colors when heated: strontium produces red, sodium yellow, barium green, and copper blue. The heat excites the metal atoms' electrons, which emit light as they return to lower energy levels.",intermediate,en,facts_yaml,facts
qna,computer_science,computer_science,history,What was ENIAC?,"ENIAC (Electronic Numerical Integrator and Computer), completed in 1945 in the United States, was one of the first general-purpose electronic digital computers. It used about 18,000 vacuum tubes and filled a large room.",intermediate,en,facts_yaml,facts
qna,computer_science,computer_science,history,What was the ARPANET?,"ARPANET was an early packet-switching computer network funded by the US Department of Defense, first connected in 1969. It pioneered technologies such as TCP/IP and is considered the forerunner of the internet.",intermediate,en,facts_yaml,facts
