type,category,subject,topic,input,output,difficulty,language,source,dataset_tag
qna,language_foundation,vocabulary,verbs,"What does the word ""abandon"" mean?","""Abandon"" is a verb meaning to leave someone or something completely and not return, or to give up a plan or activity. Example: The crew had to abandon the sinking ship.",beginner,en,facts_yaml,facts
qna,language_foundation,vocabulary,verbs,"What does the word ""accumulate"" mean?","""Accumulate"" is a verb meaning to gradually gather or collect more of something over time. Example: Dust tends to accumulate on shelves that are rarely cleaned.",intermediate,en,facts_yaml,facts
qna,language_foundation,vocabulary,verbs,"What does the word ""acknowledge"" mean?","""Acknowledge"" is a verb meaning to accept or admit that something is true, or to show that you have noticed someone. Example: She acknowledged that she had made a mistake.",intermediate,en,facts_yaml,facts
qna,language_foundation,vocabulary,verbs,"What does the word ""adapt"" mean?","""Adapt"" is a verb meaning to change your behavior or something else to suit a new situation. Example: It took him a few weeks to adapt to life in a new city.",beginner,en,facts_yaml,facts
qna,language_foundation,vocabulary,verbs,"What does the word ""advocate"" mean?","""Advocate"" is a verb meaning to publicly support or recommend a particular idea, policy, or cause. Example: Many doctors advocate regular exercise for better health.",intermediate,en,facts_yaml,facts
qna,language_foundation,vocabulary,verbs,"What does the word ""allocate"" mean?","""Allocate"" is a verb meaning to give a particular amount of something, such as money or time, for a specific purpose. Example: The school allocated extra funds to buy new computers.",intermediate,en,facts_yaml,facts
qna,language_foundation,vocabulary,verbs,"What does the word ""alter"" mean?","""Alter"" is a verb meaning to change something, usually slightly. Example: The tailor altered the jacket so that it fit perfectly.",beginner,en,facts_yaml,facts
qna,language_foundation,vocabulary,verbs,"What does the word ""anticipate"" mean?","""Anticipate"" is a verb meaning to expect something to happen and often prepare for it in advance. Example: We anticipate heavy traffic, so we will leave early.",intermediate,en,facts_yaml,facts
qna,language_foundation,vocabulary,verbs,"What does the word ""appreciate"" mean?","""Appreciate"" is a verb meaning to be grateful for something, or to recognize the value or quality of something. Example: I really appreciate your help with the move.",beginner,en,facts_yaml,facts
qna,language_foundation,vocabulary,verbs,"What does the word ""assess"" mean?","""Assess"" is a verb meaning to judge or evaluate the quality, value, or importance of something. Example: The teacher assessed each student's progress at the end of term.",intermediate,en,facts_yaml,facts
qna,language_foundation,vocabulary,verbs,"What does the word ""assume"" mean?","""Assume"" is a verb meaning to believe something is true without having proof. Example: I assumed the shop would be open, but it was closed.",intermediate,en,facts_yaml,facts
qna,language_foundation,vocabulary,verbs,"What does the word ""attain"" mean?","""Attain"" is a verb meaning to achieve or reach something, usually after effort. Example: She worked hard to attain her goal of becoming a pilot.",advanced,en,facts_yaml,facts
qna,language_foundation,vocabulary,verbs,"What does the word ""clarify"" mean?","""Clarify"" is a verb meaning to make something easier to understand by explaining it more clearly. Example: Could you clarify what you mean by that?",beginner,en,facts_yaml,facts
qna,language_foundation,vocabulary,verbs,"What does the word ""collaborate"" mean?","""Collaborate"" is a verb meaning to work together with others to produce or achieve something. Example: The two companies collaborated on a new electric car.",intermediate,en,facts_yaml,facts
qna,language_foundation,vocabulary,verbs,"What does the word ""compensate"" mean?","""Compensate"" is a verb meaning to pay or give something to someone to make up for loss, injury, or work, or to balance out a weakness. Example: The airline compensated passengers for the long delay.",intermediate,en,facts_yaml,facts
qna,language_foundation,vocabulary,verbs,"What does the word ""comprehend"" mean?","""Comprehend"" is a verb meaning to understand something fully. Example: It is hard to comprehend how large the universe is.",advanced,en,facts_yaml,facts
qna,language_foundation,vocabulary,verbs,"What does the word ""conceal"" mean?","""Conceal"" is a verb meaning to hide something or keep it secret. Example: He tried to conceal his disappointment with a smile.",intermediate,en,facts_yaml,facts
qna,language_foundation,vocabulary,verbs,"What does the word ""concede"" mean?","""Concede"" is a verb meaning to admit, often reluctantly, that something is true, or to accept defeat. Example: The candidate conceded the election late on Tuesday night.",advanced,en,facts_yaml,facts
qna,language_foundation,vocabulary,verbs,"What does the word ""confine"" mean?","""Confine"" is a verb meaning to keep someone or something within certain limits or in a closed space. Example: Please confine your answer to the question asked.",intermediate,en,facts_yaml,facts
qna,language_foundation,vocabulary,verbs,"What does the word ""consult"" mean?","""Consult"" is a verb meaning to go to a person or source for information or advice. Example: You should consult a doctor if the pain continues.",beginner,en,facts_yaml,facts
qna,language_foundation,vocabulary,verbs,"What does the word ""contemplate"" mean?","""Contemplate"" is a verb meaning to think carefully about something for a long time, or to consider doing something. Example: He contemplated moving abroad after graduating.",advanced,en,facts_yaml,facts
qna,language_foundation,vocabulary,verbs,"What does the word ""contribute"" mean?","""Contribute"" is a verb meaning to give something, such as money, time, or ideas, to help achieve a result. Example: Everyone contributed a dish to the class party.",beginner,en,facts_yaml,facts
qna,language_foundation,vocabulary,verbs,"What does the word ""convey"" mean?","""Convey"" is a verb meaning to communicate an idea, feeling, or message, or to carry something from one place to another. Example: Her smile conveyed how happy she was.",intermediate,en,facts_yaml,facts
qna,language_foundation,vocabulary,verbs,"What does the word ""criticize"" mean?","""Criticize"" is a verb meaning to say what you think is wrong or bad about someone or something. Example: The film was criticized for being too long.",beginner,en,facts_yaml,facts
qna,language_foundation,vocabulary,verbs,"What does the word ""deceive"" mean?","""Deceive"" is a verb meaning to make someone believe something that is not true. Example: The advertisement deceived customers about the product's price.",intermediate,en,facts_yaml,facts
qna,language_foundation,vocabulary,verbs,"What does the word ""dedicate"" mean?","""Dedicate"" is a verb meaning to give a lot of time and effort to a particular task or purpose. Example: She dedicated her life to helping homeless families.",intermediate,en,facts_yaml,facts
qna,language_foundation,vocabulary,verbs,"What does the word ""deduce"" mean?","""Deduce"" is a verb meaning to reach a conclusion by reasoning from the available facts. Example: From the muddy boots, he deduced that she had been walking outside.",advanced,en,facts_yaml,facts
qna,language_foundation,vocabulary,verbs,"What does the word ""defer"" mean?","""Defer"" is a verb meaning to delay something until a later time, or to accept someone else's opinion out of respect. Example: The meeting was deferred until next month.",advanced,en,facts_yaml,facts
qna,language_foundation,vocabulary,verbs,"What does the word ""delegate"" mean?","""Delegate"" is a verb meaning to give part of your work or responsibility to someone else. Example: A good manager knows how to delegate tasks to the team.",intermediate,en,facts_yaml,facts
qna,language_foundation,vocabulary,verbs,"What does the word ""demolish"" mean?","""Demolish"" is a verb meaning to completely destroy a building or structure, or to prove an argument wrong. Example: The old factory was demolished to make room for a park.",beginner,en,facts_yaml,facts
qna,language_foundation,vocabulary,verbs,"What does the word ""deprive"" mean?","""Deprive"" is a verb meaning to take something important away from someone or prevent them from having it. Example: Lack of sleep can deprive your brain of the rest it needs.",intermediate,en,facts_yaml,facts
qna,language_foundation,vocabulary,verbs,"What does the word ""deteriorate"" mean?","""Deteriorate"" is a verb meaning to become gradually worse. Example: The weather deteriorated as the day went on.",intermediate,en,facts_yaml,facts
qna,language_foundation,vocabulary,verbs,"What does the word ""deviate"" mean?","""Deviate"" is a verb meaning to move away from the usual or planned course, rule, or behavior. Example: The pilot had to deviate from the flight path to avoid the storm.",advanced,en,facts_yaml,facts
qna,language_foundation,vocabulary,verbs,"What does the word ""diminish"" mean?","""Diminish"" is a verb meaning to become or make something smaller or less important. Example: The pain diminished after she took the medicine.",intermediate,en,facts_yaml,facts
qna,language_foundation,vocabulary,verbs,"What does the word ""disclose"" mean?","""Disclose"" is a verb meaning to make information known, especially something that was secret. Example: The company refused to disclose how much it paid for the building.",intermediate,en,facts_yaml,facts
qna,language_foundation,vocabulary,verbs,"What does the word ""discourage"" mean?","""Discourage"" is a verb meaning to make someone less confident or less willing to do something. Example: Don't let one bad result discourage you.",beginner,en,facts_yaml,facts
qna,language_foundation,vocabulary,verbs,"What does the word ""dismiss"" mean?","""Dismiss"" is a verb meaning to decide that something is not important or worth considering, or to remove someone from a job. Example: He dismissed the idea as unrealistic.",beginner,en,facts_yaml,facts
qna,language_foundation,vocabulary,verbs,"What does the word ""disrupt"" mean?","""Disrupt"" is a verb meaning to interrupt or disturb an activity, system, or process. Example: The strike disrupted train services across the country.",intermediate,en,facts_yaml,facts
qna,language_foundation,vocabulary,verbs,"What does the word ""distinguish"" mean?","""Distinguish"" is a verb meaning to recognize or show the difference between two or more things. Example: Can you distinguish between the two identical twins?",intermediate,en,facts_yaml,facts
qna,language_foundation,vocabulary,verbs,"What does the word ""donate"" mean?","""Donate"" is a verb meaning to give money, goods, or blood to help a person or organization. Example: They donated their old clothes to charity.",beginner,en,facts_yaml,facts
qna,language_foundation,vocabulary,verbs,"What does the word ""elaborate"" mean?","""Elaborate"" is a verb meaning to add more detail or explanation to something already said. Example: Could you elaborate on your plan?",intermediate,en,facts_yaml,facts
qna,language_foundation,vocabulary,verbs,"What does the word ""eliminate"" mean?","""Eliminate"" is a verb meaning to remove or get rid of something completely. Example: The new software eliminated most of the errors.",beginner,en,facts_yaml,facts
qna,language_foundation,vocabulary,verbs,"What does the word ""emerge"" mean?","""Emerge"" is a verb meaning to come out into view, or to become known. Example: The sun emerged from behind the clouds.",beginner,en,facts_yaml,facts
qna,language_foundation,vocabulary,verbs,"What does the word ""emphasize"" mean?","""Emphasize"" is a verb meaning to give special importance or attention to something. Example: The coach emphasized the need for teamwork.",beginner,en,facts_yaml,facts
qna,language_foundation,vocabulary,verbs,"What does the word ""encounter"" mean?","""Encounter"" is a verb meaning to meet or experience something, often something unexpected or difficult. Example: We encountered a few problems during the trip.",intermediate,en,facts_yaml,facts
qna,language_foundation,vocabulary,verbs,"What does the word ""endure"" mean?","""Endure"" is a verb meaning to suffer something painful or difficult patiently, or to continue to exist. Example: The soldiers endured freezing temperatures for weeks.",intermediate,en,facts_yaml,facts
qna,language_foundation,vocabulary,verbs,"What does the word ""enhance"" mean?","""Enhance"" is a verb meaning to improve the quality, value, or strength of something. Example: Good lighting can enhance the look of a room.",beginner,en,facts_yaml,facts
qna,language_foundation,vocabulary,verbs,"What does the word ""evaluate"" mean?","""Evaluate"" is a verb meaning to judge the quality, value, or importance of something after careful thought. Example: The committee will evaluate each application.",beginner,en,facts_yaml,facts
qna,language_foundation,vocabulary,verbs,"What does the word ""exaggerate"" mean?","""Exaggerate"" is a verb meaning to describe something as larger, better, or worse than it really is. Example: He exaggerated when he said the fish was as big as a car.",beginner,en,facts_yaml,facts
qna,language_foundation,vocabulary,verbs,"What does the word ""exceed"" mean?","""Exceed"" is a verb meaning to be greater than a particular number or amount, or to go beyond a limit. Example: The cost of the project exceeded the budget.",intermediate,en,facts_yaml,facts
qna,language_foundation,vocabulary,verbs,"What does the word ""exclude"" mean?","""Exclude"" is a verb meaning to deliberately leave someone or something out. Example: The price excludes delivery charges.",beginner,en,facts_yaml,facts
qna,language_foundation,vocabulary,verbs,"What does the word ""exhaust"" mean?","""Exhaust"" is a verb meaning to make someone extremely tired, or to use something up completely. Example: The long hike exhausted the children.",intermediate,en,facts_yaml,facts
qna,language_foundation,vocabulary,verbs,"What does the word ""expand"" mean?","""Expand"" is a verb meaning to become larger or to make something larger. Example: The company plans to expand into new markets.",beginner,en,facts_yaml,facts
qna,language_foundation,vocabulary,verbs,"What does the word ""facilitate"" mean?","""Facilitate"" is a verb meaning to make an action or process easier. Example: The new road will facilitate trade between the two towns.",advanced,en,facts_yaml,facts
qna,language_foundation,vocabulary,verbs,"What does the word ""fluctuate"" mean?","""Fluctuate"" is a verb meaning to change frequently in level, amount, or value. Example: Vegetable prices fluctuate throughout the year.",advanced,en,facts_yaml,facts
qna,language_foundation,vocabulary,verbs,"What does the word ""forbid"" mean?","""Forbid"" is a verb meaning to order someone not to do something. Example: The rules forbid swimming in the lake.",beginner,en,facts_yaml,facts
qna,language_foundation,vocabulary,verbs,"What does the word ""generate"" mean?","""Generate"" is a verb meaning to produce or create something. Example: The campaign generated a lot of public interest.",intermediate,en,facts_yaml,facts
qna,language_foundation,vocabulary,verbs,"What does the word ""hesitate"" mean?","""Hesitate"" is a verb meaning to pause before doing or saying something, often because you are uncertain. Example: Don't hesitate to ask if you need help.",beginner,en,facts_yaml,facts
qna,language_foundation,vocabulary,verbs,"What does the word ""highlight"" mean?","""Highlight"" is a verb meaning to draw special attention to something. Example: The report highlights the need for better roads.",beginner,en,facts_yaml,facts
qna,language_foundation,vocabulary,verbs,"What does the word ""hinder"" mean?","""Hinder"" is a verb meaning to make it difficult for someone to do something or for something to happen. Example: Heavy rain hindered the rescue efforts.",intermediate,en,facts_yaml,facts
qna,language_foundation,vocabulary,verbs,"What does the word ""ignore"" mean?","""Ignore"" is a verb meaning to deliberately pay no attention to someone or something. Example: She ignored the noise and kept reading.",beginner,en,facts_yaml,facts
qna,language_foundation,vocabulary,verbs,"What does the word ""illustrate"" mean?","""Illustrate"" is a verb meaning to explain or make something clearer using examples or pictures. Example: The teacher used a story to illustrate her point.",intermediate,en,facts_yaml,facts
qna,language_foundation,vocabulary,verbs,"What does the word ""imitate"" mean?","""Imitate"" is a verb meaning to copy someone's behavior, speech, or appearance. Example: Children often imitate their parents.",beginner,en,facts_yaml,facts
qna,language_foundation,vocabulary,verbs,"What does the word ""implement"" mean?","""Implement"" is a verb meaning to put a plan, decision, or system into action. Example: The city implemented a new recycling program.",intermediate,en,facts_yaml,facts
qna,language_foundation,vocabulary,verbs,"What does the word ""imply"" mean?","""Imply"" is a verb meaning to suggest something without saying it directly. Example: Are you implying that I was lying?",intermediate,en,facts_yaml,facts
qna,language_foundation,vocabulary,verbs,"What does the word ""impose"" mean?","""Impose"" is a verb meaning to officially force a rule, tax, or punishment on people. Example: The government imposed a new tax on sugary drinks.",intermediate,en,facts_yaml,facts
qna,language_foundation,vocabulary,verbs,"What does the word ""infer"" mean?","""Infer"" is a verb meaning to form an opinion or reach a conclusion from evidence rather than from direct statements. Example: From her tone, I inferred that she was annoyed.",advanced,en,facts_yaml,facts
qna,language_foundation,vocabulary,verbs,"What does the word ""inhibit"" mean?","""Inhibit"" is a verb meaning to slow down, prevent, or restrict an action or process. Example: Fear can inhibit people from speaking up.",advanced,en,facts_yaml,facts
qna,language_foundation,vocabulary,verbs,"What does the word ""initiate"" mean?","""Initiate"" is a verb meaning to cause something to begin. Example: The school initiated a new reading program.",intermediate,en,facts_yaml,facts
qna,language_foundation,vocabulary,verbs,"What does the word ""inquire"" mean?","""Inquire"" is a verb meaning to ask for information about something. Example: I called to inquire about the job opening.",intermediate,en,facts_yaml,facts
qna,language_foundation,vocabulary,verbs,"What does the word ""insist"" mean?","""Insist"" is a verb meaning to demand something firmly or to state something forcefully, refusing to accept refusal. Example: She insisted on paying for dinner.",beginner,en,facts_yaml,facts
qna,language_foundation,vocabulary,verbs,"What does the word ""inspire"" mean?","""Inspire"" is a verb meaning to fill someone with the desire or confidence to do something. Example: Her speech inspired many students to volunteer.",beginner,en,facts_yaml,facts
qna,language_foundation,vocabulary,verbs,"What does the word ""integrate"" mean?","""Integrate"" is a verb meaning to combine parts into a whole, or to become part of a group or society. Example: The app integrates your calendar and your email.",intermediate,en,facts_yaml,facts
qna,language_foundation,vocabulary,verbs,"What does the word ""interrupt"" mean?","""Interrupt"" is a verb meaning to stop someone while they are speaking or doing something. Example: Please don't interrupt me while I'm talking.",beginner,en,facts_yaml,facts
qna,language_foundation,vocabulary,verbs,"What does the word ""investigate"" mean?","""Investigate"" is a verb meaning to examine the facts about something carefully in order to discover the truth. Example: The police are investigating the robbery.",beginner,en,facts_yaml,facts
qna,language_foundation,vocabulary,verbs,"What does the word ""justify"" mean?","""Justify"" is a verb meaning to show or prove that something is right or reasonable. Example: How can you justify spending so much money?",intermediate,en,facts_yaml,facts
qna,language_foundation,vocabulary,verbs,"What does the word ""maintain"" mean?","""Maintain"" is a verb meaning to keep something in good condition or at the same level. Example: It is important to maintain a healthy weight.",beginner,en,facts_yaml,facts
qna,language_foundation,vocabulary,verbs,"What does the word ""manipulate"" mean?","""Manipulate"" is a verb meaning to control or influence someone or something cleverly and often unfairly. Example: He manipulated his friends into doing his work for him.",advanced,en,facts_yaml,facts
qna,language_foundation,vocabulary,verbs,"What does the word ""mediate"" mean?","""Mediate"" is a verb meaning to help two sides in a disagreement reach an agreement. Example: A neutral judge was asked to mediate the dispute.",advanced,en,facts_yaml,facts
qna,language_foundation,vocabulary,verbs,"What does the word ""modify"" mean?","""Modify"" is a verb meaning to change something slightly, usually to improve it. Example: We modified the recipe to use less sugar.",intermediate,en,facts_yaml,facts
qna,language_foundation,vocabulary,verbs,"What does the word ""neglect"" mean?","""Neglect"" is a verb meaning to fail to give proper care or attention to someone or something. Example: He neglected his garden, and the plants died.",intermediate,en,facts_yaml,facts
qna,language_foundation,vocabulary,verbs,"What does the word ""negotiate"" mean?","""Negotiate"" is a verb meaning to discuss something in order to reach an agreement. Example: They negotiated a lower price for the car.",intermediate,en,facts_yaml,facts
qna,language_foundation,vocabulary,verbs,"What does the word ""nurture"" mean?","""Nurture"" is a verb meaning to care for and encourage the growth or development of someone or something. Example: Good teachers nurture their students' curiosity.",advanced,en,facts_yaml,facts
qna,language_foundation,vocabulary,verbs,"What does the word ""obtain"" mean?","""Obtain"" is a verb meaning to get something, especially through effort. Example: You must obtain a permit before building a garage.",beginner,en,facts_yaml,facts
qna,language_foundation,vocabulary,verbs,"What does the word ""oppose"" mean?","""Oppose"" is a verb meaning to disagree with and try to stop or change something. Example: Many residents opposed the new airport.",beginner,en,facts_yaml,facts
qna,language_foundation,vocabulary,verbs,"What does the word ""overcome"" mean?","""Overcome"" is a verb meaning to successfully deal with or defeat a problem or difficulty. Example: She overcame her fear of flying.",beginner,en,facts_yaml,facts
qna,language_foundation,vocabulary,verbs,"What does the word ""overlook"" mean?","""Overlook"" is a verb meaning to fail to notice something, or to have a view of something from above. Example: It's easy to overlook small spelling mistakes.",intermediate,en,facts_yaml,facts
qna,language_foundation,vocabulary,verbs,"What does the word ""persuade"" mean?","""Persuade"" is a verb meaning to make someone agree to do or believe something by giving good reasons. Example: He persuaded his parents to let him go on the trip.",beginner,en,facts_yaml,facts
qna,language_foundation,vocabulary,verbs,"What does the word ""postpone"" mean?","""Postpone"" is a verb meaning to delay an event and arrange for it to happen later. Example: The match was postponed because of rain.",beginner,en,facts_yaml,facts
qna,language_foundation,vocabulary,verbs,"What does the word ""precede"" mean?","""Precede"" is a verb meaning to happen or exist before something else. Example: A short speech preceded the award ceremony.",advanced,en,facts_yaml,facts
qna,language_foundation,vocabulary,verbs,"What does the word ""predict"" mean?","""Predict"" is a verb meaning to say that something will happen in the future. Example: Experts predict that prices will rise next year.",beginner,en,facts_yaml,facts
qna,language_foundation,vocabulary,verbs,"What does the word ""preserve"" mean?","""Preserve"" is a verb meaning to keep something in its original state or protect it from harm or decay. Example: The museum preserves ancient manuscripts.",beginner,en,facts_yaml,facts
qna,language_foundation,vocabulary,verbs,"What does the word ""prevail"" mean?","""Prevail"" is a verb meaning to win or prove stronger in the end, or to be common in a particular place. Example: In the end, common sense prevailed.",advanced,en,facts_yaml,facts
qna,language_foundation,vocabulary,verbs,"What does the word ""prohibit"" mean?","""Prohibit"" is a verb meaning to officially forbid something by law or a rule. Example: Smoking is prohibited inside the building.",intermediate,en,facts_yaml,facts
qna,language_foundation,vocabulary,verbs,"What does the word ""provoke"" mean?","""Provoke"" is a verb meaning to cause a strong reaction, especially anger, or to deliberately annoy someone. Example: His comments provoked an angry response.",intermediate,en,facts_yaml,facts
qna,language_foundation,vocabulary,verbs,"What does the word ""pursue"" mean?","""Pursue"" is a verb meaning to follow or chase someone, or to try to achieve something over time. Example: She plans to pursue a career in medicine.",intermediate,en,facts_yaml,facts
qna,language_foundation,vocabulary,verbs,"What does the word ""recommend"" mean?","""Recommend"" is a verb meaning to suggest that someone or something is good or suitable. Example: Can you recommend a good restaurant nearby?",beginner,en,facts_yaml,facts
qna,language_foundation,vocabulary,verbs,"What does the word ""reconcile"" mean?","""Reconcile"" is a verb meaning to restore friendly relations between people, or to make two ideas or facts consistent. Example: The brothers finally reconciled after years of arguing.",advanced,en,facts_yaml,facts
qna,language_foundation,vocabulary,verbs,"What does the word ""refine"" mean?","""Refine"" is a verb meaning to improve something by making small changes, or to remove impurities from a substance. Example: She refined her essay after getting feedback.",intermediate,en,facts_yaml,facts
qna,language_foundation,vocabulary,verbs,"What does the word ""reinforce"" mean?","""Reinforce"" is a verb meaning to make something stronger or more certain. Example: Practice reinforces what you learn in class.",intermediate,en,facts_yaml,facts
qna,language_foundation,vocabulary,verbs,"What does the word ""reject"" mean?","""Reject"" is a verb meaning to refuse to accept, believe, or consider something. Example: The editor rejected the article.",beginner,en,facts_yaml,facts
qna,language_foundation,vocabulary,verbs,"What does the word ""relinquish"" mean?","""Relinquish"" is a verb meaning to give up control, power, or possession of something, often unwillingly. Example: The king was forced to relinquish his throne.",advanced,en,facts_yaml,facts
qna,language_foundation,vocabulary,verbs,"What does the word ""renovate"" mean?","""Renovate"" is a verb meaning to repair and improve an old building or room. Example: They renovated the kitchen last summer.",intermediate,en,facts_yaml,facts
qna,language_foundation,vocabulary,verbs,"What does the word ""resemble"" mean?","""Resemble"" is a verb meaning to look like or be similar to someone or something. Example: She closely resembles her grandmother.",intermediate,en,facts_yaml,facts
qna,language_foundation,vocabulary,verbs,"What does the word ""restrain"" mean?","""Restrain"" is a verb meaning to stop someone or something from doing something, often by force. Example: He had to restrain his dog from chasing the cat.",intermediate,en,facts_yaml,facts
qna,language_foundation,vocabulary,verbs,"What does the word ""retain"" mean?","""Retain"" is a verb meaning to keep or continue to have something. Example: Clay soil retains water well.",intermediate,en,facts_yaml,facts
qna,language_foundation,vocabulary,verbs,"What does the word ""retrieve"" mean?","""Retrieve"" is a verb meaning to get something back, especially from a place where it was left or stored. Example: I need to retrieve my coat from the cloakroom.",intermediate,en,facts_yaml,facts
qna,language_foundation,vocabulary,verbs,"What does the word ""reveal"" mean?","""Reveal"" is a verb meaning to make something known that was secret or hidden. Example: The magician never reveals his tricks.",beginner,en,facts_yaml,facts
qna,language_foundation,vocabulary,verbs,"What does the word ""scrutinize"" mean?","""Scrutinize"" is a verb meaning to examine something very carefully and in detail. Example: The lawyer scrutinized every line of the contract.",advanced,en,facts_yaml,facts
qna,language_foundation,vocabulary,verbs,"What does the word ""speculate"" mean?","""Speculate"" is a verb meaning to form ideas or guesses about something without firm evidence. Example: Fans speculated about who would win the award.",advanced,en,facts_yaml,facts
qna,language_foundation,vocabulary,verbs,"What does the word ""stimulate"" mean?","""Stimulate"" is a verb meaning to encourage something to grow, develop, or become more active. Example: Lower taxes may stimulate the economy.",intermediate,en,facts_yaml,facts
qna,language_foundation,vocabulary,verbs,"What does the word ""substitute"" mean?","""Substitute"" is a verb meaning to use something or someone in place of another. Example: You can substitute honey for sugar in this recipe.",beginner,en,facts_yaml,facts
qna,language_foundation,vocabulary,verbs,"What does the word ""suppress"" mean?","""Suppress"" is a verb meaning to stop something from being seen, expressed, or continuing. Example: She tried to suppress a laugh during the meeting.",advanced,en,facts_yaml,facts
qna,language_foundation,vocabulary,verbs,"What does the word ""surpass"" mean?","""Surpass"" is a verb meaning to be better or greater than something or someone. Example: The results surpassed all our expectations.",advanced,en,facts_yaml,facts
qna,language_foundation,vocabulary,verbs,"What does the word ""sustain"" mean?","""Sustain"" is a verb meaning to keep something going over time, or to suffer an injury or loss. Example: The company cannot sustain such high losses.",intermediate,en,facts_yaml,facts
qna,language_foundation,vocabulary,verbs,"What does the word ""tolerate"" mean?","""Tolerate"" is a verb meaning to accept or allow something unpleasant or different without complaining. Example: I can't tolerate loud music late at night.",intermediate,en,facts_yaml,facts
qna,language_foundation,vocabulary,verbs,"What does the word ""undermine"" mean?","""Undermine"" is a verb meaning to gradually weaken or damage something, especially confidence or authority. Example: Constant criticism can undermine a person's confidence.",advanced,en,facts_yaml,facts
qna,language_foundation,vocabulary,verbs,"What does the word ""utilize"" mean?","""Utilize"" is a verb meaning to make practical use of something. Example: The factory utilizes solar power.",advanced,en,facts_yaml,facts
qna,language_foundation,vocabulary,verbs,"What does the word ""verify"" mean?","""Verify"" is a verb meaning to check or prove that something is true or correct. Example: Please verify your email address.",intermediate,en,facts_yaml,facts
qna,language_foundation,vocabulary,verbs,"What does the word ""withdraw"" mean?","""Withdraw"" is a verb meaning to take something out or back, or to stop taking part in something. Example: I need to withdraw some cash from the bank.",beginner,en,facts_yaml,facts
qna,language_foundation,vocabulary,adjectives,"What does the word ""abundant"" mean?","""Abundant"" is an adjective meaning existing in large quantities; more than enough. Example: The region has abundant supplies of fresh water.",intermediate,en,facts_yaml,facts
qna,language_foundation,vocabulary,adjectives,"What does the word ""accurate"" mean?","""Accurate"" is an adjective meaning correct and exact, without errors. Example: The weather forecast was surprisingly accurate.",beginner,en,facts_yaml,facts
qna,language_foundation,vocabulary,adjectives,"What does the word ""adequate"" mean?","""Adequate"" is an adjective meaning good enough or sufficient for a particular purpose. Example: Make sure you get adequate sleep before the exam.",intermediate,en,facts_yaml,facts
qna,language_foundation,vocabulary,adjectives,"What does the word ""affluent"" mean?","""Affluent"" is an adjective meaning wealthy; having a lot of money. Example: They live in an affluent neighborhood with large houses.",advanced,en,facts_yaml,facts
qna,language_foundation,vocabulary,adjectives,"What does the word ""ambiguous"" mean?","""Ambiguous"" is an adjective meaning having more than one possible meaning, and therefore unclear. Example: The instructions were ambiguous, so everyone did something different.",intermediate,en,facts_yaml,facts
qna,language_foundation,vocabulary,adjectives,"What does the word ""ambitious"" mean?","""Ambitious"" is an adjective meaning having a strong desire to succeed, or requiring great effort to achieve. Example: She is ambitious and wants to run her own company one day.",beginner,en,facts_yaml,facts
qna,language_foundation,vocabulary,adjectives,"What does the word ""ample"" mean?","""Ample"" is an adjective meaning more than enough. Example: There is ample parking behind the building.",intermediate,en,facts_yaml,facts
qna,language_foundation,vocabulary,adjectives,"What does the word ""anxious"" mean?","""Anxious"" is an adjective meaning worried or nervous about something that might happen. Example: He felt anxious before his job interview.",beginner,en,facts_yaml,facts
qna,language_foundation,vocabulary,adjectives,"What does the word ""apparent"" mean?","""Apparent"" is an adjective meaning clearly seen or understood; seeming real or true. Example: It soon became apparent that we were lost.",intermediate,en,facts_yaml,facts
qna,language_foundation,vocabulary,adjectives,"What does the word ""arrogant"" mean?","""Arrogant"" is an adjective meaning behaving as if you are more important or better than other people. Example: His arrogant attitude annoyed his teammates.",intermediate,en,facts_yaml,facts
qna,language_foundation,vocabulary,adjectives,"What does the word ""authentic"" mean?","""Authentic"" is an adjective meaning real or genuine, not a copy or imitation. Example: The restaurant serves authentic Italian food.",intermediate,en,facts_yaml,facts
qna,language_foundation,vocabulary,adjectives,"What does the word ""benevolent"" mean?","""Benevolent"" is an adjective meaning kind, generous, and wanting to help others. Example: A benevolent donor paid for the new library.",advanced,en,facts_yaml,facts
qna,language_foundation,vocabulary,adjectives,"What does the word ""blunt"" mean?","""Blunt"" is an adjective meaning saying what you think directly, without trying to be polite; or not sharp. Example: To be blunt, your essay needs a lot of work.",intermediate,en,facts_yaml,facts
qna,language_foundation,vocabulary,adjectives,"What does the word ""candid"" mean?","""Candid"" is an adjective meaning honest and direct, even when the truth is uncomfortable. Example: She gave a candid interview about her struggles.",advanced,en,facts_yaml,facts
qna,language_foundation,vocabulary,adjectives,"What does the word ""cautious"" mean?","""Cautious"" is an adjective meaning careful to avoid risks or danger. Example: Be cautious when driving on icy roads.",beginner,en,facts_yaml,facts
qna,language_foundation,vocabulary,adjectives,"What does the word ""compassionate"" mean?","""Compassionate"" is an adjective meaning showing sympathy and concern for the suffering of others. Example: The nurse was compassionate and patient with every patient.",intermediate,en,facts_yaml,facts
qna,language_foundation,vocabulary,adjectives,"What does the word ""competent"" mean?","""Competent"" is an adjective meaning having the skills or knowledge to do something well enough. Example: We need a competent electrician to fix this.",intermediate,en,facts_yaml,facts
qna,language_foundation,vocabulary,adjectives,"What does the word ""comprehensive"" mean?","""Comprehensive"" is an adjective meaning including all or nearly all parts or details. Example: The guide gives a comprehensive overview of the city.",intermediate,en,facts_yaml,facts
qna,language_foundation,vocabulary,adjectives,"What does the word ""concise"" mean?","""Concise"" is an adjective meaning giving information clearly using few words. Example: Keep your answers short and concise.",intermediate,en,facts_yaml,facts
qna,language_foundation,vocabulary,adjectives,"What does the word ""confident"" mean?","""Confident"" is an adjective meaning feeling sure about your abilities or that something will happen. Example: She felt confident that she would pass the test.",beginner,en,facts_yaml,facts
qna,language_foundation,vocabulary,adjectives,"What does the word ""considerate"" mean?","""Considerate"" is an adjective meaning careful not to upset or inconvenience other people. Example: It was considerate of you to call and say you'd be late.",intermediate,en,facts_yaml,facts
qna,language_foundation,vocabulary,adjectives,"What does the word ""consistent"" mean?","""Consistent"" is an adjective meaning always behaving or happening in the same way. Example: Consistent practice is the key to learning a language.",beginner,en,facts_yaml,facts
qna,language_foundation,vocabulary,adjectives,"What does the word ""conspicuous"" mean?","""Conspicuous"" is an adjective meaning very easy to see or notice. Example: He felt conspicuous in his bright orange jacket.",advanced,en,facts_yaml,facts
qna,language_foundation,vocabulary,adjectives,"What does the word ""contemporary"" mean?","""Contemporary"" is an adjective meaning belonging to the present time, or living or happening at the same time as something else. Example: The gallery displays contemporary art.",intermediate,en,facts_yaml,facts
qna,language_foundation,vocabulary,adjectives,"What does the word ""convenient"" mean?","""Convenient"" is an adjective meaning easy to use or suitable for your plans, without causing difficulty. Example: The shop is in a convenient location near the station.",beginner,en,facts_yaml,facts
qna,language_foundation,vocabulary,adjectives,"What does the word ""courteous"" mean?","""Courteous"" is an adjective meaning polite and respectful. Example: The hotel staff were very courteous.",intermediate,en,facts_yaml,facts
qna,language_foundation,vocabulary,adjectives,"What does the word ""credible"" mean?","""Credible"" is an adjective meaning able to be believed or trusted. Example: The witness gave a credible account of the accident.",intermediate,en,facts_yaml,facts
qna,language_foundation,vocabulary,adjectives,"What does the word ""crucial"" mean?","""Crucial"" is an adjective meaning extremely important, often because other things depend on it. Example: Getting enough sleep is crucial for good health.",intermediate,en,facts_yaml,facts
qna,language_foundation,vocabulary,adjectives,"What does the word ""curious"" mean?","""Curious"" is an adjective meaning eager to know or learn about something. Example: Young children are naturally curious about the world.",beginner,en,facts_yaml,facts
qna,language_foundation,vocabulary,adjectives,"What does the word ""cynical"" mean?","""Cynical"" is an adjective meaning believing that people are generally motivated only by self-interest. Example: He is cynical about politicians' promises.",advanced,en,facts_yaml,facts
qna,language_foundation,vocabulary,adjectives,"What does the word ""decisive"" mean?","""Decisive"" is an adjective meaning able to make decisions quickly and firmly, or having a strong effect on the result. Example: The captain made a decisive move in the final minutes.",intermediate,en,facts_yaml,facts
qna,language_foundation,vocabulary,adjectives,"What does the word ""deliberate"" mean?","""Deliberate"" is an adjective meaning done on purpose rather than by accident, or slow and careful. Example: It was a deliberate attempt to mislead us.",intermediate,en,facts_yaml,facts
qna,language_foundation,vocabulary,adjectives,"What does the word ""diligent"" mean?","""Diligent"" is an adjective meaning showing care and effort in your work or duties. Example: She is a diligent student who always finishes her homework.",intermediate,en,facts_yaml,facts
qna,language_foundation,vocabulary,adjectives,"What does the word ""discreet"" mean?","""Discreet"" is an adjective meaning careful not to attract attention or reveal private information. Example: Please be discreet about what I told you.",intermediate,en,facts_yaml,facts
qna,language_foundation,vocabulary,adjectives,"What does the word ""diverse"" mean?","""Diverse"" is an adjective meaning showing a lot of variety; very different from each other. Example: The city has a diverse population.",beginner,en,facts_yaml,facts
qna,language_foundation,vocabulary,adjectives,"What does the word ""dubious"" mean?","""Dubious"" is an adjective meaning doubtful; probably not true, honest, or good. Example: He made some dubious claims about his experience.",advanced,en,facts_yaml,facts
qna,language_foundation,vocabulary,adjectives,"What does the word ""durable"" mean?","""Durable"" is an adjective meaning able to last a long time without breaking or wearing out. Example: These boots are made of durable leather.",beginner,en,facts_yaml,facts
qna,language_foundation,vocabulary,adjectives,"What does the word ""eager"" mean?","""Eager"" is an adjective meaning wanting very much to do or have something. Example: The students were eager to start the experiment.",beginner,en,facts_yaml,facts
qna,language_foundation,vocabulary,adjectives,"What does the word ""eccentric"" mean?","""Eccentric"" is an adjective meaning unusual or strange in a way that is not harmful. Example: Her eccentric uncle wears a top hat every day.",advanced,en,facts_yaml,facts
qna,language_foundation,vocabulary,adjectives,"What does the word ""elegant"" mean?","""Elegant"" is an adjective meaning graceful and stylish in appearance or manner. Example: She wore an elegant black dress to the party.",beginner,en,facts_yaml,facts
qna,language_foundation,vocabulary,adjectives,"What does the word ""eloquent"" mean?","""Eloquent"" is an adjective meaning able to express ideas clearly and persuasively in speech or writing. Example: The mayor gave an eloquent speech.",advanced,en,facts_yaml,facts
qna,language_foundation,vocabulary,adjectives,"What does the word ""eminent"" mean?","""Eminent"" is an adjective meaning famous and respected within a particular field. Example: She is an eminent scientist in the field of genetics.",advanced,en,facts_yaml,facts
qna,language_foundation,vocabulary,adjectives,"What does the word ""enormous"" mean?","""Enormous"" is an adjective meaning extremely large. Example: An enormous crowd gathered in the square.",beginner,en,facts_yaml,facts
qna,language_foundation,vocabulary,adjectives,"What does the word ""enthusiastic"" mean?","""Enthusiastic"" is an adjective meaning showing great excitement and interest. Example: The audience gave an enthusiastic round of applause.",beginner,en,facts_yaml,facts
qna,language_foundation,vocabulary,adjectives,"What does the word ""essential"" mean?","""Essential"" is an adjective meaning absolutely necessary; extremely important. Example: Water is essential for life.",beginner,en,facts_yaml,facts
qna,language_foundation,vocabulary,adjectives,"What does the word ""evident"" mean?","""Evident"" is an adjective meaning clear and obvious. Example: It was evident that he had not prepared for the meeting.",intermediate,en,facts_yaml,facts
qna,language_foundation,vocabulary,adjectives,"What does the word ""exquisite"" mean?","""Exquisite"" is an adjective meaning extremely beautiful and delicate. Example: The dress had exquisite embroidery.",advanced,en,facts_yaml,facts
qna,language_foundation,vocabulary,adjectives,"What does the word ""feasible"" mean?","""Feasible"" is an adjective meaning possible and practical to do. Example: Is it feasible to finish the project by Friday?",intermediate,en,facts_yaml,facts
qna,language_foundation,vocabulary,adjectives,"What does the word ""fierce"" mean?","""Fierce"" is an adjective meaning violent, strong, or intense. Example: There is fierce competition for the job.",intermediate,en,facts_yaml,facts
qna,language_foundation,vocabulary,adjectives,"What does the word ""fragile"" mean?","""Fragile"" is an adjective meaning easily broken or damaged. Example: Be careful with that box; the glasses inside are fragile.",beginner,en,facts_yaml,facts
qna,language_foundation,vocabulary,adjectives,"What does the word ""frank"" mean?","""Frank"" is an adjective meaning honest and direct in what you say. Example: Let me be frank with you: the plan won't work.",intermediate,en,facts_yaml,facts
qna,language_foundation,vocabulary,adjectives,"What does the word ""frugal"" mean?","""Frugal"" is an adjective meaning careful about spending money and avoiding waste. Example: They lived a frugal life and saved for their children's education.",advanced,en,facts_yaml,facts
qna,language_foundation,vocabulary,adjectives,"What does the word ""genuine"" mean?","""Genuine"" is an adjective meaning real and exactly what it appears to be; sincere. Example: The painting is a genuine Picasso.",beginner,en,facts_yaml,facts
qna,language_foundation,vocabulary,adjectives,"What does the word ""gracious"" mean?","""Gracious"" is an adjective meaning polite, kind, and pleasant, especially to people of lower status. Example: She was gracious in defeat and congratulated the winner.",intermediate,en,facts_yaml,facts
qna,language_foundation,vocabulary,adjectives,"What does the word ""gradual"" mean?","""Gradual"" is an adjective meaning happening slowly over a long period. Example: There has been a gradual improvement in her health.",beginner,en,facts_yaml,facts
qna,language_foundation,vocabulary,adjectives,"What does the word ""gregarious"" mean?","""Gregarious"" is an adjective meaning enjoying the company of other people; sociable. Example: He is gregarious and loves hosting parties.",advanced,en,facts_yaml,facts
qna,language_foundation,vocabulary,adjectives,"What does the word ""gullible"" mean?","""Gullible"" is an adjective meaning easily tricked because you believe too readily what people tell you. Example: The gullible tourist paid far too much for a fake watch.",advanced,en,facts_yaml,facts
qna,language_foundation,vocabulary,adjectives,"What does the word ""hostile"" mean?","""Hostile"" is an adjective meaning unfriendly and aggressive, or opposed to something. Example: The crowd was hostile toward the visiting team.",intermediate,en,facts_yaml,facts
qna,language_foundation,vocabulary,adjectives,"What does the word ""humble"" mean?","""Humble"" is an adjective meaning not proud; not believing you are better than others. Example: Despite her fame, she remained humble.",beginner,en,facts_yaml,facts
qna,language_foundation,vocabulary,adjectives,"What does the word ""hypothetical"" mean?","""Hypothetical"" is an adjective meaning based on possible situations rather than actual ones. Example: Let's consider a hypothetical example.",intermediate,en,facts_yaml,facts
qna,language_foundation,vocabulary,adjectives,"What does the word ""immense"" mean?","""Immense"" is an adjective meaning extremely large or great. Example: The project required an immense amount of work.",intermediate,en,facts_yaml,facts
qna,language_foundation,vocabulary,adjectives,"What does the word ""impartial"" mean?","""Impartial"" is an adjective meaning treating all sides equally; not favoring one side. Example: A referee must remain impartial.",advanced,en,facts_yaml,facts
qna,language_foundation,vocabulary,adjectives,"What does the word ""impulsive"" mean?","""Impulsive"" is an adjective meaning acting suddenly without thinking carefully about the results. Example: He made an impulsive decision to quit his job.",intermediate,en,facts_yaml,facts
qna,language_foundation,vocabulary,adjectives,"What does the word ""inevitable"" mean?","""Inevitable"" is an adjective meaning certain to happen and impossible to avoid. Example: Some mistakes are inevitable when learning something new.",intermediate,en,facts_yaml,facts
qna,language_foundation,vocabulary,adjectives,"What does the word ""ingenious"" mean?","""Ingenious"" is an adjective meaning very clever, original, and inventive. Example: She came up with an ingenious solution to the problem.",advanced,en,facts_yaml,facts
qna,language_foundation,vocabulary,adjectives,"What does the word ""innate"" mean?","""Innate"" is an adjective meaning existing from birth rather than learned. Example: He has an innate talent for music.",advanced,en,facts_yaml,facts
qna,language_foundation,vocabulary,adjectives,"What does the word ""innovative"" mean?","""Innovative"" is an adjective meaning introducing new ideas or methods. Example: The company is known for its innovative products.",intermediate,en,facts_yaml,facts
qna,language_foundation,vocabulary,adjectives,"What does the word ""intricate"" mean?","""Intricate"" is an adjective meaning having many small parts or details arranged in a complicated way. Example: The carpet had an intricate pattern.",advanced,en,facts_yaml,facts
qna,language_foundation,vocabulary,adjectives,"What does the word ""invaluable"" mean?","""Invaluable"" is an adjective meaning extremely useful or valuable. Example: Your advice has been invaluable to me.",intermediate,en,facts_yaml,facts
qna,language_foundation,vocabulary,adjectives,"What does the word ""irrelevant"" mean?","""Irrelevant"" is an adjective meaning not connected with or important to the subject being discussed. Example: His age is irrelevant to whether he can do the job.",beginner,en,facts_yaml,facts
qna,language_foundation,vocabulary,adjectives,"What does the word ""lenient"" mean?","""Lenient"" is an adjective meaning less strict than expected when punishing or judging someone. Example: The judge gave him a lenient sentence.",advanced,en,facts_yaml,facts
qna,language_foundation,vocabulary,adjectives,"What does the word ""lethargic"" mean?","""Lethargic"" is an adjective meaning having little energy; feeling sleepy and slow. Example: The heat made everyone feel lethargic.",advanced,en,facts_yaml,facts
qna,language_foundation,vocabulary,adjectives,"What does the word ""lucid"" mean?","""Lucid"" is an adjective meaning clearly expressed and easy to understand, or able to think clearly. Example: She gave a lucid explanation of a complex topic.",advanced,en,facts_yaml,facts
qna,language_foundation,vocabulary,adjectives,"What does the word ""meticulous"" mean?","""Meticulous"" is an adjective meaning very careful and precise about small details. Example: He kept meticulous records of all his expenses.",intermediate,en,facts_yaml,facts
qna,language_foundation,vocabulary,adjectives,"What does the word ""modest"" mean?","""Modest"" is an adjective meaning not boasting about your abilities or achievements, or not large in size or amount. Example: He was modest about his success.",beginner,en,facts_yaml,facts
qna,language_foundation,vocabulary,adjectives,"What does the word ""mundane"" mean?","""Mundane"" is an adjective meaning ordinary and not interesting or exciting. Example: She was tired of doing mundane office tasks.",intermediate,en,facts_yaml,facts
qna,language_foundation,vocabulary,adjectives,"What does the word ""naive"" mean?","""Naive"" is an adjective meaning lacking experience and too willing to believe that people are honest or that things will be easy. Example: It was naive of me to think the job would be simple.",intermediate,en,facts_yaml,facts
qna,language_foundation,vocabulary,adjectives,"What does the word ""notorious"" mean?","""Notorious"" is an adjective meaning famous for something bad. Example: The road is notorious for traffic jams.",intermediate,en,facts_yaml,facts
qna,language_foundation,vocabulary,adjectives,"What does the word ""obsolete"" mean?","""Obsolete"" is an adjective meaning no longer used because something newer has replaced it. Example: Floppy disks are now obsolete.",intermediate,en,facts_yaml,facts
qna,language_foundation,vocabulary,adjectives,"What does the word ""obstinate"" mean?","""Obstinate"" is an adjective meaning unwilling to change your opinion or behavior despite good reasons; stubborn. Example: The obstinate child refused to eat his vegetables.",advanced,en,facts_yaml,facts
qna,language_foundation,vocabulary,adjectives,"What does the word ""optimistic"" mean?","""Optimistic"" is an adjective meaning hopeful and confident about the future. Example: She is optimistic that the team will win.",beginner,en,facts_yaml,facts
qna,language_foundation,vocabulary,adjectives,"What does the word ""outrageous"" mean?","""Outrageous"" is an adjective meaning shocking and unacceptable, or extremely unusual. Example: The prices at that hotel are outrageous.",intermediate,en,facts_yaml,facts
qna,language_foundation,vocabulary,adjectives,"What does the word ""persistent"" mean?","""Persistent"" is an adjective meaning continuing firmly despite difficulties, or lasting for a long time. Example: After a persistent cough, he went to the doctor.",beginner,en,facts_yaml,facts
qna,language_foundation,vocabulary,adjectives,"What does the word ""pessimistic"" mean?","""Pessimistic"" is an adjective meaning expecting bad things to happen. Example: He is pessimistic about his chances of getting the job.",beginner,en,facts_yaml,facts
qna,language_foundation,vocabulary,adjectives,"What does the word ""plausible"" mean?","""Plausible"" is an adjective meaning seeming reasonable or likely to be true. Example: Her explanation sounded plausible.",intermediate,en,facts_yaml,facts
qna,language_foundation,vocabulary,adjectives,"What does the word ""pragmatic"" mean?","""Pragmatic"" is an adjective meaning dealing with problems in a practical, sensible way rather than following ideals. Example: We need a pragmatic approach to solving this.",advanced,en,facts_yaml,facts
qna,language_foundation,vocabulary,adjectives,"What does the word ""precise"" mean?","""Precise"" is an adjective meaning exact and accurate in every detail. Example: Please give me the precise time of the meeting.",beginner,en,facts_yaml,facts
qna,language_foundation,vocabulary,adjectives,"What does the word ""prevalent"" mean?","""Prevalent"" is an adjective meaning common or widespread in a particular place or time. Example: The disease is more prevalent in tropical countries.",advanced,en,facts_yaml,facts
qna,language_foundation,vocabulary,adjectives,"What does the word ""profound"" mean?","""Profound"" is an adjective meaning very great or intense, or showing deep understanding. Example: The book had a profound effect on me.",intermediate,en,facts_yaml,facts
qna,language_foundation,vocabulary,adjectives,"What does the word ""prominent"" mean?","""Prominent"" is an adjective meaning important and well known, or easy to see. Example: He is a prominent member of the community.",intermediate,en,facts_yaml,facts
qna,language_foundation,vocabulary,adjectives,"What does the word ""prudent"" mean?","""Prudent"" is an adjective meaning acting with care and good judgment, especially to avoid risk. Example: It would be prudent to save some money for emergencies.",advanced,en,facts_yaml,facts
qna,language_foundation,vocabulary,adjectives,"What does the word ""punctual"" mean?","""Punctual"" is an adjective meaning arriving or doing something at the expected time; not late. Example: She is always punctual for meetings.",beginner,en,facts_yaml,facts
qna,language_foundation,vocabulary,adjectives,"What does the word ""reckless"" mean?","""Reckless"" is an adjective meaning doing something dangerous without caring about the consequences. Example: He was fined for reckless driving.",intermediate,en,facts_yaml,facts
qna,language_foundation,vocabulary,adjectives,"What does the word ""redundant"" mean?","""Redundant"" is an adjective meaning no longer needed or useful, or repeating something unnecessarily. Example: The word ""free"" in ""free gift"" is redundant.",intermediate,en,facts_yaml,facts
qna,language_foundation,vocabulary,adjectives,"What does the word ""relevant"" mean?","""Relevant"" is an adjective meaning closely connected to the subject or situation being discussed. Example: Please include only relevant information in your report.",beginner,en,facts_yaml,facts
qna,language_foundation,vocabulary,adjectives,"What does the word ""reluctant"" mean?","""Reluctant"" is an adjective meaning unwilling or hesitant to do something. Example: He was reluctant to admit he was wrong.",intermediate,en,facts_yaml,facts
qna,language_foundation,vocabulary,adjectives,"What does the word ""remarkable"" mean?","""Remarkable"" is an adjective meaning unusual or special in a way that deserves attention. Example: She made a remarkable recovery after the accident.",beginner,en,facts_yaml,facts
qna,language_foundation,vocabulary,adjectives,"What does the word ""resilient"" mean?","""Resilient"" is an adjective meaning able to recover quickly from difficulties or return to shape after being bent. Example: Children are often surprisingly resilient.",intermediate,en,facts_yaml,facts
qna,language_foundation,vocabulary,adjectives,"What does the word ""robust"" mean?","""Robust"" is an adjective meaning strong, healthy, and unlikely to break or fail. Example: The software has robust security features.",intermediate,en,facts_yaml,facts
qna,language_foundation,vocabulary,adjectives,"What does the word ""ruthless"" mean?","""Ruthless"" is an adjective meaning willing to hurt others without pity to get what you want. Example: The ruthless dictator crushed all opposition.",intermediate,en,facts_yaml,facts
qna,language_foundation,vocabulary,adjectives,"What does the word ""serene"" mean?","""Serene"" is an adjective meaning calm, peaceful, and untroubled. Example: The lake looked serene in the early morning.",intermediate,en,facts_yaml,facts
qna,language_foundation,vocabulary,adjectives,"What does the word ""shrewd"" mean?","""Shrewd"" is an adjective meaning having good judgment and the ability to understand situations and make smart decisions. Example: She is a shrewd businesswoman.",advanced,en,facts_yaml,facts
qna,language_foundation,vocabulary,adjectives,"What does the word ""significant"" mean?","""Significant"" is an adjective meaning important or large enough to have an effect or be noticed. Example: There has been a significant increase in sales.",beginner,en,facts_yaml,facts
qna,language_foundation,vocabulary,adjectives,"What does the word ""sincere"" mean?","""Sincere"" is an adjective meaning honest and meaning what you say or feel. Example: Please accept my sincere apologies.",beginner,en,facts_yaml,facts
qna,language_foundation,vocabulary,adjectives,"What does the word ""spontaneous"" mean?","""Spontaneous"" is an adjective meaning happening naturally without planning. Example: The crowd broke into spontaneous applause.",intermediate,en,facts_yaml,facts
qna,language_foundation,vocabulary,adjectives,"What does the word ""stubborn"" mean?","""Stubborn"" is an adjective meaning refusing to change your opinion or behavior. Example: My brother is too stubborn to ask for directions.",beginner,en,facts_yaml,facts
qna,language_foundation,vocabulary,adjectives,"What does the word ""subtle"" mean?","""Subtle"" is an adjective meaning not obvious; small and difficult to notice or describe. Example: There is a subtle difference between the two colors.",intermediate,en,facts_yaml,facts
qna,language_foundation,vocabulary,adjectives,"What does the word ""sufficient"" mean?","""Sufficient"" is an adjective meaning enough for a particular purpose. Example: We have sufficient food for the whole week.",beginner,en,facts_yaml,facts
qna,language_foundation,vocabulary,adjectives,"What does the word ""superficial"" mean?","""Superficial"" is an adjective meaning concerned only with what is obvious or on the surface, not deep or thorough. Example: He has only a superficial knowledge of the subject.",intermediate,en,facts_yaml,facts
qna,language_foundation,vocabulary,adjectives,"What does the word ""tedious"" mean?","""Tedious"" is an adjective meaning boring because it is too long, slow, or repetitive. Example: Filling in the forms was a tedious task.",intermediate,en,facts_yaml,facts
qna,language_foundation,vocabulary,adjectives,"What does the word ""tenacious"" mean?","""Tenacious"" is an adjective meaning holding firmly to something; very determined and persistent. Example: She was tenacious in her search for the truth.",advanced,en,facts_yaml,facts
qna,language_foundation,vocabulary,adjectives,"What does the word ""thorough"" mean?","""Thorough"" is an adjective meaning complete and careful, paying attention to every detail. Example: The police made a thorough search of the house.",beginner,en,facts_yaml,facts
qna,language_foundation,vocabulary,adjectives,"What does the word ""timid"" mean?","""Timid"" is an adjective meaning shy and lacking confidence or courage. Example: The timid kitten hid under the bed.",beginner,en,facts_yaml,facts
qna,language_foundation,vocabulary,adjectives,"What does the word ""transparent"" mean?","""Transparent"" is an adjective meaning clear enough to see through, or open and honest without secrets. Example: The company promised to be more transparent about its finances.",intermediate,en,facts_yaml,facts
qna,language_foundation,vocabulary,adjectives,"What does the word ""trivial"" mean?","""Trivial"" is an adjective meaning of little value or importance. Example: Don't worry about such trivial details.",intermediate,en,facts_yaml,facts
qna,language_foundation,vocabulary,adjectives,"What does the word ""ubiquitous"" mean?","""Ubiquitous"" is an adjective meaning seeming to be everywhere at the same time. Example: Smartphones have become ubiquitous in modern life.",advanced,en,facts_yaml,facts
qna,language_foundation,vocabulary,adjectives,"What does the word ""unanimous"" mean?","""Unanimous"" is an adjective meaning agreed on by everyone involved. Example: The committee reached a unanimous decision.",intermediate,en,facts_yaml,facts
qna,language_foundation,vocabulary,adjectives,"What does the word ""vague"" mean?","""Vague"" is an adjective meaning not clear, precise, or definite. Example: He gave only a vague description of the thief.",beginner,en,facts_yaml,facts
qna,language_foundation,vocabulary,adjectives,"What does the word ""versatile"" mean?","""Versatile"" is an adjective meaning able to do many different things or be used in many different ways. Example: A versatile player can play in several positions.",intermediate,en,facts_yaml,facts
qna,language_foundation,vocabulary,adjectives,"What does the word ""vibrant"" mean?","""Vibrant"" is an adjective meaning full of energy and life, or bright and strong in color. Example: The market is full of vibrant colors and sounds.",intermediate,en,facts_yaml,facts
qna,language_foundation,vocabulary,adjectives,"What does the word ""vigilant"" mean?","""Vigilant"" is an adjective meaning carefully watching for possible danger or problems. Example: Security guards must remain vigilant at all times.",intermediate,en,facts_yaml,facts
qna,language_foundation,vocabulary,adjectives,"What does the word ""vivid"" mean?","""Vivid"" is an adjective meaning very bright in color, or producing clear, strong images in the mind. Example: She has vivid memories of her childhood.",beginner,en,facts_yaml,facts
qna,language_foundation,vocabulary,adjectives,"What does the word ""wary"" mean?","""Wary"" is an adjective meaning cautious because you think something might be dangerous or cause problems. Example: Be wary of emails asking for your password.",intermediate,en,facts_yaml,facts
qna,language_foundation,vocabulary,adjectives,"What does the word ""whimsical"" mean?","""Whimsical"" is an adjective meaning playful or fanciful in an unusual and amusing way. Example: The children's book has whimsical illustrations.",advanced,en,facts_yaml,facts
qna,language_foundation,vocabulary,adjectives,"What does the word ""zealous"" mean?","""Zealous"" is an adjective meaning showing great energy and enthusiasm for a cause or goal. Example: The zealous volunteers worked late into the night.",advanced,en,facts_yaml,facts
qna,language_foundation,vocabulary,adjectives,"What does the word ""grateful"" mean?","""Grateful"" is an adjective meaning feeling or showing thanks for something someone has done. Example: I am grateful for all your support.",beginner,en,facts_yaml,facts
qna,language_foundation,vocabulary,adjectives,"What does the word ""polite"" mean?","""Polite"" is an adjective meaning behaving in a way that shows good manners and respect for others. Example: It is polite to say thank you when someone helps you.",beginner,en,facts_yaml,facts
qna,language_foundation,vocabulary,adjectives,"What does the word ""generous"" mean?","""Generous"" is an adjective meaning willing to give money, help, or time freely. Example: Our neighbors were generous with their time after the storm.",beginner,en,facts_yaml,facts
qna,language_foundation,vocabulary,adjectives,"What does the word ""patient"" mean?","""Patient"" is an adjective meaning able to wait calmly or accept delays and problems without becoming annoyed. Example: Be patient; the bus will arrive soon.",beginner,en,facts_yaml,facts
qna,language_foundation,vocabulary,nouns,"What does the word ""accomplishment"" mean?","""Accomplishment"" is a noun meaning something successfully achieved, usually after effort. Example: Finishing the marathon was a great accomplishment.",beginner,en,facts_yaml,facts
qna,language_foundation,vocabulary,nouns,"What does the word ""adversity"" mean?","""Adversity"" is a noun meaning a difficult or unlucky situation. Example: She showed great courage in the face of adversity.",advanced,en,facts_yaml,facts
qna,language_foundation,vocabulary,nouns,"What does the word ""alliance"" mean?","""Alliance"" is a noun meaning an agreement between people, groups, or countries to work together. Example: The two parties formed an alliance before the election.",intermediate,en,facts_yaml,facts
qna,language_foundation,vocabulary,nouns,"What does the word ""anecdote"" mean?","""Anecdote"" is a noun meaning a short, interesting, or amusing story about a real event or person. Example: He began his speech with a funny anecdote about his first job.",intermediate,en,facts_yaml,facts
qna,language_foundation,vocabulary,nouns,"What does the word ""anomaly"" mean?","""Anomaly"" is a noun meaning something that is different from what is usual or expected. Example: The unusually warm day was an anomaly for January.",advanced,en,facts_yaml,facts
qna,language_foundation,vocabulary,nouns,"What does the word ""apprehension"" mean?","""Apprehension"" is a noun meaning anxiety or fear that something bad will happen. Example: She felt some apprehension before her first flight.",advanced,en,facts_yaml,facts
qna,language_foundation,vocabulary,nouns,"What does the word ""aspiration"" mean?","""Aspiration"" is a noun meaning a strong hope or wish to achieve something. Example: His aspiration is to become a doctor.",intermediate,en,facts_yaml,facts
qna,language_foundation,vocabulary,nouns,"What does the word ""burden"" mean?","""Burden"" is a noun meaning something difficult or worrying that you have to deal with, or a heavy load. Example: The cost of repairs was a heavy burden for the family.",beginner,en,facts_yaml,facts
qna,language_foundation,vocabulary,nouns,"What does the word ""catastrophe"" mean?","""Catastrophe"" is a noun meaning a sudden event that causes great damage or suffering. Example: The flood was a catastrophe for the whole region.",intermediate,en,facts_yaml,facts
qna,language_foundation,vocabulary,nouns,"What does the word ""chaos"" mean?","""Chaos"" is a noun meaning a state of complete confusion and disorder. Example: The kitchen was in chaos after the party.",beginner,en,facts_yaml,facts
qna,language_foundation,vocabulary,nouns,"What does the word ""coincidence"" mean?","""Coincidence"" is a noun meaning a surprising situation in which two things happen together by chance. Example: What a coincidence that we booked the same hotel!",beginner,en,facts_yaml,facts
qna,language_foundation,vocabulary,nouns,"What does the word ""commitment"" mean?","""Commitment"" is a noun meaning a promise to do something, or dedication to a cause or activity. Example: Learning an instrument requires time and commitment.",beginner,en,facts_yaml,facts
qna,language_foundation,vocabulary,nouns,"What does the word ""compromise"" mean?","""Compromise"" is a noun meaning an agreement in which each side gives up something it wanted. Example: After long talks, both sides reached a compromise.",beginner,en,facts_yaml,facts
qna,language_foundation,vocabulary,nouns,"What does the word ""consensus"" mean?","""Consensus"" is a noun meaning general agreement among a group of people. Example: There is a consensus among scientists that the climate is warming.",intermediate,en,facts_yaml,facts
qna,language_foundation,vocabulary,nouns,"What does the word ""consequence"" mean?","""Consequence"" is a noun meaning a result or effect of an action or situation. Example: Every decision has consequences.",beginner,en,facts_yaml,facts
qna,language_foundation,vocabulary,nouns,"What does the word ""controversy"" mean?","""Controversy"" is a noun meaning a public disagreement or debate about something many people have strong opinions on. Example: The new law caused a lot of controversy.",intermediate,en,facts_yaml,facts
qna,language_foundation,vocabulary,nouns,"What does the word ""criterion"" mean?","""Criterion"" is a noun meaning a standard by which something is judged or decided; the plural is criteria. Example: Experience is the main criterion for this job.",advanced,en,facts_yaml,facts
qna,language_foundation,vocabulary,nouns,"What does the word ""deadline"" mean?","""Deadline"" is a noun meaning a time or date by which something must be finished. Example: The deadline for applications is Friday.",beginner,en,facts_yaml,facts
qna,language_foundation,vocabulary,nouns,"What does the word ""dedication"" mean?","""Dedication"" is a noun meaning the willingness to give a lot of time and energy to something. Example: Her dedication to her patients is admirable.",beginner,en,facts_yaml,facts
qna,language_foundation,vocabulary,nouns,"What does the word ""discrepancy"" mean?","""Discrepancy"" is a noun meaning a difference between things that should be the same. Example: There is a discrepancy between the two reports.",advanced,en,facts_yaml,facts
qna,language_foundation,vocabulary,nouns,"What does the word ""dispute"" mean?","""Dispute"" is a noun meaning an argument or disagreement, especially an official one. Example: The neighbors had a dispute over the fence.",intermediate,en,facts_yaml,facts
qna,language_foundation,vocabulary,nouns,"What does the word ""endeavor"" mean?","""Endeavor"" is a noun meaning a serious attempt to do something, especially something difficult. Example: Climbing Everest is a dangerous endeavor.",advanced,en,facts_yaml,facts
qna,language_foundation,vocabulary,nouns,"What does the word ""enigma"" mean?","""Enigma"" is a noun meaning a person or thing that is mysterious and difficult to understand. Example: The meaning of the ancient symbols remains an enigma.",advanced,en,facts_yaml,facts
qna,language_foundation,vocabulary,nouns,"What does the word ""epiphany"" mean?","""Epiphany"" is a noun meaning a moment of sudden and important understanding or realization. Example: She had an epiphany and finally understood what she wanted to do.",advanced,en,facts_yaml,facts
qna,language_foundation,vocabulary,nouns,"What does the word ""etiquette"" mean?","""Etiquette"" is a noun meaning the set of rules for polite behavior in a particular society or group. Example: Table etiquette differs from country to country.",intermediate,en,facts_yaml,facts
qna,language_foundation,vocabulary,nouns,"What does the word ""fluency"" mean?","""Fluency"" is a noun meaning the ability to speak or write a language easily and well. Example: She reached fluency in Spanish after living in Madrid.",intermediate,en,facts_yaml,facts
qna,language_foundation,vocabulary,nouns,"What does the word ""gratitude"" mean?","""Gratitude"" is a noun meaning the feeling of being thankful. Example: He expressed his gratitude to everyone who helped.",beginner,en,facts_yaml,facts
qna,language_foundation,vocabulary,nouns,"What does the word ""initiative"" mean?","""Initiative"" is a noun meaning the ability to act without being told what to do, or a new plan to solve a problem. Example: She showed initiative by organizing the event herself.",intermediate,en,facts_yaml,facts
qna,language_foundation,vocabulary,nouns,"What does the word ""insight"" mean?","""Insight"" is a noun meaning a clear, deep understanding of a person, situation, or problem. Example: The book offers insight into life in ancient Rome.",intermediate,en,facts_yaml,facts
qna,language_foundation,vocabulary,nouns,"What does the word ""intuition"" mean?","""Intuition"" is a noun meaning the ability to know or understand something without conscious reasoning. Example: My intuition told me something was wrong.",intermediate,en,facts_yaml,facts
qna,language_foundation,vocabulary,nouns,"What does the word ""jeopardy"" mean?","""Jeopardy"" is a noun meaning danger of loss, harm, or failure. Example: His job was in jeopardy after the mistake.",advanced,en,facts_yaml,facts
qna,language_foundation,vocabulary,nouns,"What does the word ""legacy"" mean?","""Legacy"" is a noun meaning something handed down from the past, or the lasting impact of someone's life or work. Example: The scientist's legacy lives on in her research.",intermediate,en,facts_yaml,facts
qna,language_foundation,vocabulary,nouns,"What does the word ""leisure"" mean?","""Leisure"" is a noun meaning free time when you are not working and can relax. Example: In his leisure time, he enjoys painting.",beginner,en,facts_yaml,facts
qna,language_foundation,vocabulary,nouns,"What does the word ""milestone"" mean?","""Milestone"" is a noun meaning an important event or stage in the development of something. Example: Walking is a major milestone for a toddler.",beginner,en,facts_yaml,facts
qna,language_foundation,vocabulary,nouns,"What does the word ""misconception"" mean?","""Misconception"" is a noun meaning a wrong idea or belief based on faulty understanding. Example: It is a common misconception that bats are blind.",intermediate,en,facts_yaml,facts
qna,language_foundation,vocabulary,nouns,"What does the word ""nostalgia"" mean?","""Nostalgia"" is a noun meaning a happy but slightly sad feeling when thinking about the past. Example: Old photos filled him with nostalgia.",intermediate,en,facts_yaml,facts
qna,language_foundation,vocabulary,nouns,"What does the word ""nuance"" mean?","""Nuance"" is a noun meaning a very small difference in meaning, expression, or sound. Example: Translators must understand every nuance of a text.",advanced,en,facts_yaml,facts
qna,language_foundation,vocabulary,nouns,"What does the word ""obligation"" mean?","""Obligation"" is a noun meaning something you must do because of a law, promise, or duty. Example: Parents have an obligation to care for their children.",beginner,en,facts_yaml,facts
qna,language_foundation,vocabulary,nouns,"What does the word ""obstacle"" mean?","""Obstacle"" is a noun meaning something that blocks the way or makes progress difficult. Example: Lack of money was the biggest obstacle to his education.",beginner,en,facts_yaml,facts
qna,language_foundation,vocabulary,nouns,"What does the word ""perseverance"" mean?","""Perseverance"" is a noun meaning continued effort to achieve something despite difficulties. Example: With perseverance, she finally passed the exam.",intermediate,en,facts_yaml,facts
qna,language_foundation,vocabulary,nouns,"What does the word ""phenomenon"" mean?","""Phenomenon"" is a noun meaning a fact or event that can be observed, especially one that is unusual or interesting; the plural is phenomena. Example: Rainbows are a natural phenomenon.",intermediate,en,facts_yaml,facts
qna,language_foundation,vocabulary,nouns,"What does the word ""precaution"" mean?","""Precaution"" is a noun meaning an action taken in advance to prevent something bad from happening. Example: Wear a helmet as a safety precaution.",beginner,en,facts_yaml,facts
qna,language_foundation,vocabulary,nouns,"What does the word ""predicament"" mean?","""Predicament"" is a noun meaning a difficult or unpleasant situation that is hard to get out of. Example: Losing his passport abroad left him in a predicament.",advanced,en,facts_yaml,facts
qna,language_foundation,vocabulary,nouns,"What does the word ""priority"" mean?","""Priority"" is a noun meaning something considered more important than other things and dealt with first. Example: Safety is our top priority.",beginner,en,facts_yaml,facts
qna,language_foundation,vocabulary,nouns,"What does the word ""procrastination"" mean?","""Procrastination"" is a noun meaning the habit of delaying tasks that should be done. Example: Procrastination led him to finish his essay at midnight.",intermediate,en,facts_yaml,facts
qna,language_foundation,vocabulary,nouns,"What does the word ""prosperity"" mean?","""Prosperity"" is a noun meaning the state of being successful and wealthy. Example: The new industry brought prosperity to the town.",intermediate,en,facts_yaml,facts
qna,language_foundation,vocabulary,nouns,"What does the word ""rapport"" mean?","""Rapport"" is a noun meaning a friendly relationship in which people understand each other well. Example: The teacher quickly built a rapport with her students.",advanced,en,facts_yaml,facts
qna,language_foundation,vocabulary,nouns,"What does the word ""remorse"" mean?","""Remorse"" is a noun meaning a strong feeling of regret and guilt for something wrong you have done. Example: He showed no remorse for his actions.",intermediate,en,facts_yaml,facts
qna,language_foundation,vocabulary,nouns,"What does the word ""reputation"" mean?","""Reputation"" is a noun meaning the general opinion people have about someone or something. Example: The restaurant has an excellent reputation.",beginner,en,facts_yaml,facts
qna,language_foundation,vocabulary,nouns,"What does the word ""resentment"" mean?","""Resentment"" is a noun meaning a feeling of anger or bitterness about being treated unfairly. Example: She felt resentment toward her boss for ignoring her ideas.",intermediate,en,facts_yaml,facts
qna,language_foundation,vocabulary,nouns,"What does the word ""sacrifice"" mean?","""Sacrifice"" is a noun meaning the act of giving up something valuable for the sake of something more important. Example: Her parents made many sacrifices to pay for her education.",beginner,en,facts_yaml,facts
qna,language_foundation,vocabulary,nouns,"What does the word ""scenario"" mean?","""Scenario"" is a noun meaning a description of a possible situation or sequence of events. Example: In the worst-case scenario, we will have to cancel the trip.",intermediate,en,facts_yaml,facts
qna,language_foundation,vocabulary,nouns,"What does the word ""setback"" mean?","""Setback"" is a noun meaning a problem that delays or prevents progress. Example: The injury was a setback for the team.",beginner,en,facts_yaml,facts
qna,language_foundation,vocabulary,nouns,"What does the word ""solitude"" mean?","""Solitude"" is a noun meaning the state of being alone, especially when it is peaceful and pleasant. Example: He enjoys the solitude of early morning walks.",intermediate,en,facts_yaml,facts
qna,language_foundation,vocabulary,nouns,"What does the word ""stamina"" mean?","""Stamina"" is a noun meaning the physical or mental strength to continue doing something for a long time. Example: Marathon runners need great stamina.",intermediate,en,facts_yaml,facts
qna,language_foundation,vocabulary,nouns,"What does the word ""tact"" mean?","""Tact"" is a noun meaning the ability to deal with difficult situations or people without upsetting them. Example: She handled the complaint with great tact.",intermediate,en,facts_yaml,facts
qna,language_foundation,vocabulary,nouns,"What does the word ""threshold"" mean?","""Threshold"" is a noun meaning the level at which something starts to happen, or the entrance to a room or building. Example: He has a high pain threshold.",intermediate,en,facts_yaml,facts
qna,language_foundation,vocabulary,nouns,"What does the word ""tradition"" mean?","""Tradition"" is a noun meaning a belief, custom, or way of doing something that has existed for a long time. Example: It is a family tradition to eat together on Sundays.",beginner,en,facts_yaml,facts
qna,language_foundation,vocabulary,nouns,"What does the word ""trepidation"" mean?","""Trepidation"" is a noun meaning a feeling of fear or anxiety about something that may happen. Example: She opened the letter with trepidation.",advanced,en,facts_yaml,facts
qna,language_foundation,vocabulary,nouns,"What does the word ""turmoil"" mean?","""Turmoil"" is a noun meaning a state of great confusion, disorder, or uncertainty. Example: The country was in political turmoil.",intermediate,en,facts_yaml,facts
qna,language_foundation,vocabulary,nouns,"What does the word ""venue"" mean?","""Venue"" is a noun meaning the place where an event, such as a concert or meeting, is held. Example: The venue for the wedding is a beautiful old castle.",beginner,en,facts_yaml,facts
qna,language_foundation,vocabulary,nouns,"What does the word ""vigor"" mean?","""Vigor"" is a noun meaning physical or mental strength and energy. Example: He attacked the problem with renewed vigor.",advanced,en,facts_yaml,facts
qna,language_foundation,vocabulary,nouns,"What does the word ""whim"" mean?","""Whim"" is a noun meaning a sudden wish or idea, especially one without a good reason. Example: On a whim, they booked a trip to Paris.",intermediate,en,facts_yaml,facts
qna,language_foundation,vocabulary,nouns,"What does the word ""wisdom"" mean?","""Wisdom"" is a noun meaning the ability to use knowledge and experience to make good decisions and judgments. Example: Her grandmother's wisdom helped her through hard times.",beginner,en,facts_yaml,facts
qna,language_foundation,vocabulary,nouns,"What does the word ""habit"" mean?","""Habit"" is a noun meaning something you do regularly, often without thinking about it. Example: Reading before bed is a good habit.",beginner,en,facts_yaml,facts
qna,language_foundation,vocabulary,adverbs,"What does the word ""abruptly"" mean?","""Abruptly"" is an adverb meaning suddenly and unexpectedly, often in a way that seems rude. Example: The meeting ended abruptly when the fire alarm went off.",intermediate,en,facts_yaml,facts
qna,language_foundation,vocabulary,adverbs,"What does the word ""allegedly"" mean?","""Allegedly"" is an adverb meaning according to what people say, without it being proven. Example: The man allegedly stole a car.",advanced,en,facts_yaml,facts
qna,language_foundation,vocabulary,adverbs,"What does the word ""approximately"" mean?","""Approximately"" is an adverb meaning close to but not exactly a particular number or amount. Example: The journey takes approximately two hours.",beginner,en,facts_yaml,facts
qna,language_foundation,vocabulary,adverbs,"What does the word ""arguably"" mean?","""Arguably"" is an adverb meaning used to say that something can reasonably be claimed, even if not everyone agrees. Example: She is arguably the best player in the world.",intermediate,en,facts_yaml,facts
qna,language_foundation,vocabulary,adverbs,"What does the word ""barely"" mean?","""Barely"" is an adverb meaning only just; almost not. Example: I could barely hear what he was saying.",beginner,en,facts_yaml,facts
qna,language_foundation,vocabulary,adverbs,"What does the word ""consequently"" mean?","""Consequently"" is an adverb meaning as a result. Example: He missed the bus and consequently was late for work.",intermediate,en,facts_yaml,facts
qna,language_foundation,vocabulary,adverbs,"What does the word ""eventually"" mean?","""Eventually"" is an adverb meaning in the end, especially after a long time or delay. Example: After hours of searching, we eventually found the keys.",beginner,en,facts_yaml,facts
qna,language_foundation,vocabulary,adverbs,"What does the word ""explicitly"" mean?","""Explicitly"" is an adverb meaning in a clear and direct way, leaving no doubt. Example: The rules explicitly state that phones must be turned off.",intermediate,en,facts_yaml,facts
qna,language_foundation,vocabulary,adverbs,"What does the word ""furthermore"" mean?","""Furthermore"" is an adverb meaning in addition; used to add another point to an argument. Example: The house is too small; furthermore, it is too expensive.",intermediate,en,facts_yaml,facts
qna,language_foundation,vocabulary,adverbs,"What does the word ""hence"" mean?","""Hence"" is an adverb meaning for this reason; as a result. Example: The road was flooded, hence the delay.",advanced,en,facts_yaml,facts
qna,language_foundation,vocabulary,adverbs,"What does the word ""inadvertently"" mean?","""Inadvertently"" is an adverb meaning without intending to; by accident. Example: She inadvertently deleted the important file.",advanced,en,facts_yaml,facts
qna,language_foundation,vocabulary,adverbs,"What does the word ""merely"" mean?","""Merely"" is an adverb meaning only; just. Example: I was merely trying to help.",beginner,en,facts_yaml,facts
qna,language_foundation,vocabulary,adverbs,"What does the word ""nevertheless"" mean?","""Nevertheless"" is an adverb meaning in spite of what has just been said. Example: It was raining; nevertheless, they went for a walk.",intermediate,en,facts_yaml,facts
qna,language_foundation,vocabulary,adverbs,"What does the word ""notably"" mean?","""Notably"" is an adverb meaning especially; in a way that is worth noticing. Example: Several guests, notably the mayor, arrived late.",intermediate,en,facts_yaml,facts
qna,language_foundation,vocabulary,adverbs,"What does the word ""predominantly"" mean?","""Predominantly"" is an adverb meaning mainly; for the most part. Example: The audience was predominantly young people.",advanced,en,facts_yaml,facts
qna,language_foundation,vocabulary,adverbs,"What does the word ""presumably"" mean?","""Presumably"" is an adverb meaning used to say that you think something is likely to be true. Example: Presumably, the train is late because of the snow.",intermediate,en,facts_yaml,facts
qna,language_foundation,vocabulary,adverbs,"What does the word ""promptly"" mean?","""Promptly"" is an adverb meaning quickly and without delay, or exactly at a specified time. Example: She replied promptly to my email.",beginner,en,facts_yaml,facts
qna,language_foundation,vocabulary,adverbs,"What does the word ""readily"" mean?","""Readily"" is an adverb meaning quickly and willingly, or easily. Example: He readily agreed to help us.",intermediate,en,facts_yaml,facts
qna,language_foundation,vocabulary,adverbs,"What does the word ""seldom"" mean?","""Seldom"" is an adverb meaning not often; rarely. Example: We seldom go to the cinema these days.",intermediate,en,facts_yaml,facts
qna,language_foundation,vocabulary,adverbs,"What does the word ""simultaneously"" mean?","""Simultaneously"" is an adverb meaning at exactly the same time. Example: The two events happened simultaneously.",intermediate,en,facts_yaml,facts
qna,language_foundation,vocabulary,adverbs,"What does the word ""subsequently"" mean?","""Subsequently"" is an adverb meaning after something else happened; later. Example: He was arrested and subsequently released.",intermediate,en,facts_yaml,facts
qna,language_foundation,vocabulary,adverbs,"What does the word ""thereby"" mean?","""Thereby"" is an adverb meaning as a result of this action. Example: She saved money every month, thereby paying off her loan early.",advanced,en,facts_yaml,facts
qna,language_foundation,vocabulary,adverbs,"What does the word ""ultimately"" mean?","""Ultimately"" is an adverb meaning finally, in the end, or at the most basic level. Example: Ultimately, the decision is yours.",beginner,en,facts_yaml,facts
qna,language_foundation,vocabulary,adverbs,"What does the word ""virtually"" mean?","""Virtually"" is an adverb meaning almost completely. Example: The town was virtually empty during the holiday.",intermediate,en,facts_yaml,facts
qna,language_foundation,vocabulary,adverbs,"What does the word ""whereas"" mean?","""Whereas"" is a conjunction meaning used to compare or contrast two facts. Example: He loves coffee, whereas his wife prefers tea.",intermediate,en,facts_yaml,facts
qna,language_foundation,vocabulary,adverbs,"What does the word ""albeit"" mean?","""Albeit"" is a conjunction meaning although; even though, used to add a limiting point. Example: It was a good plan, albeit an expensive one.",advanced,en,facts_yaml,facts
qna,language_foundation,vocabulary,adverbs,"What does the word ""hardly"" mean?","""Hardly"" is an adverb meaning almost not; only just. Example: I can hardly believe it's already December.",beginner,en,facts_yaml,facts
qna,language_foundation,vocabulary,phrasal_verbs,"What does the phrasal verb ""back up"" mean?","""Back up"" is a phrasal verb meaning to support someone, or to make a copy of computer data in case the original is lost. Example: Always back up your files before updating your computer.",beginner,en,facts_yaml,facts
qna,language_foundation,vocabulary,phrasal_verbs,"What does the phrasal verb ""break down"" mean?","""Break down"" is a phrasal verb meaning to stop working (for a machine), or to lose control of your emotions. Example: Our car broke down on the highway.",beginner,en,facts_yaml,facts
qna,language_foundation,vocabulary,phrasal_verbs,"What does the phrasal verb ""bring up"" mean?","""Bring up"" is a phrasal verb meaning to mention a subject, or to raise and care for a child. Example: She brought up an interesting point during the meeting.",beginner,en,facts_yaml,facts
qna,language_foundation,vocabulary,phrasal_verbs,"What does the phrasal verb ""call off"" mean?","""Call off"" is a phrasal verb meaning to cancel an event or plan. Example: The game was called off because of the storm.",beginner,en,facts_yaml,facts
qna,language_foundation,vocabulary,phrasal_verbs,"What does the phrasal verb ""carry on"" mean?","""Carry on"" is a phrasal verb meaning to continue doing something. Example: Please carry on with your work while I make a phone call.",beginner,en,facts_yaml,facts
qna,language_foundation,vocabulary,phrasal_verbs,"What does the phrasal verb ""catch up"" mean?","""Catch up"" is a phrasal verb meaning to reach the same level or position as someone, or to do work you have fallen behind on. Example: I need to catch up on my reading this weekend.",beginner,en,facts_yaml,facts
qna,language_foundation,vocabulary,phrasal_verbs,"What does the phrasal verb ""check in"" mean?","""Check in"" is a phrasal verb meaning to register your arrival at a hotel or airport. Example: We checked in at the hotel at three o'clock.",beginner,en,facts_yaml,facts
qna,language_foundation,vocabulary,phrasal_verbs,"What does the phrasal verb ""come across"" mean?","""Come across"" is a phrasal verb meaning to find or meet something or someone by chance. Example: I came across an old photo while cleaning the attic.",intermediate,en,facts_yaml,facts
qna,language_foundation,vocabulary,phrasal_verbs,"What does the phrasal verb ""come up with"" mean?","""Come up with"" is a phrasal verb meaning to think of an idea, plan, or solution. Example: She came up with a clever way to save money.",intermediate,en,facts_yaml,facts
qna,language_foundation,vocabulary,phrasal_verbs,"What does the phrasal verb ""count on"" mean?","""Count on"" is a phrasal verb meaning to rely on someone or something. Example: You can always count on me for help.",intermediate,en,facts_yaml,facts
qna,language_foundation,vocabulary,phrasal_verbs,"What does the phrasal verb ""cut back"" mean?","""Cut back"" is a phrasal verb meaning to reduce the amount of something, especially spending. Example: We need to cut back on eating out.",intermediate,en,facts_yaml,facts
qna,language_foundation,vocabulary,phrasal_verbs,"What does the phrasal verb ""deal with"" mean?","""Deal with"" is a phrasal verb meaning to take action to solve a problem or handle a situation. Example: The manager dealt with the complaint quickly.",beginner,en,facts_yaml,facts
qna,language_foundation,vocabulary,phrasal_verbs,"What does the phrasal verb ""drop out"" mean?","""Drop out"" is a phrasal verb meaning to stop taking part in something, especially school or a course, before finishing. Example: He dropped out of college to start a business.",intermediate,en,facts_yaml,facts
qna,language_foundation,vocabulary,phrasal_verbs,"What does the phrasal verb ""end up"" mean?","""End up"" is a phrasal verb meaning to finally be in a particular place or situation, often without planning it. Example: We got lost and ended up in the next town.",beginner,en,facts_yaml,facts
qna,language_foundation,vocabulary,phrasal_verbs,"What does the phrasal verb ""figure out"" mean?","""Figure out"" is a phrasal verb meaning to understand something or find the answer to a problem by thinking. Example: I can't figure out how to open this box.",beginner,en,facts_yaml,facts
qna,language_foundation,vocabulary,phrasal_verbs,"What does the phrasal verb ""fill in"" mean?","""Fill in"" is a phrasal verb meaning to complete a form by writing information in the spaces, or to replace someone temporarily. Example: Please fill in your name and address.",beginner,en,facts_yaml,facts
qna,language_foundation,vocabulary,phrasal_verbs,"What does the phrasal verb ""get along"" mean?","""Get along"" is a phrasal verb meaning to have a friendly relationship with someone. Example: I get along well with my coworkers.",beginner,en,facts_yaml,facts
qna,language_foundation,vocabulary,phrasal_verbs,"What does the phrasal verb ""get over"" mean?","""Get over"" is a phrasal verb meaning to recover from an illness, shock, or disappointment. Example: It took her weeks to get over the flu.",intermediate,en,facts_yaml,facts
qna,language_foundation,vocabulary,phrasal_verbs,"What does the phrasal verb ""give in"" mean?","""Give in"" is a phrasal verb meaning to finally agree to something after resisting. Example: The parents gave in and bought the toy.",intermediate,en,facts_yaml,facts
qna,language_foundation,vocabulary,phrasal_verbs,"What does the phrasal verb ""go through"" mean?","""Go through"" is a phrasal verb meaning to experience something difficult, or to examine something carefully. Example: She went through a lot during her illness.",intermediate,en,facts_yaml,facts
qna,language_foundation,vocabulary,phrasal_verbs,"What does the phrasal verb ""hand in"" mean?","""Hand in"" is a phrasal verb meaning to give work or a document to someone in authority. Example: Please hand in your homework by Monday.",beginner,en,facts_yaml,facts
qna,language_foundation,vocabulary,phrasal_verbs,"What does the phrasal verb ""hold on"" mean?","""Hold on"" is a phrasal verb meaning to wait for a short time, or to grip something tightly. Example: Hold on a minute, I'll get my keys.",beginner,en,facts_yaml,facts
qna,language_foundation,vocabulary,phrasal_verbs,"What does the phrasal verb ""keep up"" mean?","""Keep up"" is a phrasal verb meaning to move or progress at the same speed as someone or something. Example: It's hard to keep up with all the changes in technology.",intermediate,en,facts_yaml,facts
qna,language_foundation,vocabulary,phrasal_verbs,"What does the phrasal verb ""let down"" mean?","""Let down"" is a phrasal verb meaning to disappoint someone by failing to do what they expected. Example: I promised to help, and I don't want to let her down.",intermediate,en,facts_yaml,facts
qna,language_foundation,vocabulary,phrasal_verbs,"What does the phrasal verb ""look forward to"" mean?","""Look forward to"" is a phrasal verb meaning to feel happy and excited about something that is going to happen. Example: I'm looking forward to the holidays.",beginner,en,facts_yaml,facts
qna,language_foundation,vocabulary,phrasal_verbs,"What does the phrasal verb ""look into"" mean?","""Look into"" is a phrasal verb meaning to investigate or examine a situation or problem. Example: The company promised to look into my complaint.",intermediate,en,facts_yaml,facts
qna,language_foundation,vocabulary,phrasal_verbs,"What does the phrasal verb ""look up to"" mean?","""Look up to"" is a phrasal verb meaning to admire and respect someone. Example: Many young players look up to her.",intermediate,en,facts_yaml,facts
qna,language_foundation,vocabulary,phrasal_verbs,"What does the phrasal verb ""make up"" mean?","""Make up"" is a phrasal verb meaning to invent a story or excuse, or to become friends again after an argument. Example: He made up an excuse for being late.",intermediate,en,facts_yaml,facts
qna,language_foundation,vocabulary,phrasal_verbs,"What does the phrasal verb ""pick up"" mean?","""Pick up"" is a phrasal verb meaning to lift something, to collect someone, or to learn something without formal study. Example: Can you pick me up from the station?",beginner,en,facts_yaml,facts
qna,language_foundation,vocabulary,phrasal_verbs,"What does the phrasal verb ""point out"" mean?","""Point out"" is a phrasal verb meaning to tell someone about a fact or draw their attention to something. Example: She pointed out a mistake in my calculations.",intermediate,en,facts_yaml,facts
qna,language_foundation,vocabulary,phrasal_verbs,"What does the phrasal verb ""put off"" mean?","""Put off"" is a phrasal verb meaning to delay doing something until later. Example: Stop putting off your homework.",intermediate,en,facts_yaml,facts
qna,language_foundation,vocabulary,phrasal_verbs,"What does the phrasal verb ""put up with"" mean?","""Put up with"" is a phrasal verb meaning to accept or tolerate something unpleasant without complaining. Example: I can't put up with this noise any longer.",intermediate,en,facts_yaml,facts
qna,language_foundation,vocabulary,phrasal_verbs,"What does the phrasal verb ""rule out"" mean?","""Rule out"" is a phrasal verb meaning to decide that something is not possible or suitable. Example: The doctor ruled out a broken bone.",intermediate,en,facts_yaml,facts
qna,language_foundation,vocabulary,phrasal_verbs,"What does the phrasal verb ""run out of"" mean?","""Run out of"" is a phrasal verb meaning to use all of something so there is none left. Example: We've run out of milk.",beginner,en,facts_yaml,facts
qna,language_foundation,vocabulary,phrasal_verbs,"What does the phrasal verb ""set up"" mean?","""Set up"" is a phrasal verb meaning to start or establish something, such as a business, or to arrange equipment. Example: They set up a small bakery in the village.",beginner,en,facts_yaml,facts
qna,language_foundation,vocabulary,phrasal_verbs,"What does the phrasal verb ""show up"" mean?","""Show up"" is a phrasal verb meaning to arrive or appear, especially when expected. Example: Only half of the guests showed up.",beginner,en,facts_yaml,facts
qna,language_foundation,vocabulary,phrasal_verbs,"What does the phrasal verb ""sort out"" mean?","""Sort out"" is a phrasal verb meaning to organize something or solve a problem. Example: We need to sort out the travel arrangements.",intermediate,en,facts_yaml,facts
qna,language_foundation,vocabulary,phrasal_verbs,"What does the phrasal verb ""stand out"" mean?","""Stand out"" is a phrasal verb meaning to be easy to see or noticeably better than others. Example: Her bright red coat made her stand out in the crowd.",intermediate,en,facts_yaml,facts
qna,language_foundation,vocabulary,phrasal_verbs,"What does the phrasal verb ""take after"" mean?","""Take after"" is a phrasal verb meaning to look or behave like an older family member. Example: He takes after his father.",intermediate,en,facts_yaml,facts
qna,language_foundation,vocabulary,phrasal_verbs,"What does the phrasal verb ""take off"" mean?","""Take off"" is a phrasal verb meaning to leave the ground and begin to fly, or to remove clothing. Example: The plane took off on time.",beginner,en,facts_yaml,facts
qna,language_foundation,vocabulary,phrasal_verbs,"What does the phrasal verb ""take over"" mean?","""Take over"" is a phrasal verb meaning to take control of something from someone else. Example: A larger company took over the business.",intermediate,en,facts_yaml,facts
qna,language_foundation,vocabulary,phrasal_verbs,"What does the phrasal verb ""think over"" mean?","""Think over"" is a phrasal verb meaning to consider something carefully before deciding. Example: Let me think it over and call you tomorrow.",intermediate,en,facts_yaml,facts
qna,language_foundation,vocabulary,phrasal_verbs,"What does the phrasal verb ""turn down"" mean?","""Turn down"" is a phrasal verb meaning to refuse an offer or request, or to reduce the volume or heat. Example: She turned down the job offer.",intermediate,en,facts_yaml,facts
qna,language_foundation,vocabulary,phrasal_verbs,"What does the phrasal verb ""turn up"" mean?","""Turn up"" is a phrasal verb meaning to arrive, often unexpectedly, or to increase the volume or heat. Example: My lost keys turned up in my coat pocket.",intermediate,en,facts_yaml,facts
qna,language_foundation,vocabulary,phrasal_verbs,"What does the phrasal verb ""wear out"" mean?","""Wear out"" is a phrasal verb meaning to use something until it is damaged, or to make someone very tired. Example: The children wore me out.",intermediate,en,facts_yaml,facts
qna,language_foundation,vocabulary,phrasal_verbs,"What does the phrasal verb ""work out"" mean?","""Work out"" is a phrasal verb meaning to exercise, to find a solution, or to develop in a successful way. Example: I work out at the gym three times a week.",beginner,en,facts_yaml,facts
qna,language_foundation,vocabulary,phrasal_verbs,"What does the phrasal verb ""bring about"" mean?","""Bring about"" is a phrasal verb meaning to cause something to happen. Example: The internet brought about huge changes in communication.",advanced,en,facts_yaml,facts
qna,language_foundation,vocabulary,phrasal_verbs,"What does the phrasal verb ""carry out"" mean?","""Carry out"" is a phrasal verb meaning to do or complete a task, plan, or instruction. Example: The scientists carried out several experiments.",intermediate,en,facts_yaml,facts
qna,language_foundation,vocabulary,phrasal_verbs,"What does the phrasal verb ""come down with"" mean?","""Come down with"" is a phrasal verb meaning to become ill with a particular disease, usually not serious. Example: I think I'm coming down with a cold.",intermediate,en,facts_yaml,facts
qna,language_foundation,vocabulary,phrasal_verbs,"What does the phrasal verb ""fall apart"" mean?","""Fall apart"" is a phrasal verb meaning to break into pieces, or to stop working effectively. Example: The old book fell apart in my hands.",intermediate,en,facts_yaml,facts
qna,language_foundation,vocabulary,phrasal_verbs,"What does the phrasal verb ""get across"" mean?","""Get across"" is a phrasal verb meaning to succeed in making someone understand an idea. Example: The teacher got her point across with a simple diagram.",advanced,en,facts_yaml,facts
qna,language_foundation,vocabulary,phrasal_verbs,"What does the phrasal verb ""look down on"" mean?","""Look down on"" is a phrasal verb meaning to think that you are better than someone. Example: He looks down on people who didn't go to university.",intermediate,en,facts_yaml,facts
qna,language_foundation,vocabulary,phrasal_verbs,"What does the phrasal verb ""make out"" mean?","""Make out"" is a phrasal verb meaning to be able to see, hear, or understand something with difficulty. Example: I couldn't make out what the sign said.",intermediate,en,facts_yaml,facts
qna,language_foundation,vocabulary,phrasal_verbs,"What does the phrasal verb ""put forward"" mean?","""Put forward"" is a phrasal verb meaning to suggest an idea or plan for others to consider. Example: She put forward a proposal to reduce costs.",advanced,en,facts_yaml,facts
qna,language_foundation,vocabulary,phrasal_verbs,"What does the phrasal verb ""stick to"" mean?","""Stick to"" is a phrasal verb meaning to continue doing or following something, such as a plan or decision. Example: Try to stick to your budget.",intermediate,en,facts_yaml,facts
qna,language_foundation,vocabulary,phrasal_verbs,"What does the phrasal verb ""take up"" mean?","""Take up"" is a phrasal verb meaning to start a new hobby or activity, or to use an amount of time or space. Example: He took up painting after he retired.",intermediate,en,facts_yaml,facts
qna,language_foundation,common_expressions,idioms,"What does the idiom ""a piece of cake"" mean?","""A piece of cake"" is an idiom meaning something very easy to do. Example: The test was a piece of cake.",beginner,en,facts_yaml,facts
qna,language_foundation,common_expressions,idioms,"What does the idiom ""break the ice"" mean?","""Break the ice"" is an idiom meaning to say or do something to make people feel more relaxed in a new or awkward situation. Example: The host told a joke to break the ice.",beginner,en,facts_yaml,facts
qna,language_foundation,common_expressions,idioms,"What does the idiom ""hit the nail on the head"" mean?","""Hit the nail on the head"" is an idiom meaning to describe exactly what is causing a situation or problem. Example: You hit the nail on the head when you said we need more time.",intermediate,en,facts_yaml,facts
qna,language_foundation,common_expressions,idioms,"What does the idiom ""under the weather"" mean?","""Under the weather"" is an idiom meaning feeling slightly ill. Example: I'm feeling a bit under the weather today.",beginner,en,facts_yaml,facts
qna,language_foundation,common_expressions,idioms,"What does the idiom ""once in a blue moon"" mean?","""Once in a blue moon"" is an idiom meaning very rarely. Example: We only eat out once in a blue moon.",beginner,en,facts_yaml,facts
qna,language_foundation,common_expressions,idioms,"What does the idiom ""spill the beans"" mean?","""Spill the beans"" is an idiom meaning to reveal secret information, often by accident. Example: Who spilled the beans about the surprise party?",beginner,en,facts_yaml,facts
qna,language_foundation,common_expressions,idioms,"What does the idiom ""cost an arm and a leg"" mean?","""Cost an arm and a leg"" is an idiom meaning to be very expensive. Example: That new phone cost an arm and a leg.",beginner,en,facts_yaml,facts
qna,language_foundation,common_expressions,idioms,"What does the idiom ""let the cat out of the bag"" mean?","""Let the cat out of the bag"" is an idiom meaning to reveal a secret carelessly or by mistake. Example: She let the cat out of the bag about their engagement.",intermediate,en,facts_yaml,facts
qna,language_foundation,common_expressions,idioms,"What does the idiom ""bite the bullet"" mean?","""Bite the bullet"" is an idiom meaning to force yourself to do something unpleasant or difficult that cannot be avoided. Example: I finally bit the bullet and went to the dentist.",intermediate,en,facts_yaml,facts
qna,language_foundation,common_expressions,idioms,"What does the idiom ""the ball is in your court"" mean?","""The ball is in your court"" is an idiom meaning it is your turn to take action or make a decision. Example: I've made my offer; now the ball is in your court.",intermediate,en,facts_yaml,facts
qna,language_foundation,common_expressions,idioms,"What does the idiom ""burn the midnight oil"" mean?","""Burn the midnight oil"" is an idiom meaning to stay up late working or studying. Example: She burned the midnight oil to finish her project.",intermediate,en,facts_yaml,facts
qna,language_foundation,common_expressions,idioms,"What does the idiom ""call it a day"" mean?","""Call it a day"" is an idiom meaning to stop working on something for the rest of the day. Example: We've done enough; let's call it a day.",beginner,en,facts_yaml,facts
qna,language_foundation,common_expressions,idioms,"What does the idiom ""cut corners"" mean?","""Cut corners"" is an idiom meaning to do something in the easiest or cheapest way, often lowering quality or ignoring rules. Example: The builders cut corners, and the roof started leaking.",intermediate,en,facts_yaml,facts
qna,language_foundation,common_expressions,idioms,"What does the idiom ""get cold feet"" mean?","""Get cold feet"" is an idiom meaning to suddenly become too nervous to do something you had planned. Example: He got cold feet just before his speech.",intermediate,en,facts_yaml,facts
qna,language_foundation,common_expressions,idioms,"What does the idiom ""hit the sack"" mean?","""Hit the sack"" is an idiom meaning to go to bed. Example: I'm exhausted, so I'm going to hit the sack.",beginner,en,facts_yaml,facts
qna,language_foundation,common_expressions,idioms,"What does the idiom ""in the same boat"" mean?","""In the same boat"" is an idiom meaning in the same difficult situation as someone else. Example: Don't worry, we're all in the same boat.",beginner,en,facts_yaml,facts
qna,language_foundation,common_expressions,idioms,"What does the idiom ""keep an eye on"" mean?","""Keep an eye on"" is an idiom meaning to watch someone or something carefully. Example: Can you keep an eye on my bag for a minute?",beginner,en,facts_yaml,facts
qna,language_foundation,common_expressions,idioms,"What does the idiom ""miss the boat"" mean?","""Miss the boat"" is an idiom meaning to lose an opportunity by being too slow to act. Example: The tickets sold out; we missed the boat.",intermediate,en,facts_yaml,facts
qna,language_foundation,common_expressions,idioms,"What does the idiom ""on the fence"" mean?","""On the fence"" is an idiom meaning undecided about something. Example: I'm still on the fence about which university to choose.",intermediate,en,facts_yaml,facts
qna,language_foundation,common_expressions,idioms,"What does the idiom ""pull someone's leg"" mean?","""Pull someone's leg"" is an idiom meaning to joke with someone by telling them something untrue. Example: Don't worry, I'm just pulling your leg.",intermediate,en,facts_yaml,facts
qna,language_foundation,common_expressions,idioms,"What does the idiom ""see eye to eye"" mean?","""See eye to eye"" is an idiom meaning to agree with someone. Example: My brother and I don't always see eye to eye.",intermediate,en,facts_yaml,facts
qna,language_foundation,common_expressions,idioms,"What does the idiom ""the last straw"" mean?","""The last straw"" is an idiom meaning the final problem in a series of problems that makes someone lose patience. Example: Being late again was the last straw for his boss.",intermediate,en,facts_yaml,facts
qna,language_foundation,common_expressions,idioms,"What does the idiom ""when pigs fly"" mean?","""When pigs fly"" is an idiom meaning used to say that something will never happen. Example: He'll clean his room when pigs fly.",beginner,en,facts_yaml,facts
qna,language_foundation,common_expressions,idioms,"What does the idiom ""beat around the bush"" mean?","""Beat around the bush"" is an idiom meaning to avoid talking about the main topic directly. Example: Stop beating around the bush and tell me what happened.",intermediate,en,facts_yaml,facts
qna,language_foundation,common_expressions,idioms,"What does the idiom ""the best of both worlds"" mean?","""The best of both worlds"" is an idiom meaning a situation in which you can enjoy the advantages of two different things at once. Example: Working from home part-time gives me the best of both worlds.",intermediate,en,facts_yaml,facts
qna,language_foundation,common_expressions,idioms,"What does the idiom ""a blessing in disguise"" mean?","""A blessing in disguise"" is an idiom meaning something that seems bad at first but turns out to be good. Example: Losing that job was a blessing in disguise.",intermediate,en,facts_yaml,facts
qna,language_foundation,common_expressions,idioms,"What does the idiom ""break a leg"" mean?","""Break a leg"" is an idiom meaning good luck, said especially to performers before they go on stage. Example: Break a leg in tonight's show!",beginner,en,facts_yaml,facts
qna,language_foundation,common_expressions,idioms,"What does the idiom ""cross that bridge when you come to it"" mean?","""Cross that bridge when you come to it"" is an idiom meaning to deal with a problem only when it actually happens, not before. Example: We'll cross that bridge when we come to it.",intermediate,en,facts_yaml,facts
qna,language_foundation,common_expressions,idioms,"What does the idiom ""every cloud has a silver lining"" mean?","""Every cloud has a silver lining"" is an idiom meaning there is something good even in a bad situation. Example: The flight was canceled, but every cloud has a silver lining: we got an extra day at the beach.",intermediate,en,facts_yaml,facts
qna,language_foundation,common_expressions,idioms,"What does the idiom ""get the ball rolling"" mean?","""Get the ball rolling"" is an idiom meaning to start an activity or process. Example: Let's get the ball rolling with a quick introduction.",beginner,en,facts_yaml,facts
qna,language_foundation,common_expressions,idioms,"What does the idiom ""go the extra mile"" mean?","""Go the extra mile"" is an idiom meaning to make more effort than is expected. Example: The staff always go the extra mile for their customers.",intermediate,en,facts_yaml,facts
qna,language_foundation,common_expressions,idioms,"What does the idiom ""hang in there"" mean?","""Hang in there"" is an idiom meaning to keep trying and not give up in a difficult situation. Example: Hang in there; the exams are almost over.",beginner,en,facts_yaml,facts
qna,language_foundation,common_expressions,idioms,"What does the idiom ""kill two birds with one stone"" mean?","""Kill two birds with one stone"" is an idiom meaning to achieve two things with a single action. Example: I killed two birds with one stone by visiting my aunt on the way to work.",intermediate,en,facts_yaml,facts
qna,language_foundation,common_expressions,idioms,"What does the idiom ""leave no stone unturned"" mean?","""Leave no stone unturned"" is an idiom meaning to try every possible way to find or achieve something. Example: The detectives left no stone unturned in their search.",advanced,en,facts_yaml,facts
qna,language_foundation,common_expressions,idioms,"What does the idiom ""on thin ice"" mean?","""On thin ice"" is an idiom meaning in a risky situation where you could easily get into trouble. Example: After arriving late twice, he's on thin ice with his manager.",intermediate,en,facts_yaml,facts
qna,language_foundation,common_expressions,idioms,"What does the idiom ""out of the blue"" mean?","""Out of the blue"" is an idiom meaning suddenly and unexpectedly. Example: She called me out of the blue after ten years.",beginner,en,facts_yaml,facts
qna,language_foundation,common_expressions,idioms,"What does the idiom ""rule of thumb"" mean?","""Rule of thumb"" is an idiom meaning a practical, general guideline based on experience rather than exact calculation. Example: As a rule of thumb, save at least ten percent of your income.",intermediate,en,facts_yaml,facts
qna,language_foundation,common_expressions,idioms,"What does the idiom ""take it with a grain of salt"" mean?","""Take it with a grain of salt"" is an idiom meaning to not completely believe something because it may not be accurate. Example: Take online reviews with a grain of salt.",intermediate,en,facts_yaml,facts
qna,language_foundation,common_expressions,idioms,"What does the idiom ""the tip of the iceberg"" mean?","""The tip of the iceberg"" is an idiom meaning a small, visible part of a much larger problem. Example: These complaints are just the tip of the iceberg.",intermediate,en,facts_yaml,facts
qna,language_foundation,common_expressions,idioms,"What does the idiom ""throw in the towel"" mean?","""Throw in the towel"" is an idiom meaning to give up or admit defeat. Example: After three failed attempts, he threw in the towel.",intermediate,en,facts_yaml,facts
qna,language_foundation,common_expressions,idioms,"What does the idiom ""back to square one"" mean?","""Back to square one"" is an idiom meaning back to the beginning, after an attempt has failed. Example: The plan failed, so we're back to square one.",beginner,en,facts_yaml,facts
qna,language_foundation,common_expressions,idioms,"What does the idiom ""barking up the wrong tree"" mean?","""Barking up the wrong tree"" is an idiom meaning looking for something in the wrong place or blaming the wrong person. Example: If you think I took your pen, you're barking up the wrong tree.",intermediate,en,facts_yaml,facts
qna,language_foundation,common_expressions,idioms,"What does the idiom ""bite off more than you can chew"" mean?","""Bite off more than you can chew"" is an idiom meaning to try to do more than you are able to manage. Example: I bit off more than I could chew by taking three extra classes.",intermediate,en,facts_yaml,facts
qna,language_foundation,common_expressions,idioms,"What does the idiom ""by the skin of your teeth"" mean?","""By the skin of your teeth"" is an idiom meaning only just; by a very small margin. Example: She passed the exam by the skin of her teeth.",advanced,en,facts_yaml,facts
qna,language_foundation,common_expressions,idioms,"What does the idiom ""cry over spilled milk"" mean?","""Cry over spilled milk"" is an idiom meaning to be upset about something that has already happened and cannot be changed. Example: It's no use crying over spilled milk; let's fix it.",intermediate,en,facts_yaml,facts
qna,language_foundation,common_expressions,idioms,"What does the idiom ""face the music"" mean?","""Face the music"" is an idiom meaning to accept the unpleasant consequences of your actions. Example: After breaking the window, he had to face the music.",advanced,en,facts_yaml,facts
qna,language_foundation,common_expressions,idioms,"What does the idiom ""get out of hand"" mean?","""Get out of hand"" is an idiom meaning to become impossible to control. Example: The party got out of hand and the neighbors complained.",beginner,en,facts_yaml,facts
qna,language_foundation,common_expressions,idioms,"What does the idiom ""give someone the benefit of the doubt"" mean?","""Give someone the benefit of the doubt"" is an idiom meaning to believe someone's explanation even though it might not be true. Example: I'll give him the benefit of the doubt this time.",intermediate,en,facts_yaml,facts
qna,language_foundation,common_expressions,idioms,"What does the idiom ""hit the ground running"" mean?","""Hit the ground running"" is an idiom meaning to start a new activity quickly and successfully. Example: The new manager hit the ground running.",intermediate,en,facts_yaml,facts
qna,language_foundation,common_expressions,idioms,"What does the idiom ""in hot water"" mean?","""In hot water"" is an idiom meaning in trouble. Example: He's in hot water for missing the deadline.",intermediate,en,facts_yaml,facts
qna,language_foundation,common_expressions,idioms,"What does the idiom ""keep your chin up"" mean?","""Keep your chin up"" is an idiom meaning to stay cheerful in a difficult situation. Example: Keep your chin up; things will get better.",beginner,en,facts_yaml,facts
qna,language_foundation,common_expressions,idioms,"What does the idiom ""a drop in the ocean"" mean?","""A drop in the ocean"" is an idiom meaning a very small amount compared with what is needed. Example: The donation was just a drop in the ocean.",intermediate,en,facts_yaml,facts
qna,language_foundation,common_expressions,idioms,"What does the idiom ""let sleeping dogs lie"" mean?","""Let sleeping dogs lie"" is an idiom meaning to avoid bringing up an old problem that could cause trouble again. Example: I decided to let sleeping dogs lie and not mention the argument.",advanced,en,facts_yaml,facts
qna,language_foundation,common_expressions,idioms,"What does the idiom ""no pain, no gain"" mean?","""No pain, no gain"" is an idiom meaning you have to work hard or suffer to achieve something. Example: Training is tough, but no pain, no gain.",beginner,en,facts_yaml,facts
qna,language_foundation,common_expressions,idioms,"What does the idiom ""on the ball"" mean?","""On the ball"" is an idiom meaning quick to understand and react; alert and competent. Example: Our new assistant is really on the ball.",intermediate,en,facts_yaml,facts
qna,language_foundation,common_expressions,idioms,"What does the idiom ""over the moon"" mean?","""Over the moon"" is an idiom meaning extremely happy. Example: She was over the moon about her exam results.",beginner,en,facts_yaml,facts
qna,language_foundation,common_expressions,idioms,"What does the idiom ""play it by ear"" mean?","""Play it by ear"" is an idiom meaning to decide how to act as a situation develops, rather than planning in advance. Example: We don't have a plan for tomorrow; let's play it by ear.",intermediate,en,facts_yaml,facts
qna,language_foundation,common_expressions,idioms,"What does the idiom ""put all your eggs in one basket"" mean?","""Put all your eggs in one basket"" is an idiom meaning to rely entirely on one plan or thing, risking losing everything if it fails. Example: Don't put all your eggs in one basket; apply to several colleges.",advanced,en,facts_yaml,facts
qna,language_foundation,common_expressions,idioms,"What does the idiom ""take a rain check"" mean?","""Take a rain check"" is an idiom meaning to politely decline an offer now while suggesting you would accept it later. Example: I can't come tonight, but can I take a rain check?",intermediate,en,facts_yaml,facts
qna,language_foundation,common_expressions,idioms,"What does the idiom ""speak of the devil"" mean?","""Speak of the devil"" is an idiom meaning said when the person you were just talking about appears. Example: Speak of the devil, here comes John now.",beginner,en,facts_yaml,facts
qna,language_foundation,common_expressions,idioms,"What does the idiom ""steal someone's thunder"" mean?","""Steal someone's thunder"" is an idiom meaning to take attention or credit away from someone else. Example: She stole my thunder by announcing her news first.",advanced,en,facts_yaml,facts
qna,language_foundation,common_expressions,idioms,"What does the idiom ""the elephant in the room"" mean?","""The elephant in the room"" is an idiom meaning an obvious problem that everyone knows about but avoids discussing. Example: The budget cut was the elephant in the room at the meeting.",intermediate,en,facts_yaml,facts
qna,language_foundation,common_expressions,idioms,"What does the idiom ""think outside the box"" mean?","""Think outside the box"" is an idiom meaning to think creatively and in new ways. Example: We need to think outside the box to solve this.",beginner,en,facts_yaml,facts
qna,language_foundation,common_expressions,idioms,"What does the idiom ""time flies"" mean?","""Time flies"" is an idiom meaning time seems to pass very quickly. Example: Time flies when you're having fun.",beginner,en,facts_yaml,facts
qna,language_foundation,common_expressions,idioms,"What does the idiom ""up in the air"" mean?","""Up in the air"" is an idiom meaning uncertain or not yet decided. Example: Our holiday plans are still up in the air.",intermediate,en,facts_yaml,facts
qna,language_foundation,common_expressions,idioms,"What does the idiom ""wrap your head around"" mean?","""Wrap your head around"" is an idiom meaning to manage to understand something difficult or surprising. Example: I can't wrap my head around how big the universe is.",intermediate,en,facts_yaml,facts
qna,language_foundation,common_expressions,idioms,"What does the idiom ""actions speak louder than words"" mean?","""Actions speak louder than words"" is an idiom meaning what people do is more important than what they say. Example: He promised to help, but actions speak louder than words.",beginner,en,facts_yaml,facts
qna,language_foundation,common_expressions,idioms,"What does the idiom ""add insult to injury"" mean?","""Add insult to injury"" is an idiom meaning to make a bad situation even worse. Example: To add insult to injury, it started raining after my car broke down.",intermediate,en,facts_yaml,facts
qna,language_foundation,common_expressions,idioms,"What does the idiom ""a penny for your thoughts"" mean?","""A penny for your thoughts"" is an idiom meaning a way of asking someone what they are thinking about. Example: You look quiet; a penny for your thoughts?",beginner,en,facts_yaml,facts
qna,language_foundation,common_expressions,idioms,"What does the idiom ""back to the drawing board"" mean?","""Back to the drawing board"" is an idiom meaning to start planning again because the previous attempt failed. Example: The design didn't work, so it's back to the drawing board.",intermediate,en,facts_yaml,facts
qna,language_foundation,common_expressions,idioms,"What does the idiom ""easier said than done"" mean?","""Easier said than done"" is an idiom meaning more difficult to do than to talk about. Example: Quitting sugar is easier said than done.",beginner,en,facts_yaml,facts
qna,language_foundation,vocabulary,common_words,"What does the word ""borrow"" mean?","""Borrow"" is a verb meaning to take and use something that belongs to someone else, intending to give it back. Example: Can I borrow your pen for a moment?",beginner,en,facts_yaml,facts
qna,language_foundation,vocabulary,common_words,"What does the word ""lend"" mean?","""Lend"" is a verb meaning to give something to someone for a period of time, expecting it to be returned. Example: Could you lend me ten dollars until tomorrow?",beginner,en,facts_yaml,facts
qna,language_foundation,vocabulary,common_words,"What does the word ""afford"" mean?","""Afford"" is a verb meaning to have enough money or time to be able to do or buy something. Example: We can't afford a new car this year.",beginner,en,facts_yaml,facts
qna,language_foundation,vocabulary,common_words,"What does the word ""arrange"" mean?","""Arrange"" is a verb meaning to plan or organize something, or to put things in a particular order. Example: She arranged a meeting for Monday morning.",beginner,en,facts_yaml,facts
qna,language_foundation,vocabulary,common_words,"What does the word ""attempt"" mean?","""Attempt"" is a verb meaning to try to do something, especially something difficult. Example: He attempted to climb the mountain alone.",beginner,en,facts_yaml,facts
qna,language_foundation,vocabulary,common_words,"What does the word ""belong"" mean?","""Belong"" is a verb meaning to be owned by someone, or to be a member of a group or in the right place. Example: This umbrella belongs to my sister.",beginner,en,facts_yaml,facts
qna,language_foundation,vocabulary,common_words,"What does the word ""complain"" mean?","""Complain"" is a verb meaning to say that you are unhappy or not satisfied with something. Example: The guests complained about the cold room.",beginner,en,facts_yaml,facts
qna,language_foundation,vocabulary,common_words,"What does the word ""compare"" mean?","""Compare"" is a verb meaning to examine two or more things to see how they are similar or different. Example: Compare the prices before you buy.",beginner,en,facts_yaml,facts
qna,language_foundation,vocabulary,common_words,"What does the word ""celebrate"" mean?","""Celebrate"" is a verb meaning to do something enjoyable because of a special occasion or success. Example: We celebrated her birthday with a picnic.",beginner,en,facts_yaml,facts
qna,language_foundation,vocabulary,common_words,"What does the word ""deliver"" mean?","""Deliver"" is a verb meaning to take goods, letters, or packages to a place or person. Example: The package will be delivered tomorrow.",beginner,en,facts_yaml,facts
qna,language_foundation,vocabulary,common_words,"What does the word ""encourage"" mean?","""Encourage"" is a verb meaning to give someone support, confidence, or hope to do something. Example: My teacher encouraged me to enter the competition.",beginner,en,facts_yaml,facts
qna,language_foundation,vocabulary,common_words,"What does the word ""estimate"" mean?","""Estimate"" is a verb meaning to roughly calculate or judge the size, value, or cost of something. Example: They estimated the repairs would take a week.",beginner,en,facts_yaml,facts
qna,language_foundation,vocabulary,common_words,"What does the word ""improve"" mean?","""Improve"" is a verb meaning to make something better or to become better. Example: Reading every day will improve your vocabulary.",beginner,en,facts_yaml,facts
qna,language_foundation,vocabulary,common_words,"What does the word ""involve"" mean?","""Involve"" is a verb meaning to include something as a necessary part, or to make someone take part. Example: The job involves a lot of travel.",beginner,en,facts_yaml,facts
qna,language_foundation,vocabulary,common_words,"What does the word ""mention"" mean?","""Mention"" is a verb meaning to speak or write about something briefly. Example: She mentioned that she was moving to London.",beginner,en,facts_yaml,facts
qna,language_foundation,vocabulary,common_words,"What does the word ""prefer"" mean?","""Prefer"" is a verb meaning to like one thing or person more than another. Example: I prefer tea to coffee.",beginner,en,facts_yaml,facts
qna,language_foundation,vocabulary,common_words,"What does the word ""prepare"" mean?","""Prepare"" is a verb meaning to make something ready, or to get ready for something. Example: We need to prepare for the exam.",beginner,en,facts_yaml,facts
qna,language_foundation,vocabulary,common_words,"What does the word ""protect"" mean?","""Protect"" is a verb meaning to keep someone or something safe from harm or damage. Example: Sunscreen protects your skin from the sun.",beginner,en,facts_yaml,facts
qna,language_foundation,vocabulary,common_words,"What does the word ""rely"" mean?","""Rely"" is a verb meaning to depend on someone or something for help or support. Example: Many people rely on public transport to get to work.",beginner,en,facts_yaml,facts
qna,language_foundation,vocabulary,common_words,"What does the word ""remind"" mean?","""Remind"" is a verb meaning to help someone remember something. Example: Please remind me to call my mother.",beginner,en,facts_yaml,facts
qna,language_foundation,vocabulary,common_words,"What does the word ""replace"" mean?","""Replace"" is a verb meaning to put something new in the place of something old, broken, or missing. Example: I need to replace the batteries in the remote.",beginner,en,facts_yaml,facts
qna,language_foundation,vocabulary,common_words,"What does the word ""require"" mean?","""Require"" is a verb meaning to need something, or to officially demand that something be done. Example: This recipe requires three eggs.",intermediate,en,facts_yaml,facts
qna,language_foundation,vocabulary,common_words,"What does the word ""respond"" mean?","""Respond"" is a verb meaning to say or do something as a reaction to something. Example: She hasn't responded to my message yet.",intermediate,en,facts_yaml,facts
qna,language_foundation,vocabulary,common_words,"What does the word ""suggest"" mean?","""Suggest"" is a verb meaning to mention an idea or plan for someone to consider. Example: I suggest we leave early to avoid traffic.",beginner,en,facts_yaml,facts
qna,language_foundation,vocabulary,common_words,"What does the word ""available"" mean?","""Available"" is an adjective meaning able to be obtained, used, or reached. Example: Tickets are available online.",beginner,en,facts_yaml,facts
qna,language_foundation,vocabulary,common_words,"What does the word ""familiar"" mean?","""Familiar"" is an adjective meaning well known to you, or often seen or heard. Example: Her face looks familiar.",beginner,en,facts_yaml,facts
qna,language_foundation,vocabulary,common_words,"What does the word ""obvious"" mean?","""Obvious"" is an adjective meaning easy to see, notice, or understand. Example: It was obvious that he was tired.",beginner,en,facts_yaml,facts
qna,language_foundation,vocabulary,common_words,"What does the word ""efficient"" mean?","""Efficient"" is an adjective meaning working well and quickly without wasting time, energy, or resources. Example: The new heater is more efficient than the old one.",intermediate,en,facts_yaml,facts
qna,language_foundation,vocabulary,common_words,"What does the word ""flexible"" mean?","""Flexible"" is an adjective meaning able to bend easily, or able to change to suit new conditions. Example: My job has flexible working hours.",beginner,en,facts_yaml,facts
qna,language_foundation,vocabulary,common_words,"What does the word ""temporary"" mean?","""Temporary"" is an adjective meaning lasting for only a limited time. Example: She found a temporary job for the summer.",beginner,en,facts_yaml,facts
qna,language_foundation,vocabulary,common_words,"What does the word ""permanent"" mean?","""Permanent"" is an adjective meaning lasting for a very long time or forever. Example: They are looking for a permanent home.",beginner,en,facts_yaml,facts
qna,language_foundation,vocabulary,common_words,"What does the word ""rare"" mean?","""Rare"" is an adjective meaning not happening or found very often. Example: This bird is very rare in Europe.",beginner,en,facts_yaml,facts
